주차장코드,주차장명,주소,주차장 종류,주차장 종류명,운영구분,운영구분명,전화번호,주차현황 정보 제공여부,주차현황 정보 제공여부명,총 주차면,유무료구분,유무료구분명,야간무료개방여부,야간무료개방여부명,평일 운영 시작시각(HHMM),평일 운영 종료시각(HHMM),주말 운영 시작시각(HHMM),주말 운영 종료시각(HHMM),공휴일 운영 시작시각(HHMM),공휴일 운영 종료시각(HHMM),최종데이터 동기화 시간,"토요일 유,무료 구분","토요일 유,무료 구분명","공휴일 유,무료 구분","공휴일 유,무료 구분명",월 정기권 금액,노상 주차장 관리그룹번호,기본 주차 요금,기본 주차 시간(분 단위),추가 단위 요금,추가 단위 시간(분 단위),버스 기본 주차 요금,버스 기본 주차 시간(분 단위),버스 추가 단위 시간(분 단위),버스 추가 단위 요금,일 최대 요금,위도,경도
1013181,마장동(건물) 공영주차장(구),성동구 마장동 463-2,NW,노외 주차장,1,시간제 주차장,02-2204-7970,1,현재~20분이내 연계데이터 존재(현재 주차대수 표현),52,Y,유료,N,야간 미개방,0000,2400,0000,2400,0000,2400,2023-06-28 13:25,N,무료,N,무료,20000,,50,5,,,0,0,0,0,,,
1025695,영등포여고 공영(구),영등포구 신길동 184-3,NW,노외 주차장,1,시간제 주차장,02-2677-1401,1,현재~20분이내 연계데이터 존재(현재 주차대수 표현),98,Y,유료,N,야간 미개방,0000,2400,0000,2400,0000,2400,2023-06-30 15:53,N,무료,N,무료,65000,,50,5,50,5,0,0,0,0,0,,
1025696,당산근린공원 공영(구),영등포구 당산동3가 385-0,NW,노외 주차장,1,시간제 주차장,02-2677-1401,0,미연계중,190,Y,유료,N,야간 미개방,0000,2400,0000,2400,0000,2400,2023-06-30 15:22,N,무료,N,무료,100000,,150,5,150,5,0,0,0,0,0,,
1025697,대림운동장(구),영등포구 대림동 780-0,NW,노외 주차장,1,시간제 주차장,02-2677-1401,1,현재~20분이내 연계데이터 존재(현재 주차대수 표현),192,Y,유료,N,야간 미개방,0000,2400,0000,2400,0000,2400,2023-06-30 15:39,N,무료,N,무료,65000,,50,5,50,5,0,0,0,0,,,
1032247,은평평화공원지하 공영주차장(구),은평구 녹번동 153-1,NW,노외 주차장,1,시간제 주차장,02-350-5183,1,현재~20분이내 연계데이터 존재(현재 주차대수 표현),66,Y,유료,N,야간 미개방,0000,2400,0000,2400,0000,2400,2025-06-19 18:25,N,무료,N,무료,120000,,150,5,150,5,0,0,0,0,,,
1033125,압구정 428 공영주차장(구),강남구 압구정동 428-0,NW,노외 주차장,1,시간제 주차장,02-2176-0971,1,현재~20분이내 연계데이터 존재(현재 주차대수 표현),344,Y,유료,N,야간 미개방,0900,2100,0900,2100,0900,2100,2020-07-07 18:25,N,무료,N,무료,200000,,400,5,400,5,0,0,0,0,,,
1033754,포이초교 공영주차장(구),강남구 개포동 1273-0,NW,노외 주차장,1,시간제 주차장,02-3423-6403,1,현재~20분이내 연계데이터 존재(현재 주차대수 표현),189,Y,유료,N,야간 미개방,0000,2400,0000,2400,0000,2400,2020-07-08 18:09,N,무료,N,무료,120000,,200,5,200,5,0,0,0,0,,,
1037932,구로디지털단지역 공영주차장(시),구로구 구로동 810-3,NW,노외 주차장,1,시간제 주차장,02-2290-6034,1,현재~20분이내 연계데이터 존재(현재 주차대수 표현),91,Y,유료,N,야간 미개방,0000,2400,0000,2400,0000,2400,2026-04-06 17:19,N,무료,N,무료,168000,,320,5,320,5,0,0,0,0,0,37.48543179,126.9012433
1040225,논현로22길(구),강남구 개포동 1266-0,NW,노외 주차장,1,시간제 주차장,02-3423-6403,1,현재~20분이내 연계데이터 존재(현재 주차대수 표현),86,Y,유료,N,야간 미개방,0000,2400,0000,2400,0000,2400,2024-08-27 19:06,N,무료,N,무료,120000,,200,5,200,5,0,0,0,0,,,
1041839,신당동 공영주차장(구),중구 신당동 300-6,NW,노외 주차장,1,시간제 주차장,02-2280-8360,1,현재~20분이내 연계데이터 존재(현재 주차대수 표현),75,Y,유료,N,야간 미개방,0000,2400,0000,2400,0000,2400,2025-05-13 16:45,N,무료,N,무료,175000,,250,5,250,5,0,0,0,0,0,,
1041840,남산동 공영주차장(구),중구 남산동2가 30-4,NW,노외 주차장,1,시간제 주차장,02-2280-8360,2,20~120분이내 연계데이터 존재(정보수집중),48,Y,유료,N,야간 미개방,0000,2400,0000,2400,0000,2400,2025-05-13 16:43,N,무료,N,무료,240000,,300,5,300,5,0,0,0,0,0,,
1042402,역삼1문화센터 공영주차장(구),강남구 역삼동 829-20,NW,노외 주차장,1,시간제 주차장,02-3423-6403,1,현재~20분이내 연계데이터 존재(현재 주차대수 표현),115,Y,유료,N,야간 미개방,0000,2400,0000,2400,0000,2400,2020-07-07 18:15,N,무료,N,무료,280000,,400,5,400,5,0,0,0,0,,,
1042405,언북초교 공영주차장(구),강남구 청담동 27-0,NW,노외 주차장,1,시간제 주차장,02-3423-6403,1,현재~20분이내 연계데이터 존재(현재 주차대수 표현),220,Y,유료,N,야간 미개방,0000,2400,0000,2400,0000,2400,2020-07-08 10:55,N,무료,N,무료,180000,,300,5,300,5,0,0,0,0,,,
1042406,삼성1문화센터 공영주차장(구),강남구 삼성동 161-2,NW,노외 주차장,1,시간제 주차장,02-3423-6403,1,현재~20분이내 연계데이터 존재(현재 주차대수 표현),68,Y,유료,N,야간 미개방,0000,2400,0000,2400,0000,2400,2020-07-07 18:19,N,무료,N,무료,280000,,400,5,400,5,0,0,0,0,,,
1042410,논현초교 공영주차장(구),강남구 논현동 168-0,NW,노외 주차장,1,시간제 주차장,02-3423-6403,1,현재~20분이내 연계데이터 존재(현재 주차대수 표현),186,Y,유료,N,야간 미개방,0000,2400,0000,2400,0000,2400,2020-07-08 11:14,N,무료,N,무료,180000,,300,5,300,5,0,0,0,0,,,
1042421,언주초 공영주차장(구),강남구 도곡동 922-0,NW,노외 주차장,1,시간제 주차장,02-3423-6403,1,현재~20분이내 연계데이터 존재(현재 주차대수 표현),203,Y,유료,N,야간 미개방,0000,2400,0000,2400,0000,2400,2020-07-08 18:22,N,무료,N,무료,120000,,200,5,200,5,0,0,0,0,,,
1051043,구파발역 공영주차장(시),은평구 진관동 70-1,NW,노외 주차장,1,시간제 주차장,02-2290-6088,1,현재~20분이내 연계데이터 존재(현재 주차대수 표현),399,Y,유료,N,야간 미개방,0000,2400,0000,2400,0000,2400,2026-04-08 18:04,N,무료,N,무료,109000,,240,5,240,5,0,0,0,0,0,37.638209,126.918987
1052723,살곶이(평면) 공영주차장(구),성동구 사근동 104-0,NW,노외 주차장,1,시간제 주차장,02-2204-7970,1,현재~20분이내 연계데이터 존재(현재 주차대수 표현),203,Y,유료,N,야간 미개방,0000,2400,0000,2400,0000,2400,2025-02-13 16:03,N,무료,N,무료,,,50,5,,,0,0,0,0,,,
1052741,마장축산물시장(건물) 공영주차장(구),성동구 마장동 525-1,NW,노외 주차장,1,시간제 주차장,02-2204-7970,2,20~120분이내 연계데이터 존재(정보수집중),107,Y,유료,N,야간 미개방,0000,2400,0000,2400,0000,2400,2023-06-28 13:29,N,무료,N,무료,30000,,250,5,,,0,0,0,0,,,
1053712,볏골공원 지하공영주차장(구),강서구 화곡동 98-99,NW,노외 주차장,3,시간제 + 거주자 주차장,02-2065-1575,0,미연계중,219,Y,유료,N,야간 미개방,0000,2400,0000,2400,0000,2400,2025-07-16 10:52,N,무료,N,무료,60000,,100,5,100,5,0,0,0,0,,,
1140909,잠원동 방음언덕형 공영주차장(구),서초구 잠원동 10-33,NW,노외 주차장,1,시간제 주차장,070-7119-3701,1,현재~20분이내 연계데이터 존재(현재 주차대수 표현),92,Y,유료,N,야간 미개방,0000,2400,0000,2400,0000,2400,2026-06-17 17:32,N,무료,N,무료,120000,,150,5,150,5,0,0,0,0,0,,
1140911,반포서래 공영주차장(구),서초구 반포동 95-13,NW,노외 주차장,1,시간제 주차장,02-1588-5783,1,현재~20분이내 연계데이터 존재(현재 주차대수 표현),7,Y,유료,N,야간 미개방,0000,2400,0000,2400,0000,2400,2026-06-12 18:25,N,무료,N,무료,,,150,5,150,5,0,0,0,0,,,
1163833,봉천복개3 공영주차장(시),관악구 신림동 1467-3,NS,노상 주차장,1,시간제 주차장,,1,현재~20분이내 연계데이터 존재(현재 주차대수 표현),1,Y,유료,N,야간 미개방,0900,1900,0900,1500,0000,0000,2026-04-07 11:09,N,무료,Y,유료,162000,1.16201E+12,220,5,220,5,0,0,0,0,,37.48964379,126.9259545
1163833,봉천복개3 공영주차장(시),관악구 신림동 1467-3,NS,노상 주차장,1,시간제 주차장,,1,현재~20분이내 연계데이터 존재(현재 주차대수 표현),1,Y,유료,N,야간 미개방,0900,1900,0900,1500,0000,0000,2026-04-07 11:09,N,무료,Y,유료,162000,1.16201E+12,220,5,220,5,0,0,0,0,,37.48968198,126.9256947
1163833,봉천복개3 공영주차장(시),관악구 신림동 1467-3,NS,노상 주차장,1,시간제 주차장,,1,현재~20분이내 연계데이터 존재(현재 주차대수 표현),1,Y,유료,N,야간 미개방,0900,1900,0900,1500,0000,0000,2026-04-07 11:09,N,무료,Y,유료,162000,1.16201E+12,220,5,220,5,0,0,0,0,,37.48773442,126.9312163
1163833,봉천복개3 공영주차장(시),관악구 신림동 1467-3,NS,노상 주차장,1,시간제 주차장,,1,현재~20분이내 연계데이터 존재(현재 주차대수 표현),1,Y,유료,N,야간 미개방,0900,1900,0900,1500,0000,0000,2026-04-07 11:09,N,무료,Y,유료,162000,1.16201E+12,220,5,220,5,0,0,0,0,,37.48804535,126.9314412
1163833,봉천복개3 공영주차장(시),관악구 신림동 1467-3,NS,노상 주차장,1,시간제 주차장,,1,현재~20분이내 연계데이터 존재(현재 주차대수 표현),1,Y,유료,N,야간 미개방,0900,1900,0900,1500,0000,0000,2026-04-07 11:09,N,무료,Y,유료,162000,1.16201E+12,220,5,220,5,0,0,0,0,,37.48809036,126.9313431
1163833,봉천복개3 공영주차장(시),관악구 신림동 1467-3,NS,노상 주차장,1,시간제 주차장,,1,현재~20분이내 연계데이터 존재(현재 주차대수 표현),1,Y,유료,N,야간 미개방,0900,1900,0900,1500,0000,0000,2026-04-07 11:09,N,무료,Y,유료,162000,1.16201E+12,220,5,220,5,0,0,0,0,,37.48695963,126.9329544
1163833,봉천복개3 공영주차장(시),관악구 신림동 1467-3,NS,노상 주차장,1,시간제 주차장,,1,현재~20분이내 연계데이터 존재(현재 주차대수 표현),1,Y,유료,N,야간 미개방,0900,1900,0900,1500,0000,0000,2026-04-07 11:09,N,무료,Y,유료,162000,1.16201E+12,220,5,220,5,0,0,0,0,,37.48685341,126.9331906
1163833,봉천복개3 공영주차장(시),관악구 신림동 1467-3,NS,노상 주차장,1,시간제 주차장,,1,현재~20분이내 연계데이터 존재(현재 주차대수 표현),1,Y,유료,N,야간 미개방,0900,1900,0900,1500,0000,0000,2026-04-07 11:09,N,무료,Y,유료,162000,1.16201E+12,220,5,220,5,0,0,0,0,,37.48800038,126.9315393
1163833,봉천복개3 공영주차장(시),관악구 신림동 1467-3,NS,노상 주차장,1,시간제 주차장,,1,현재~20분이내 연계데이터 존재(현재 주차대수 표현),1,Y,유료,N,야간 미개방,0900,1900,0900,1500,0000,0000,2026-04-07 11:09,N,무료,Y,유료,162000,1.16201E+12,220,5,220,5,0,0,0,0,,37.48968909,126.9256334
1163833,봉천복개3 공영주차장(시),관악구 신림동 1467-3,NS,노상 주차장,1,시간제 주차장,,1,현재~20분이내 연계데이터 존재(현재 주차대수 표현),1,Y,유료,N,야간 미개방,0900,1900,0900,1500,0000,0000,2026-04-07 11:09,N,무료,Y,유료,162000,1.16201E+12,220,5,220,5,0,0,0,0,,37.48756582,126.9315934
1163833,봉천복개3 공영주차장(시),관악구 신림동 1467-3,NS,노상 주차장,1,시간제 주차장,,1,현재~20분이내 연계데이터 존재(현재 주차대수 표현),1,Y,유료,N,야간 미개방,0900,1900,0900,1500,0000,0000,2026-04-07 11:09,N,무료,Y,유료,162000,1.16201E+12,220,5,220,5,0,0,0,0,,37.48687558,126.9331415
1163833,봉천복개3 공영주차장(시),관악구 신림동 1467-3,NS,노상 주차장,1,시간제 주차장,,1,현재~20분이내 연계데이터 존재(현재 주차대수 표현),1,Y,유료,N,야간 미개방,0900,1900,0900,1500,0000,0000,2026-04-07 11:09,N,무료,Y,유료,162000,1.16201E+12,220,5,220,5,0,0,0,0,,37.48895446,126.9294606
1163833,봉천복개3 공영주차장(시),관악구 신림동 1467-3,NS,노상 주차장,1,시간제 주차장,,1,현재~20분이내 연계데이터 존재(현재 주차대수 표현),1,Y,유료,N,야간 미개방,0900,1900,0900,1500,0000,0000,2026-04-07 11:09,N,무료,Y,유료,162000,1.16201E+12,220,5,220,5,0,0,0,0,,37.4884149,126.9306418
1163833,봉천복개3 공영주차장(시),관악구 신림동 1467-3,NS,노상 주차장,1,시간제 주차장,,1,현재~20분이내 연계데이터 존재(현재 주차대수 표현),1,Y,유료,N,야간 미개방,0900,1900,0900,1500,0000,0000,2026-04-07 11:09,N,무료,Y,유료,162000,1.16201E+12,220,5,220,5,0,0,0,0,,37.48758782,126.9315441
1163833,봉천복개3 공영주차장(시),관악구 신림동 1467-3,NS,노상 주차장,1,시간제 주차장,,1,현재~20분이내 연계데이터 존재(현재 주차대수 표현),1,Y,유료,N,야간 미개방,0900,1900,0900,1500,0000,0000,2026-04-07 11:09,N,무료,Y,유료,162000,1.16201E+12,220,5,220,5,0,0,0,0,,37.48893304,126.92951
1163833,봉천복개3 공영주차장(시),관악구 신림동 1467-3,NS,노상 주차장,1,시간제 주차장,,1,현재~20분이내 연계데이터 존재(현재 주차대수 표현),1,Y,유료,N,야간 미개방,0900,1900,0900,1500,0000,0000,2026-04-07 11:09,N,무료,Y,유료,162000,1.16201E+12,220,5,220,5,0,0,0,0,,37.48806796,126.9313923
1163833,봉천복개3 공영주차장(시),관악구 신림동 1467-3,NS,노상 주차장,1,시간제 주차장,,1,현재~20분이내 연계데이터 존재(현재 주차대수 표현),1,Y,유료,N,야간 미개방,0900,1900,0900,1500,0000,0000,2026-04-07 11:09,N,무료,Y,유료,162000,1.16201E+12,220,5,220,5,0,0,0,0,,37.48877237,126.9298501
1163833,봉천복개3 공영주차장(시),관악구 신림동 1467-3,NS,노상 주차장,1,시간제 주차장,,1,현재~20분이내 연계데이터 존재(현재 주차대수 표현),1,Y,유료,N,야간 미개방,0900,1900,0900,1500,0000,0000,2026-04-07 11:09,N,무료,Y,유료,162000,1.16201E+12,220,5,220,5,0,0,0,0,,37.48843885,126.9305924
1163833,봉천복개3 공영주차장(시),관악구 신림동 1467-3,NS,노상 주차장,1,시간제 주차장,,1,현재~20분이내 연계데이터 존재(현재 주차대수 표현),1,Y,유료,N,야간 미개방,0900,1900,0900,1500,0000,0000,2026-04-07 11:09,N,무료,Y,유료,162000,1.16201E+12,220,5,220,5,0,0,0,0,,37.48741271,126.9328983
1163833,봉천복개3 공영주차장(시),관악구 신림동 1467-3,NS,노상 주차장,1,시간제 주차장,,1,현재~20분이내 연계데이터 존재(현재 주차대수 표현),1,Y,유료,N,야간 미개방,0900,1900,0900,1500,0000,0000,2026-04-07 11:09,N,무료,Y,유료,162000,1.16201E+12,220,5,220,5,0,0,0,0,,37.48811293,126.9312942
1163833,봉천복개3 공영주차장(시),관악구 신림동 1467-3,NS,노상 주차장,1,시간제 주차장,,1,현재~20분이내 연계데이터 존재(현재 주차대수 표현),1,Y,유료,N,야간 미개방,0900,1900,0900,1500,0000,0000,2026-04-07 11:09,N,무료,Y,유료,162000,1.16201E+12,220,5,220,5,0,0,0,0,,37.48881637,126.9297514
1163833,봉천복개3 공영주차장(시),관악구 신림동 1467-3,NS,노상 주차장,1,시간제 주차장,,1,현재~20분이내 연계데이터 존재(현재 주차대수 표현),1,Y,유료,N,야간 미개방,0900,1900,0900,1500,0000,0000,2026-04-07 11:09,N,무료,Y,유료,162000,1.16201E+12,220,5,220,5,0,0,0,0,,37.48750347,126.9326947
1163833,봉천복개3 공영주차장(시),관악구 신림동 1467-3,NS,노상 주차장,1,시간제 주차장,,1,현재~20분이내 연계데이터 존재(현재 주차대수 표현),1,Y,유료,N,야간 미개방,0900,1900,0900,1500,0000,0000,2026-04-07 11:09,N,무료,Y,유료,162000,1.16201E+12,220,5,220,5,0,0,0,0,,37.48848513,126.9304936
1163833,봉천복개3 공영주차장(시),관악구 신림동 1467-3,NS,노상 주차장,1,시간제 주차장,,1,현재~20분이내 연계데이터 존재(현재 주차대수 표현),1,Y,유료,N,야간 미개방,0900,1900,0900,1500,0000,0000,2026-04-07 11:09,N,무료,Y,유료,162000,1.16201E+12,220,5,220,5,0,0,0,0,,37.48719836,126.9324243
1163833,봉천복개3 공영주차장(시),관악구 신림동 1467-3,NS,노상 주차장,1,시간제 주차장,,1,현재~20분이내 연계데이터 존재(현재 주차대수 표현),1,Y,유료,N,야간 미개방,0900,1900,0900,1500,0000,0000,2026-04-07 11:09,N,무료,Y,유료,162000,1.16201E+12,220,5,220,5,0,0,0,0,,37.48794759,126.9307471
1163833,봉천복개3 공영주차장(시),관악구 신림동 1467-3,NS,노상 주차장,1,시간제 주차장,,1,현재~20분이내 연계데이터 존재(현재 주차대수 표현),1,Y,유료,N,야간 미개방,0900,1900,0900,1500,0000,0000,2026-04-07 11:09,N,무료,Y,유료,162000,1.16201E+12,220,5,220,5,0,0,0,0,,37.48745265,126.9318469
1163833,봉천복개3 공영주차장(시),관악구 신림동 1467-3,NS,노상 주차장,1,시간제 주차장,,1,현재~20분이내 연계데이터 존재(현재 주차대수 표현),1,Y,유료,N,야간 미개방,0900,1900,0900,1500,0000,0000,2026-04-07 11:09,N,무료,Y,유료,162000,1.16201E+12,220,5,220,5,0,0,0,0,,37.48802277,126.9314901
1163833,봉천복개3 공영주차장(시),관악구 신림동 1467-3,NS,노상 주차장,1,시간제 주차장,,1,현재~20분이내 연계데이터 존재(현재 주차대수 표현),1,Y,유료,N,야간 미개방,0900,1900,0900,1500,0000,0000,2026-04-07 11:09,N,무료,Y,유료,162000,1.16201E+12,220,5,220,5,0,0,0,0,,37.48962361,126.9260862
1163833,봉천복개3 공영주차장(시),관악구 신림동 1467-3,NS,노상 주차장,1,시간제 주차장,,1,현재~20분이내 연계데이터 존재(현재 주차대수 표현),1,Y,유료,N,야간 미개방,0900,1900,0900,1500,0000,0000,2026-04-07 11:09,N,무료,Y,유료,162000,1.16201E+12,220,5,220,5,0,0,0,0,,37.48767029,126.9313598
1163833,봉천복개3 공영주차장(시),관악구 신림동 1467-3,NS,노상 주차장,1,시간제 주차장,,1,현재~20분이내 연계데이터 존재(현재 주차대수 표현),1,Y,유료,N,야간 미개방,0900,1900,0900,1500,0000,0000,2026-04-07 11:09,N,무료,Y,유료,162000,1.16201E+12,220,5,220,5,0,0,0,0,,37.4884613,126.930543
1163833,봉천복개3 공영주차장(시),관악구 신림동 1467-3,NS,노상 주차장,1,시간제 주차장,,1,현재~20분이내 연계데이터 존재(현재 주차대수 표현),1,Y,유료,N,야간 미개방,0900,1900,0900,1500,0000,0000,2026-04-07 11:09,N,무료,Y,유료,162000,1.16201E+12,220,5,220,5,0,0,0,0,,37.48953571,126.9265709
1163833,봉천복개3 공영주차장(시),관악구 신림동 1467-3,NS,노상 주차장,1,시간제 주차장,,1,현재~20분이내 연계데이터 존재(현재 주차대수 표현),1,Y,유료,N,야간 미개방,0900,1900,0900,1500,0000,0000,2026-04-07 11:09,N,무료,Y,유료,162000,1.16201E+12,220,5,220,5,0,0,0,0,,37.48904612,126.9292571
1163833,봉천복개3 공영주차장(시),관악구 신림동 1467-3,NS,노상 주차장,1,시간제 주차장,,1,현재~20분이내 연계데이터 존재(현재 주차대수 표현),1,Y,유료,N,야간 미개방,0900,1900,0900,1500,0000,0000,2026-04-07 11:09,N,무료,Y,유료,162000,1.16201E+12,220,5,220,5,0,0,0,0,,37.48717617,126.9324736
1163833,봉천복개3 공영주차장(시),관악구 신림동 1467-3,NS,노상 주차장,1,시간제 주차장,,1,현재~20분이내 연계데이터 존재(현재 주차대수 표현),1,Y,유료,N,야간 미개방,0900,1900,0900,1500,0000,0000,2026-04-07 11:09,N,무료,Y,유료,162000,1.16201E+12,220,5,220,5,0,0,0,0,,37.48900089,126.9293588
1163833,봉천복개3 공영주차장(시),관악구 신림동 1467-3,NS,노상 주차장,1,시간제 주차장,,1,현재~20분이내 연계데이터 존재(현재 주차대수 표현),1,Y,유료,N,야간 미개방,0900,1900,0900,1500,0000,0000,2026-04-07 11:09,N,무료,Y,유료,162000,1.16201E+12,220,5,220,5,0,0,0,0,,37.48792604,126.9307967
1163833,봉천복개3 공영주차장(시),관악구 신림동 1467-3,NS,노상 주차장,1,시간제 주차장,,1,현재~20분이내 연계데이터 존재(현재 주차대수 표현),1,Y,유료,N,야간 미개방,0900,1900,0900,1500,0000,0000,2026-04-07 11:09,N,무료,Y,유료,162000,1.16201E+12,220,5,220,5,0,0,0,0,,37.48704645,126.9327587
1163833,봉천복개3 공영주차장(시),관악구 신림동 1467-3,NS,노상 주차장,1,시간제 주차장,,1,현재~20분이내 연계데이터 존재(현재 주차대수 표현),1,Y,유료,N,야간 미개방,0900,1900,0900,1500,0000,0000,2026-04-07 11:09,N,무료,Y,유료,162000,1.16201E+12,220,5,220,5,0,0,0,0,,37.48855776,126.9303395
1163833,봉천복개3 공영주차장(시),관악구 신림동 1467-3,NS,노상 주차장,1,시간제 주차장,,1,현재~20분이내 연계데이터 존재(현재 주차대수 표현),1,Y,유료,N,야간 미개방,0900,1900,0900,1500,0000,0000,2026-04-07 11:09,N,무료,Y,유료,162000,1.16201E+12,220,5,220,5,0,0,0,0,,37.48748023,126.9327456
1163833,봉천복개3 공영주차장(시),관악구 신림동 1467-3,NS,노상 주차장,1,시간제 주차장,,1,현재~20분이내 연계데이터 존재(현재 주차대수 표현),1,Y,유료,N,야간 미개방,0900,1900,0900,1500,0000,0000,2026-04-07 11:09,N,무료,Y,유료,162000,1.16201E+12,220,5,220,5,0,0,0,0,,37.48958799,126.9263046
1163833,봉천복개3 공영주차장(시),관악구 신림동 1467-3,NS,노상 주차장,1,시간제 주차장,,1,현재~20분이내 연계데이터 존재(현재 주차대수 표현),1,Y,유료,N,야간 미개방,0900,1900,0900,1500,0000,0000,2026-04-07 11:09,N,무료,Y,유료,162000,1.16201E+12,220,5,220,5,0,0,0,0,,37.48879434,126.9298008
1163833,봉천복개3 공영주차장(시),관악구 신림동 1467-3,NS,노상 주차장,1,시간제 주차장,,1,현재~20분이내 연계데이터 존재(현재 주차대수 표현),1,Y,유료,N,야간 미개방,0900,1900,0900,1500,0000,0000,2026-04-07 11:09,N,무료,Y,유료,162000,1.16201E+12,220,5,220,5,0,0,0,0,,37.48959749,126.9262478
1163833,봉천복개3 공영주차장(시),관악구 신림동 1467-3,NS,노상 주차장,1,시간제 주차장,,1,현재~20분이내 연계데이터 존재(현재 주차대수 표현),1,Y,유료,N,야간 미개방,0900,1900,0900,1500,0000,0000,2026-04-07 11:09,N,무료,Y,유료,162000,1.16201E+12,220,5,220,5,0,0,0,0,,37.48961411,126.9261475
1163833,봉천복개3 공영주차장(시),관악구 신림동 1467-3,NS,노상 주차장,1,시간제 주차장,,1,현재~20분이내 연계데이터 존재(현재 주차대수 표현),1,Y,유료,N,야간 미개방,0900,1900,0900,1500,0000,0000,2026-04-07 11:09,N,무료,Y,유료,162000,1.16201E+12,220,5,220,5,0,0,0,0,,37.48891161,126.9295578
1163833,봉천복개3 공영주차장(시),관악구 신림동 1467-3,NS,노상 주차장,1,시간제 주차장,,1,현재~20분이내 연계데이터 존재(현재 주차대수 표현),1,Y,유료,N,야간 미개방,0900,1900,0900,1500,0000,0000,2026-04-07 11:09,N,무료,Y,유료,162000,1.16201E+12,220,5,220,5,0,0,0,0,,37.4873458,126.9330511
1163833,봉천복개3 공영주차장(시),관악구 신림동 1467-3,NS,노상 주차장,1,시간제 주차장,,1,현재~20분이내 연계데이터 존재(현재 주차대수 표현),1,Y,유료,N,야간 미개방,0900,1900,0900,1500,0000,0000,2026-04-07 11:09,N,무료,Y,유료,162000,1.16201E+12,220,5,220,5,0,0,0,0,,37.48783229,126.9310132
1163833,봉천복개3 공영주차장(시),관악구 신림동 1467-3,NS,노상 주차장,1,시간제 주차장,,1,현재~20분이내 연계데이터 존재(현재 주차대수 표현),1,Y,유료,N,야간 미개방,0900,1900,0900,1500,0000,0000,2026-04-07 11:09,N,무료,Y,유료,162000,1.16201E+12,220,5,220,5,0,0,0,0,,37.48745665,126.9327965
1163833,봉천복개3 공영주차장(시),관악구 신림동 1467-3,NS,노상 주차장,1,시간제 주차장,,1,현재~20분이내 연계데이터 존재(현재 주차대수 표현),1,Y,유료,N,야간 미개방,0900,1900,0900,1500,0000,0000,2026-04-07 11:09,N,무료,Y,유료,162000,1.16201E+12,220,5,220,5,0,0,0,0,,37.48775652,126.9311671
1163833,봉천복개3 공영주차장(시),관악구 신림동 1467-3,NS,노상 주차장,1,시간제 주차장,,1,현재~20분이내 연계데이터 존재(현재 주차대수 표현),1,Y,유료,N,야간 미개방,0900,1900,0900,1500,0000,0000,2026-04-07 11:09,N,무료,Y,유료,162000,1.16201E+12,220,5,220,5,0,0,0,0,,37.48702428,126.9328079
1163833,봉천복개3 공영주차장(시),관악구 신림동 1467-3,NS,노상 주차장,1,시간제 주차장,,1,현재~20분이내 연계데이터 존재(현재 주차대수 표현),1,Y,유료,N,야간 미개방,0900,1900,0900,1500,0000,0000,2026-04-07 11:09,N,무료,Y,유료,162000,1.16201E+12,220,5,220,5,0,0,0,0,,37.48875039,126.9298996
1163833,봉천복개3 공영주차장(시),관악구 신림동 1467-3,NS,노상 주차장,1,시간제 주차장,,1,현재~20분이내 연계데이터 존재(현재 주차대수 표현),1,Y,유료,N,야간 미개방,0900,1900,0900,1500,0000,0000,2026-04-07 11:09,N,무료,Y,유료,162000,1.16201E+12,220,5,220,5,0,0,0,0,,37.48908779,126.9291688
1163833,봉천복개3 공영주차장(시),관악구 신림동 1467-3,NS,노상 주차장,1,시간제 주차장,,1,현재~20분이내 연계데이터 존재(현재 주차대수 표현),1,Y,유료,N,야간 미개방,0900,1900,0900,1500,0000,0000,2026-04-07 11:09,N,무료,Y,유료,162000,1.16201E+12,220,5,220,5,0,0,0,0,,37.48853367,126.9303904
1163833,봉천복개3 공영주차장(시),관악구 신림동 1467-3,NS,노상 주차장,1,시간제 주차장,,1,현재~20분이내 연계데이터 존재(현재 주차대수 표현),1,Y,유료,N,야간 미개방,0900,1900,0900,1500,0000,0000,2026-04-07 11:09,N,무료,Y,유료,162000,1.16201E+12,220,5,220,5,0,0,0,0,,37.48839206,126.9306914
1163833,봉천복개3 공영주차장(시),관악구 신림동 1467-3,NS,노상 주차장,1,시간제 주차장,,1,현재~20분이내 연계데이터 존재(현재 주차대수 표현),1,Y,유료,N,야간 미개방,0900,1900,0900,1500,0000,0000,2026-04-07 11:09,N,무료,Y,유료,162000,1.16201E+12,220,5,220,5,0,0,0,0,,37.4891104,126.9291179
1163833,봉천복개3 공영주차장(시),관악구 신림동 1467-3,NS,노상 주차장,1,시간제 주차장,,1,현재~20분이내 연계데이터 존재(현재 주차대수 표현),1,Y,유료,N,야간 미개방,0900,1900,0900,1500,0000,0000,2026-04-07 11:09,N,무료,Y,유료,162000,1.16201E+12,220,5,220,5,0,0,0,0,,37.48739059,126.9329492
1163833,봉천복개3 공영주차장(시),관악구 신림동 1467-3,NS,노상 주차장,1,시간제 주차장,,1,현재~20분이내 연계데이터 존재(현재 주차대수 표현),1,Y,유료,N,야간 미개방,0900,1900,0900,1500,0000,0000,2026-04-07 11:09,N,무료,Y,유료,162000,1.16201E+12,220,5,220,5,0,0,0,0,,37.48736847,126.9329987
1163833,봉천복개3 공영주차장(시),관악구 신림동 1467-3,NS,노상 주차장,1,시간제 주차장,,1,현재~20분이내 연계데이터 존재(현재 주차대수 표현),1,Y,유료,N,야간 미개방,0900,1900,0900,1500,0000,0000,2026-04-07 11:09,N,무료,Y,유료,162000,1.16201E+12,220,5,220,5,0,0,0,0,,37.48858099,126.9293242
1163833,봉천복개3 공영주차장(시),관악구 신림동 1467-3,NS,노상 주차장,1,시간제 주차장,,1,현재~20분이내 연계데이터 존재(현재 주차대수 표현),1,Y,유료,N,야간 미개방,0900,1900,0900,1500,0000,0000,2026-04-07 11:09,N,무료,Y,유료,162000,1.16201E+12,220,5,220,5,0,0,0,0,,37.4890235,126.9293079
1163833,봉천복개3 공영주차장(시),관악구 신림동 1467-3,NS,노상 주차장,1,시간제 주차장,,1,현재~20분이내 연계데이터 존재(현재 주차대수 표현),1,Y,유료,N,야간 미개방,0900,1900,0900,1500,0000,0000,2026-04-07 11:09,N,무료,Y,유료,162000,1.16201E+12,220,5,220,5,0,0,0,0,,37.48897708,126.9294097
1163833,봉천복개3 공영주차장(시),관악구 신림동 1467-3,NS,노상 주차장,1,시간제 주차장,,1,현재~20분이내 연계데이터 존재(현재 주차대수 표현),1,Y,유료,N,야간 미개방,0900,1900,0900,1500,0000,0000,2026-04-07 11:09,N,무료,Y,유료,162000,1.16201E+12,220,5,220,5,0,0,0,0,,37.48851031,126.9304427
1167546,독산동 금천교 공영주차장(시),금천구 독산동 1081-4,NS,노상 주차장,1,시간제 주차장,,1,현재~20분이내 연계데이터 존재(현재 주차대수 표현),1,Y,유료,N,야간 미개방,0900,1900,0900,1500,0000,0000,2026-04-07 10:56,N,무료,Y,유료,160000,1.15451E+12,400,5,400,5,0,0,0,0,0,37.46658718,126.8898141
1167546,독산동 금천교 공영주차장(시),금천구 독산동 1081-4,NS,노상 주차장,1,시간제 주차장,,1,현재~20분이내 연계데이터 존재(현재 주차대수 표현),1,Y,유료,N,야간 미개방,0900,1900,0900,1500,0000,0000,2026-04-07 10:56,N,무료,Y,유료,160000,1.15451E+12,400,5,400,5,0,0,0,0,0,37.46654071,126.8900319
1167546,독산동 금천교 공영주차장(시),금천구 독산동 1081-4,NS,노상 주차장,1,시간제 주차장,,1,현재~20분이내 연계데이터 존재(현재 주차대수 표현),1,Y,유료,N,야간 미개방,0900,1900,0900,1500,0000,0000,2026-04-07 10:56,N,무료,Y,유료,160000,1.15451E+12,400,5,400,5,0,0,0,0,0,37.46658651,126.8900567
1167546,독산동 금천교 공영주차장(시),금천구 독산동 1081-4,NS,노상 주차장,1,시간제 주차장,,1,현재~20분이내 연계데이터 존재(현재 주차대수 표현),1,Y,유료,N,야간 미개방,0900,1900,0900,1500,0000,0000,2026-04-07 10:56,N,무료,Y,유료,160000,1.15451E+12,400,5,400,5,0,0,0,0,0,37.46658707,126.8898868
1167546,독산동 금천교 공영주차장(시),금천구 독산동 1081-4,NS,노상 주차장,1,시간제 주차장,,1,현재~20분이내 연계데이터 존재(현재 주차대수 표현),1,Y,유료,N,야간 미개방,0900,1900,0900,1500,0000,0000,2026-04-07 10:56,N,무료,Y,유료,160000,1.15451E+12,400,5,400,5,0,0,0,0,0,37.46654151,126.8899352
1167546,독산동 금천교 공영주차장(시),금천구 독산동 1081-4,NS,노상 주차장,1,시간제 주차장,,1,현재~20분이내 연계데이터 존재(현재 주차대수 표현),1,Y,유료,N,야간 미개방,0900,1900,0900,1500,0000,0000,2026-04-07 10:56,N,무료,Y,유료,160000,1.15451E+12,400,5,400,5,0,0,0,0,0,37.46658711,126.8898631
1167546,독산동 금천교 공영주차장(시),금천구 독산동 1081-4,NS,노상 주차장,1,시간제 주차장,,1,현재~20분이내 연계데이터 존재(현재 주차대수 표현),1,Y,유료,N,야간 미개방,0900,1900,0900,1500,0000,0000,2026-04-07 10:56,N,무료,Y,유료,160000,1.15451E+12,400,5,400,5,0,0,0,0,0,37.46658655,126.890032
1167546,독산동 금천교 공영주차장(시),금천구 독산동 1081-4,NS,노상 주차장,1,시간제 주차장,,1,현재~20분이내 연계데이터 존재(현재 주차대수 표현),1,Y,유료,N,야간 미개방,0900,1900,0900,1500,0000,0000,2026-04-07 10:56,N,무료,Y,유료,160000,1.15451E+12,400,5,400,5,0,0,0,0,0,37.46658696,126.8899594
1167546,독산동 금천교 공영주차장(시),금천구 독산동 1081-4,NS,노상 주차장,1,시간제 주차장,,1,현재~20분이내 연계데이터 존재(현재 주차대수 표현),1,Y,유료,N,야간 미개방,0900,1900,0900,1500,0000,0000,2026-04-07 10:56,N,무료,Y,유료,160000,1.15451E+12,400,5,400,5,0,0,0,0,0,37.46654105,126.8900067
1167546,독산동 금천교 공영주차장(시),금천구 독산동 1081-4,NS,노상 주차장,1,시간제 주차장,,1,현재~20분이내 연계데이터 존재(현재 주차대수 표현),1,Y,유료,N,야간 미개방,0900,1900,0900,1500,0000,0000,2026-04-07 10:56,N,무료,Y,유료,160000,1.15451E+12,400,5,400,5,0,0,0,0,0,37.46658692,126.8899831
1167546,독산동 금천교 공영주차장(시),금천구 독산동 1081-4,NS,노상 주차장,1,시간제 주차장,,1,현재~20분이내 연계데이터 존재(현재 주차대수 표현),1,Y,유료,N,야간 미개방,0900,1900,0900,1500,0000,0000,2026-04-07 10:56,N,무료,Y,유료,160000,1.15451E+12,400,5,400,5,0,0,0,0,0,37.46658703,126.8899109
1167546,독산동 금천교 공영주차장(시),금천구 독산동 1081-4,NS,노상 주차장,1,시간제 주차장,,1,현재~20분이내 연계데이터 존재(현재 주차대수 표현),1,Y,유료,N,야간 미개방,0900,1900,0900,1500,0000,0000,2026-04-07 10:56,N,무료,Y,유료,160000,1.15451E+12,400,5,400,5,0,0,0,0,0,37.46660227,126.8900981
1167546,독산동 금천교 공영주차장(시),금천구 독산동 1081-4,NS,노상 주차장,1,시간제 주차장,,1,현재~20분이내 연계데이터 존재(현재 주차대수 표현),1,Y,유료,N,야간 미개방,0900,1900,0900,1500,0000,0000,2026-04-07 10:56,N,무료,Y,유료,160000,1.15451E+12,400,5,400,5,0,0,0,0,0,37.46654581,126.890098
1167546,독산동 금천교 공영주차장(시),금천구 독산동 1081-4,NS,노상 주차장,1,시간제 주차장,,1,현재~20분이내 연계데이터 존재(현재 주차대수 표현),1,Y,유료,N,야간 미개방,0900,1900,0900,1500,0000,0000,2026-04-07 10:56,N,무료,Y,유료,160000,1.15451E+12,400,5,400,5,0,0,0,0,0,37.46658714,126.8898386
1167546,독산동 금천교 공영주차장(시),금천구 독산동 1081-4,NS,노상 주차장,1,시간제 주차장,,1,현재~20분이내 연계데이터 존재(현재 주차대수 표현),1,Y,유료,N,야간 미개방,0900,1900,0900,1500,0000,0000,2026-04-07 10:56,N,무료,Y,유료,160000,1.15451E+12,400,5,400,5,0,0,0,0,0,37.4665412,126.8899108
1167546,독산동 금천교 공영주차장(시),금천구 독산동 1081-4,NS,노상 주차장,1,시간제 주차장,,1,현재~20분이내 연계데이터 존재(현재 주차대수 표현),1,Y,유료,N,야간 미개방,0900,1900,0900,1500,0000,0000,2026-04-07 10:56,N,무료,Y,유료,160000,1.15451E+12,400,5,400,5,0,0,0,0,0,37.46654123,126.8898867
1167546,독산동 금천교 공영주차장(시),금천구 독산동 1081-4,NS,노상 주차장,1,시간제 주차장,,1,현재~20분이내 연계데이터 존재(현재 주차대수 표현),1,Y,유료,N,야간 미개방,0900,1900,0900,1500,0000,0000,2026-04-07 10:56,N,무료,Y,유료,160000,1.15451E+12,400,5,400,5,0,0,0,0,0,37.46654131,126.8898385
1167546,독산동 금천교 공영주차장(시),금천구 독산동 1081-4,NS,노상 주차장,1,시간제 주차장,,1,현재~20분이내 연계데이터 존재(현재 주차대수 표현),1,Y,유료,N,야간 미개방,0900,1900,0900,1500,0000,0000,2026-04-07 10:56,N,무료,Y,유료,160000,1.15451E+12,400,5,400,5,0,0,0,0,0,37.46654108,126.889983
1167546,독산동 금천교 공영주차장(시),금천구 독산동 1081-4,NS,노상 주차장,1,시간제 주차장,,1,현재~20분이내 연계데이터 존재(현재 주차대수 표현),1,Y,유료,N,야간 미개방,0900,1900,0900,1500,0000,0000,2026-04-07 10:56,N,무료,Y,유료,160000,1.15451E+12,400,5,400,5,0,0,0,0,0,37.46658699,126.8899346
1167546,독산동 금천교 공영주차장(시),금천구 독산동 1081-4,NS,노상 주차장,1,시간제 주차장,,1,현재~20분이내 연계데이터 존재(현재 주차대수 표현),1,Y,유료,N,야간 미개방,0900,1900,0900,1500,0000,0000,2026-04-07 10:56,N,무료,Y,유료,160000,1.15451E+12,400,5,400,5,0,0,0,0,0,37.46654127,126.889863
1167546,독산동 금천교 공영주차장(시),금천구 독산동 1081-4,NS,노상 주차장,1,시간제 주차장,,1,현재~20분이내 연계데이터 존재(현재 주차대수 표현),1,Y,유료,N,야간 미개방,0900,1900,0900,1500,0000,0000,2026-04-07 10:56,N,무료,Y,유료,160000,1.15451E+12,400,5,400,5,0,0,0,0,0,37.46658688,126.8900068
1189778,신답고가 주변(구),동대문구 답십리동 530-6,NS,노상 주차장,1,시간제 주차장,,0,미연계중,1,Y,유료,N,야간 미개방,0900,1900,0900,1500,0000,0000,2019-06-10 9:58,N,무료,Y,유료,120000,1.12301E+12,500,10,500,10,0,0,0,0,36000,,
1193467,동대문소방서노상(구),동대문구 장안동 434-0,NS,노상 주차장,1,시간제 주차장,02-456-2591,0,미연계중,1,Y,유료,N,야간 미개방,0900,1900,0900,1500,0000,0000,2019-06-10 9:58,N,무료,Y,유료,120000,1.12301E+12,500,10,500,10,0,0,0,0,36000,,
119824,여의도공원앞1 노상주차장(구),영등포구 여의도동 2-11,NS,노상 주차장,1,시간제 주차장,02-2650-1436,0,미연계중,1,Y,유료,N,야간 미개방,0900,1900,0900,1500,0000,0000,2020-09-09 10:42,N,무료,Y,유료,200000,1.15601E+12,500,5,1000,10,0,0,0,0,20000,,
1208601,청계2(북2) 공영주차장(시),종로구 관수동 91-4,NS,노상 주차장,1,시간제 주차장,,1,현재~20분이내 연계데이터 존재(현재 주차대수 표현),1,Y,유료,N,야간 미개방,0900,1900,0900,1500,0000,0000,2026-04-07 11:27,N,무료,Y,유료,0,1.11102E+12,750,5,750,5,0,0,0,0,0,37.56882965,126.9963054
1208601,청계2(북2) 공영주차장(시),종로구 관수동 91-4,NS,노상 주차장,1,시간제 주차장,,1,현재~20분이내 연계데이터 존재(현재 주차대수 표현),1,Y,유료,N,야간 미개방,0900,1900,0900,1500,0000,0000,2026-04-07 11:27,N,무료,Y,유료,0,1.11102E+12,750,5,750,5,0,0,0,0,0,37.56896044,126.997456
1208601,청계2(북2) 공영주차장(시),종로구 관수동 91-4,NS,노상 주차장,1,시간제 주차장,,1,현재~20분이내 연계데이터 존재(현재 주차대수 표현),1,Y,유료,N,야간 미개방,0900,1900,0900,1500,0000,0000,2026-04-07 11:27,N,무료,Y,유료,0,1.11102E+12,750,5,750,5,0,0,0,0,0,37.56894623,126.9973307
1208601,청계2(북2) 공영주차장(시),종로구 관수동 91-4,NS,노상 주차장,1,시간제 주차장,,1,현재~20분이내 연계데이터 존재(현재 주차대수 표현),1,Y,유료,N,야간 미개방,0900,1900,0900,1500,0000,0000,2026-04-07 11:27,N,무료,Y,유료,0,1.11102E+12,750,5,750,5,0,0,0,0,0,37.56895335,126.9973934
1208601,청계2(북2) 공영주차장(시),종로구 관수동 91-4,NS,노상 주차장,1,시간제 주차장,,1,현재~20분이내 연계데이터 존재(현재 주차대수 표현),1,Y,유료,N,야간 미개방,0900,1900,0900,1500,0000,0000,2026-04-07 11:27,N,무료,Y,유료,0,1.11102E+12,750,5,750,5,0,0,0,0,0,37.56896653,126.9975182
1208601,청계2(북2) 공영주차장(시),종로구 관수동 91-4,NS,노상 주차장,1,시간제 주차장,,1,현재~20분이내 연계데이터 존재(현재 주차대수 표현),1,Y,유료,N,야간 미개방,0900,1900,0900,1500,0000,0000,2026-04-07 11:27,N,무료,Y,유료,0,1.11102E+12,750,5,750,5,0,0,0,0,0,37.56878199,126.9959106
1208601,청계2(북2) 공영주차장(시),종로구 관수동 91-4,NS,노상 주차장,1,시간제 주차장,,1,현재~20분이내 연계데이터 존재(현재 주차대수 표현),1,Y,유료,N,야간 미개방,0900,1900,0900,1500,0000,0000,2026-04-07 11:27,N,무료,Y,유료,0,1.11102E+12,750,5,750,5,0,0,0,0,0,37.56882441,126.9962378
1208601,청계2(북2) 공영주차장(시),종로구 관수동 91-4,NS,노상 주차장,1,시간제 주차장,,1,현재~20분이내 연계데이터 존재(현재 주차대수 표현),1,Y,유료,N,야간 미개방,0900,1900,0900,1500,0000,0000,2026-04-07 11:27,N,무료,Y,유료,0,1.11102E+12,750,5,750,5,0,0,0,0,0,37.56877674,126.9958474
1208601,청계2(북2) 공영주차장(시),종로구 관수동 91-4,NS,노상 주차장,1,시간제 주차장,,1,현재~20분이내 연계데이터 존재(현재 주차대수 표현),1,Y,유료,N,야간 미개방,0900,1900,0900,1500,0000,0000,2026-04-07 11:27,N,무료,Y,유료,0,1.11102E+12,750,5,750,5,0,0,0,0,0,37.56877035,126.9957864
1210657,청계3(북1) 공영주차장(시),종로구 예지동 140-1,NS,노상 주차장,1,시간제 주차장,,1,현재~20분이내 연계데이터 존재(현재 주차대수 표현),1,Y,유료,N,야간 미개방,0900,1900,0900,1500,0000,0000,2026-04-07 13:44,N,무료,Y,유료,0,1.11102E+12,750,5,750,5,0,0,0,0,0,37.56959507,127.0007264
1210657,청계3(북1) 공영주차장(시),종로구 예지동 140-1,NS,노상 주차장,1,시간제 주차장,,1,현재~20분이내 연계데이터 존재(현재 주차대수 표현),1,Y,유료,N,야간 미개방,0900,1900,0900,1500,0000,0000,2026-04-07 13:44,N,무료,Y,유료,0,1.11102E+12,750,5,750,5,0,0,0,0,0,37.56962119,127.0008557
1210657,청계3(북1) 공영주차장(시),종로구 예지동 140-1,NS,노상 주차장,1,시간제 주차장,,1,현재~20분이내 연계데이터 존재(현재 주차대수 표현),1,Y,유료,N,야간 미개방,0900,1900,0900,1500,0000,0000,2026-04-07 13:44,N,무료,Y,유료,0,1.11102E+12,750,5,750,5,0,0,0,0,0,37.56963304,127.0009179
1210657,청계3(북1) 공영주차장(시),종로구 예지동 140-1,NS,노상 주차장,1,시간제 주차장,,1,현재~20분이내 연계데이터 존재(현재 주차대수 표현),1,Y,유료,N,야간 미개방,0900,1900,0900,1500,0000,0000,2026-04-07 13:44,N,무료,Y,유료,0,1.11102E+12,750,5,750,5,0,0,0,0,0,37.56919089,126.9986443
1210657,청계3(북1) 공영주차장(시),종로구 예지동 140-1,NS,노상 주차장,1,시간제 주차장,,1,현재~20분이내 연계데이터 존재(현재 주차대수 표현),1,Y,유료,N,야간 미개방,0900,1900,0900,1500,0000,0000,2026-04-07 13:44,N,무료,Y,유료,0,1.11102E+12,750,5,750,5,0,0,0,0,0,37.56958071,127.0006174
1210657,청계3(북1) 공영주차장(시),종로구 예지동 140-1,NS,노상 주차장,1,시간제 주차장,,1,현재~20분이내 연계데이터 존재(현재 주차대수 표현),1,Y,유료,N,야간 미개방,0900,1900,0900,1500,0000,0000,2026-04-07 13:44,N,무료,Y,유료,0,1.11102E+12,750,5,750,5,0,0,0,0,0,37.56928478,126.9991122
1210657,청계3(북1) 공영주차장(시),종로구 예지동 140-1,NS,노상 주차장,1,시간제 주차장,,1,현재~20분이내 연계데이터 존재(현재 주차대수 표현),1,Y,유료,N,야간 미개방,0900,1900,0900,1500,0000,0000,2026-04-07 13:44,N,무료,Y,유료,0,1.11102E+12,750,5,750,5,0,0,0,0,0,37.56957034,127.00059
1210657,청계3(북1) 공영주차장(시),종로구 예지동 140-1,NS,노상 주차장,1,시간제 주차장,,1,현재~20분이내 연계데이터 존재(현재 주차대수 표현),1,Y,유료,N,야간 미개방,0900,1900,0900,1500,0000,0000,2026-04-07 13:44,N,무료,Y,유료,0,1.11102E+12,750,5,750,5,0,0,0,0,0,37.56922056,126.9987959
1210657,청계3(북1) 공영주차장(시),종로구 예지동 140-1,NS,노상 주차장,1,시간제 주차장,,1,현재~20분이내 연계데이터 존재(현재 주차대수 표현),1,Y,유료,N,야간 미개방,0900,1900,0900,1500,0000,0000,2026-04-07 13:44,N,무료,Y,유료,0,1.11102E+12,750,5,750,5,0,0,0,0,0,37.56916536,126.9985156
1210657,청계3(북1) 공영주차장(시),종로구 예지동 140-1,NS,노상 주차장,1,시간제 주차장,,1,현재~20분이내 연계데이터 존재(현재 주차대수 표현),1,Y,유료,N,야간 미개방,0900,1900,0900,1500,0000,0000,2026-04-07 13:44,N,무료,Y,유료,0,1.11102E+12,750,5,750,5,0,0,0,0,0,37.56917898,126.9985805
1210657,청계3(북1) 공영주차장(시),종로구 예지동 140-1,NS,노상 주차장,1,시간제 주차장,,1,현재~20분이내 연계데이터 존재(현재 주차대수 표현),1,Y,유료,N,야간 미개방,0900,1900,0900,1500,0000,0000,2026-04-07 13:44,N,무료,Y,유료,0,1.11102E+12,750,5,750,5,0,0,0,0,0,37.56927065,126.9990456
1210657,청계3(북1) 공영주차장(시),종로구 예지동 140-1,NS,노상 주차장,1,시간제 주차장,,1,현재~20분이내 연계데이터 존재(현재 주차대수 표현),1,Y,유료,N,야간 미개방,0900,1900,0900,1500,0000,0000,2026-04-07 13:44,N,무료,Y,유료,0,1.11102E+12,750,5,750,5,0,0,0,0,0,37.56924576,126.998914
1210657,청계3(북1) 공영주차장(시),종로구 예지동 140-1,NS,노상 주차장,1,시간제 주차장,,1,현재~20분이내 연계데이터 존재(현재 주차대수 표현),1,Y,유료,N,야간 미개방,0900,1900,0900,1500,0000,0000,2026-04-07 13:44,N,무료,Y,유료,0,1.11102E+12,750,5,750,5,0,0,0,0,0,37.56929756,126.9991789
1210657,청계3(북1) 공영주차장(시),종로구 예지동 140-1,NS,노상 주차장,1,시간제 주차장,,1,현재~20분이내 연계데이터 존재(현재 주차대수 표현),1,Y,유료,N,야간 미개방,0900,1900,0900,1500,0000,0000,2026-04-07 13:44,N,무료,Y,유료,0,1.11102E+12,750,5,750,5,0,0,0,0,0,37.56958147,127.0006567
1210657,청계3(북1) 공영주차장(시),종로구 예지동 140-1,NS,노상 주차장,1,시간제 주차장,,1,현재~20분이내 연계데이터 존재(현재 주차대수 표현),1,Y,유료,N,야간 미개방,0900,1900,0900,1500,0000,0000,2026-04-07 13:44,N,무료,Y,유료,0,1.11102E+12,750,5,750,5,0,0,0,0,0,37.56925787,126.9989798
1210657,청계3(북1) 공영주차장(시),종로구 예지동 140-1,NS,노상 주차장,1,시간제 주차장,,1,현재~20분이내 연계데이터 존재(현재 주차대수 표현),1,Y,유료,N,야간 미개방,0900,1900,0900,1500,0000,0000,2026-04-07 13:44,N,무료,Y,유료,0,1.11102E+12,750,5,750,5,0,0,0,0,0,37.56960989,127.0007946
1210657,청계3(북1) 공영주차장(시),종로구 예지동 140-1,NS,노상 주차장,1,시간제 주차장,,1,현재~20분이내 연계데이터 존재(현재 주차대수 표현),1,Y,유료,N,야간 미개방,0900,1900,0900,1500,0000,0000,2026-04-07 13:44,N,무료,Y,유료,0,1.11102E+12,750,5,750,5,0,0,0,0,0,37.56967214,127.001126
1210657,청계3(북1) 공영주차장(시),종로구 예지동 140-1,NS,노상 주차장,1,시간제 주차장,,1,현재~20분이내 연계데이터 존재(현재 주차대수 표현),1,Y,유료,N,야간 미개방,0900,1900,0900,1500,0000,0000,2026-04-07 13:44,N,무료,Y,유료,0,1.11102E+12,750,5,750,5,0,0,0,0,0,37.56964972,127.0010152
1210657,청계3(북1) 공영주차장(시),종로구 예지동 140-1,NS,노상 주차장,1,시간제 주차장,,1,현재~20분이내 연계데이터 존재(현재 주차대수 표현),1,Y,유료,N,야간 미개방,0900,1900,0900,1500,0000,0000,2026-04-07 13:44,N,무료,Y,유료,0,1.11102E+12,750,5,750,5,0,0,0,0,0,37.56966045,127.0010714
1234305,가마산고가밑 공영주차장(시),구로구 구로동 414-13,NS,노상 주차장,1,시간제 주차장,,1,현재~20분이내 연계데이터 존재(현재 주차대수 표현),1,Y,유료,N,야간 미개방,0900,1900,0900,1500,0000,0000,2026-04-07 10:52,N,무료,Y,유료,0,1.15301E+12,120,5,120,5,0,0,0,0,0,37.49293677,126.882609
1234305,가마산고가밑 공영주차장(시),구로구 구로동 414-13,NS,노상 주차장,1,시간제 주차장,,1,현재~20분이내 연계데이터 존재(현재 주차대수 표현),1,Y,유료,N,야간 미개방,0900,1900,0900,1500,0000,0000,2026-04-07 10:52,N,무료,Y,유료,0,1.15301E+12,120,5,120,5,0,0,0,0,0,37.49274815,126.8824956
1234305,가마산고가밑 공영주차장(시),구로구 구로동 414-13,NS,노상 주차장,1,시간제 주차장,,1,현재~20분이내 연계데이터 존재(현재 주차대수 표현),1,Y,유료,N,야간 미개방,0900,1900,0900,1500,0000,0000,2026-04-07 10:52,N,무료,Y,유료,0,1.15301E+12,120,5,120,5,0,0,0,0,0,37.4928513,126.882464
1234305,가마산고가밑 공영주차장(시),구로구 구로동 414-13,NS,노상 주차장,1,시간제 주차장,,1,현재~20분이내 연계데이터 존재(현재 주차대수 표현),1,Y,유료,N,야간 미개방,0900,1900,0900,1500,0000,0000,2026-04-07 10:52,N,무료,Y,유료,0,1.15301E+12,120,5,120,5,0,0,0,0,0,37.492845,126.882639
1234305,가마산고가밑 공영주차장(시),구로구 구로동 414-13,NS,노상 주차장,1,시간제 주차장,,1,현재~20분이내 연계데이터 존재(현재 주차대수 표현),1,Y,유료,N,야간 미개방,0900,1900,0900,1500,0000,0000,2026-04-07 10:52,N,무료,Y,유료,0,1.15301E+12,120,5,120,5,0,0,0,0,0,37.49279709,126.8825584
1234305,가마산고가밑 공영주차장(시),구로구 구로동 414-13,NS,노상 주차장,1,시간제 주차장,,1,현재~20분이내 연계데이터 존재(현재 주차대수 표현),1,Y,유료,N,야간 미개방,0900,1900,0900,1500,0000,0000,2026-04-07 10:52,N,무료,Y,유료,0,1.15301E+12,120,5,120,5,0,0,0,0,0,37.49283218,126.8824385
1234305,가마산고가밑 공영주차장(시),구로구 구로동 414-13,NS,노상 주차장,1,시간제 주차장,,1,현재~20분이내 연계데이터 존재(현재 주차대수 표현),1,Y,유료,N,야간 미개방,0900,1900,0900,1500,0000,0000,2026-04-07 10:52,N,무료,Y,유료,0,1.15301E+12,120,5,120,5,0,0,0,0,0,37.4928576,126.8826674
1234305,가마산고가밑 공영주차장(시),구로구 구로동 414-13,NS,노상 주차장,1,시간제 주차장,,1,현재~20분이내 연계데이터 존재(현재 주차대수 표현),1,Y,유료,N,야간 미개방,0900,1900,0900,1500,0000,0000,2026-04-07 10:52,N,무료,Y,유료,0,1.15301E+12,120,5,120,5,0,0,0,0,0,37.49287143,126.8827018
1234305,가마산고가밑 공영주차장(시),구로구 구로동 414-13,NS,노상 주차장,1,시간제 주차장,,1,현재~20분이내 연계데이터 존재(현재 주차대수 표현),1,Y,유료,N,야간 미개방,0900,1900,0900,1500,0000,0000,2026-04-07 10:52,N,무료,Y,유료,0,1.15301E+12,120,5,120,5,0,0,0,0,0,37.49296464,126.8827032
1234305,가마산고가밑 공영주차장(시),구로구 구로동 414-13,NS,노상 주차장,1,시간제 주차장,,1,현재~20분이내 연계데이터 존재(현재 주차대수 표현),1,Y,유료,N,야간 미개방,0900,1900,0900,1500,0000,0000,2026-04-07 10:52,N,무료,Y,유료,0,1.15301E+12,120,5,120,5,0,0,0,0,0,37.4928816,126.8827362
1234305,가마산고가밑 공영주차장(시),구로구 구로동 414-13,NS,노상 주차장,1,시간제 주차장,,1,현재~20분이내 연계데이터 존재(현재 주차대수 표현),1,Y,유료,N,야간 미개방,0900,1900,0900,1500,0000,0000,2026-04-07 10:52,N,무료,Y,유료,0,1.15301E+12,120,5,120,5,0,0,0,0,0,37.49288559,126.8825117
1234305,가마산고가밑 공영주차장(시),구로구 구로동 414-13,NS,노상 주차장,1,시간제 주차장,,1,현재~20분이내 연계데이터 존재(현재 주차대수 표현),1,Y,유료,N,야간 미개방,0900,1900,0900,1500,0000,0000,2026-04-07 10:52,N,무료,Y,유료,0,1.15301E+12,120,5,120,5,0,0,0,0,0,37.49288926,126.8827706
1234305,가마산고가밑 공영주차장(시),구로구 구로동 414-13,NS,노상 주차장,1,시간제 주차장,,1,현재~20분이내 연계데이터 존재(현재 주차대수 표현),1,Y,유료,N,야간 미개방,0900,1900,0900,1500,0000,0000,2026-04-07 10:52,N,무료,Y,유료,0,1.15301E+12,120,5,120,5,0,0,0,0,0,37.49294669,126.8826389
1234305,가마산고가밑 공영주차장(시),구로구 구로동 414-13,NS,노상 주차장,1,시간제 주차장,,1,현재~20분이내 연계데이터 존재(현재 주차대수 표현),1,Y,유료,N,야간 미개방,0900,1900,0900,1500,0000,0000,2026-04-07 10:52,N,무료,Y,유료,0,1.15301E+12,120,5,120,5,0,0,0,0,0,37.49292208,126.8825791
1234305,가마산고가밑 공영주차장(시),구로구 구로동 414-13,NS,노상 주차장,1,시간제 주차장,,1,현재~20분이내 연계데이터 존재(현재 주차대수 표현),1,Y,유료,N,야간 미개방,0900,1900,0900,1500,0000,0000,2026-04-07 10:52,N,무료,Y,유료,0,1.15301E+12,120,5,120,5,0,0,0,0,0,37.49276606,126.8825195
1234305,가마산고가밑 공영주차장(시),구로구 구로동 414-13,NS,노상 주차장,1,시간제 주차장,,1,현재~20분이내 연계데이터 존재(현재 주차대수 표현),1,Y,유료,N,야간 미개방,0900,1900,0900,1500,0000,0000,2026-04-07 10:52,N,무료,Y,유료,0,1.15301E+12,120,5,120,5,0,0,0,0,0,37.49281037,126.8824132
1234305,가마산고가밑 공영주차장(시),구로구 구로동 414-13,NS,노상 주차장,1,시간제 주차장,,1,현재~20분이내 연계데이터 존재(현재 주차대수 표현),1,Y,유료,N,야간 미개방,0900,1900,0900,1500,0000,0000,2026-04-07 10:52,N,무료,Y,유료,0,1.15301E+12,120,5,120,5,0,0,0,0,0,37.49281594,126.8825823
1234305,가마산고가밑 공영주차장(시),구로구 구로동 414-13,NS,노상 주차장,1,시간제 주차장,,1,현재~20분이내 연계데이터 존재(현재 주차대수 표현),1,Y,유료,N,야간 미개방,0900,1900,0900,1500,0000,0000,2026-04-07 10:52,N,무료,Y,유료,0,1.15301E+12,120,5,120,5,0,0,0,0,0,37.49295594,126.8826702
1235522,청계3(남) 공영주차장(시),중구 주교동 51-3,NS,노상 주차장,1,시간제 주차장,,0,미연계중,1,Y,유료,N,야간 미개방,0900,1900,0900,1500,0000,0000,2026-04-07 13:43,N,무료,Y,유료,0,1.11402E+12,750,5,750,5,0,0,0,0,0,37.56933702,127.0012203
1235522,청계3(남) 공영주차장(시),중구 주교동 51-3,NS,노상 주차장,1,시간제 주차장,,0,미연계중,1,Y,유료,N,야간 미개방,0900,1900,0900,1500,0000,0000,2026-04-07 13:43,N,무료,Y,유료,0,1.11402E+12,750,5,750,5,0,0,0,0,0,37.56904563,126.9996694
1235522,청계3(남) 공영주차장(시),중구 주교동 51-3,NS,노상 주차장,1,시간제 주차장,,0,미연계중,1,Y,유료,N,야간 미개방,0900,1900,0900,1500,0000,0000,2026-04-07 13:43,N,무료,Y,유료,0,1.11402E+12,750,5,750,5,0,0,0,0,0,37.56881311,126.9985017
1235522,청계3(남) 공영주차장(시),중구 주교동 51-3,NS,노상 주차장,1,시간제 주차장,,0,미연계중,1,Y,유료,N,야간 미개방,0900,1900,0900,1500,0000,0000,2026-04-07 13:43,N,무료,Y,유료,0,1.11402E+12,750,5,750,5,0,0,0,0,0,37.56883774,126.9986273
1235522,청계3(남) 공영주차장(시),중구 주교동 51-3,NS,노상 주차장,1,시간제 주차장,,0,미연계중,1,Y,유료,N,야간 미개방,0900,1900,0900,1500,0000,0000,2026-04-07 13:43,N,무료,Y,유료,0,1.11402E+12,750,5,750,5,0,0,0,0,0,37.56931358,127.0010931
1235522,청계3(남) 공영주차장(시),중구 주교동 51-3,NS,노상 주차장,1,시간제 주차장,,0,미연계중,1,Y,유료,N,야간 미개방,0900,1900,0900,1500,0000,0000,2026-04-07 13:43,N,무료,Y,유료,0,1.11402E+12,750,5,750,5,0,0,0,0,0,37.56934864,127.001284
1235522,청계3(남) 공영주차장(시),중구 주교동 51-3,NS,노상 주차장,1,시간제 주차장,,0,미연계중,1,Y,유료,N,야간 미개방,0900,1900,0900,1500,0000,0000,2026-04-07 13:43,N,무료,Y,유료,0,1.11402E+12,750,5,750,5,0,0,0,0,0,37.56905815,126.9997322
1235522,청계3(남) 공영주차장(시),중구 주교동 51-3,NS,노상 주차장,1,시간제 주차장,,0,미연계중,1,Y,유료,N,야간 미개방,0900,1900,0900,1500,0000,0000,2026-04-07 13:43,N,무료,Y,유료,0,1.11402E+12,750,5,750,5,0,0,0,0,0,37.56902091,126.9995433
1235522,청계3(남) 공영주차장(시),중구 주교동 51-3,NS,노상 주차장,1,시간제 주차장,,0,미연계중,1,Y,유료,N,야간 미개방,0900,1900,0900,1500,0000,0000,2026-04-07 13:43,N,무료,Y,유료,0,1.11402E+12,750,5,750,5,0,0,0,0,0,37.56879022,126.9983842
1235522,청계3(남) 공영주차장(시),중구 주교동 51-3,NS,노상 주차장,1,시간제 주차장,,0,미연계중,1,Y,유료,N,야간 미개방,0900,1900,0900,1500,0000,0000,2026-04-07 13:43,N,무료,Y,유료,0,1.11402E+12,750,5,750,5,0,0,0,0,0,37.56880167,126.998443
1235522,청계3(남) 공영주차장(시),중구 주교동 51-3,NS,노상 주차장,1,시간제 주차장,,0,미연계중,1,Y,유료,N,야간 미개방,0900,1900,0900,1500,0000,0000,2026-04-07 13:43,N,무료,Y,유료,0,1.11402E+12,750,5,750,5,0,0,0,0,0,37.56895905,126.9992288
1235522,청계3(남) 공영주차장(시),중구 주교동 51-3,NS,노상 주차장,1,시간제 주차장,,0,미연계중,1,Y,유료,N,야간 미개방,0900,1900,0900,1500,0000,0000,2026-04-07 13:43,N,무료,Y,유료,0,1.11402E+12,750,5,750,5,0,0,0,0,0,37.5693254,127.0011563
1235522,청계3(남) 공영주차장(시),중구 주교동 51-3,NS,노상 주차장,1,시간제 주차장,,0,미연계중,1,Y,유료,N,야간 미개방,0900,1900,0900,1500,0000,0000,2026-04-07 13:43,N,무료,Y,유료,0,1.11402E+12,750,5,750,5,0,0,0,0,0,37.56907066,126.9997955
1235522,청계3(남) 공영주차장(시),중구 주교동 51-3,NS,노상 주차장,1,시간제 주차장,,0,미연계중,1,Y,유료,N,야간 미개방,0900,1900,0900,1500,0000,0000,2026-04-07 13:43,N,무료,Y,유료,0,1.11402E+12,750,5,750,5,0,0,0,0,0,37.56898377,126.9993549
1235522,청계3(남) 공영주차장(시),중구 주교동 51-3,NS,노상 주차장,1,시간제 주차장,,0,미연계중,1,Y,유료,N,야간 미개방,0900,1900,0900,1500,0000,0000,2026-04-07 13:43,N,무료,Y,유료,0,1.11402E+12,750,5,750,5,0,0,0,0,0,37.56899628,126.9994177
1235522,청계3(남) 공영주차장(시),중구 주교동 51-3,NS,노상 주차장,1,시간제 주차장,,0,미연계중,1,Y,유료,N,야간 미개방,0900,1900,0900,1500,0000,0000,2026-04-07 13:43,N,무료,Y,유료,0,1.11402E+12,750,5,750,5,0,0,0,0,0,37.56903312,126.9996061
1235522,청계3(남) 공영주차장(시),중구 주교동 51-3,NS,노상 주차장,1,시간제 주차장,,0,미연계중,1,Y,유료,N,야간 미개방,0900,1900,0900,1500,0000,0000,2026-04-07 13:43,N,무료,Y,유료,0,1.11402E+12,750,5,750,5,0,0,0,0,0,37.56884923,126.9986998
1235522,청계3(남) 공영주차장(시),중구 주교동 51-3,NS,노상 주차장,1,시간제 주차장,,0,미연계중,1,Y,유료,N,야간 미개방,0900,1900,0900,1500,0000,0000,2026-04-07 13:43,N,무료,Y,유료,0,1.11402E+12,750,5,750,5,0,0,0,0,0,37.56897125,126.9992916
1235522,청계3(남) 공영주차장(시),중구 주교동 51-3,NS,노상 주차장,1,시간제 주차장,,0,미연계중,1,Y,유료,N,야간 미개방,0900,1900,0900,1500,0000,0000,2026-04-07 13:43,N,무료,Y,유료,0,1.11402E+12,750,5,750,5,0,0,0,0,0,37.56882563,126.9985651
1235522,청계3(남) 공영주차장(시),중구 주교동 51-3,NS,노상 주차장,1,시간제 주차장,,0,미연계중,1,Y,유료,N,야간 미개방,0900,1900,0900,1500,0000,0000,2026-04-07 13:43,N,무료,Y,유료,0,1.11402E+12,750,5,750,5,0,0,0,0,0,37.5690088,126.999481
1235665,청계6(청평화) 공영주차장(시),중구 신당동 217-91 0,NS,노상 주차장,1,시간제 주차장,02-2252-8036,1,현재~20분이내 연계데이터 존재(현재 주차대수 표현),1,Y,유료,N,야간 미개방,0000,2400,0000,2400,0000,0000,2026-04-07 13:53,N,무료,Y,유료,0,1.11402E+12,450,5,450,5,0,0,0,0,0,37.56959934,127.0150827
1235665,청계6(청평화) 공영주차장(시),중구 신당동 217-91 0,NS,노상 주차장,1,시간제 주차장,02-2252-8036,1,현재~20분이내 연계데이터 존재(현재 주차대수 표현),1,Y,유료,N,야간 미개방,0000,2400,0000,2400,0000,0000,2026-04-07 13:53,N,무료,Y,유료,0,1.11402E+12,450,5,450,5,0,0,0,0,0,37.56959414,127.0147299
1235665,청계6(청평화) 공영주차장(시),중구 신당동 217-91 0,NS,노상 주차장,1,시간제 주차장,02-2252-8036,1,현재~20분이내 연계데이터 존재(현재 주차대수 표현),1,Y,유료,N,야간 미개방,0000,2400,0000,2400,0000,0000,2026-04-07 13:53,N,무료,Y,유료,0,1.11402E+12,450,5,450,5,0,0,0,0,0,37.56960064,127.0151483
1235665,청계6(청평화) 공영주차장(시),중구 신당동 217-91 0,NS,노상 주차장,1,시간제 주차장,02-2252-8036,1,현재~20분이내 연계데이터 존재(현재 주차대수 표현),1,Y,유료,N,야간 미개방,0000,2400,0000,2400,0000,0000,2026-04-07 13:53,N,무료,Y,유료,0,1.11402E+12,450,5,450,5,0,0,0,0,0,37.56960075,127.015214
1235665,청계6(청평화) 공영주차장(시),중구 신당동 217-91 0,NS,노상 주차장,1,시간제 주차장,02-2252-8036,1,현재~20분이내 연계데이터 존재(현재 주차대수 표현),1,Y,유료,N,야간 미개방,0000,2400,0000,2400,0000,0000,2026-04-07 13:53,N,무료,Y,유료,0,1.11402E+12,450,5,450,5,0,0,0,0,0,37.56959839,127.0150174
1236612,남대문 화물 공영주차장(시),중구 남대문로4가 24-1,NS,노상 주차장,1,시간제 주차장,,0,미연계중,1,Y,유료,N,야간 미개방,0900,1900,0900,1900,0900,1900,2026-04-07 13:37,N,무료,N,무료,,1.11401E+12,400,5,400,5,0,0,0,0,,37.56071536,126.977142
1236612,남대문 화물 공영주차장(시),중구 남대문로4가 24-1,NS,노상 주차장,1,시간제 주차장,,0,미연계중,1,Y,유료,N,야간 미개방,0900,1900,0900,1900,0900,1900,2026-04-07 13:37,N,무료,N,무료,,1.11401E+12,400,5,400,5,0,0,0,0,,37.56089728,126.977817
1236612,남대문 화물 공영주차장(시),중구 남대문로4가 24-1,NS,노상 주차장,1,시간제 주차장,,0,미연계중,1,Y,유료,N,야간 미개방,0900,1900,0900,1900,0900,1900,2026-04-07 13:37,N,무료,N,무료,,1.11401E+12,400,5,400,5,0,0,0,0,,37.56096448,126.9781343
1236612,남대문 화물 공영주차장(시),중구 남대문로4가 24-1,NS,노상 주차장,1,시간제 주차장,,0,미연계중,1,Y,유료,N,야간 미개방,0900,1900,0900,1900,0900,1900,2026-04-07 13:37,N,무료,N,무료,,1.11401E+12,400,5,400,5,0,0,0,0,,37.56069448,126.9770804
1236612,남대문 화물 공영주차장(시),중구 남대문로4가 24-1,NS,노상 주차장,1,시간제 주차장,,0,미연계중,1,Y,유료,N,야간 미개방,0900,1900,0900,1900,0900,1900,2026-04-07 13:37,N,무료,N,무료,,1.11401E+12,400,5,400,5,0,0,0,0,,37.56094985,126.9780686
1236612,남대문 화물 공영주차장(시),중구 남대문로4가 24-1,NS,노상 주차장,1,시간제 주차장,,0,미연계중,1,Y,유료,N,야간 미개방,0900,1900,0900,1900,0900,1900,2026-04-07 13:37,N,무료,N,무료,,1.11401E+12,400,5,400,5,0,0,0,0,,37.56092361,126.9779427
1236612,남대문 화물 공영주차장(시),중구 남대문로4가 24-1,NS,노상 주차장,1,시간제 주차장,,0,미연계중,1,Y,유료,N,야간 미개방,0900,1900,0900,1900,0900,1900,2026-04-07 13:37,N,무료,N,무료,,1.11401E+12,400,5,400,5,0,0,0,0,,37.56091076,126.9778802
1236612,남대문 화물 공영주차장(시),중구 남대문로4가 24-1,NS,노상 주차장,1,시간제 주차장,,0,미연계중,1,Y,유료,N,야간 미개방,0900,1900,0900,1900,0900,1900,2026-04-07 13:37,N,무료,N,무료,,1.11401E+12,400,5,400,5,0,0,0,0,,37.56093651,126.9780058
1236612,남대문 화물 공영주차장(시),중구 남대문로4가 24-1,NS,노상 주차장,1,시간제 주차장,,0,미연계중,1,Y,유료,N,야간 미개방,0900,1900,0900,1900,0900,1900,2026-04-07 13:37,N,무료,N,무료,,1.11401E+12,400,5,400,5,0,0,0,0,,37.56067339,126.9770198
1247636,신설동 공영주차장(시),동대문구 신설동 114-29,NW,노외 주차장,1,시간제 주차장,02-2232-6096,1,현재~20분이내 연계데이터 존재(현재 주차대수 표현),79,Y,유료,N,야간 미개방,0900,1900,0900,1900,0900,1900,2026-04-07 11:49,N,무료,N,무료,84000,,360,5,360,5,0,0,0,0,,37.57252061,127.0242568
1247641,천호2동노외주차장(구),강동구 천호동 457-7,NW,노외 주차장,1,시간제 주차장,,0,미연계중,13,Y,유료,N,야간 미개방,0900,1800,0900,1800,,,2019-06-10 9:37,N,무료,Y,유료,,,250,5,250,5,0,0,0,0,0,,
1247659,구의3동 공영주차장(구),광진구 구의동 219-15,NW,노외 주차장,1,시간제 주차장,02-2049-4596,0,미연계중,159,Y,유료,N,야간 미개방,0000,2400,0000,0000,0000,0000,2025-11-21 10:14,Y,유료,Y,유료,0,,150,5,150,5,0,0,0,0,,,
1247661,광진광장 공영주차장(구),광진구 군자동 374-9,NW,노외 주차장,1,시간제 주차장,02-2049-4596,0,미연계중,33,Y,유료,N,야간 미개방,0000,2400,0000,2400,0000,2400,2023-04-26 15:30,N,무료,N,무료,0,,250,5,0,0,0,0,0,0,100000,,
1247675,암사1동 주차장(구),강동구 암사동 59-2,NW,노외 주차장,1,시간제 주차장,02-428-2431,1,현재~20분이내 연계데이터 존재(현재 주차대수 표현),114,Y,유료,N,야간 미개방,0000,2400,0000,2400,0000,2400,2023-12-22 14:25,N,무료,N,무료,80000,,150,5,150,5,0,0,0,0,,,
1247678,망원1-2 공영주차장(구),마포구 망원동 403-2,NW,노외 주차장,1,시간제 주차장,02-300-5046,1,현재~20분이내 연계데이터 존재(현재 주차대수 표현),148,Y,유료,N,야간 미개방,0000,2400,0000,2400,0000,2400,2023-07-07 14:12,N,무료,N,무료,140000,,300,5,300,5,0,0,0,0,0,,
1254863,영등포동제3공영(구),영등포구 영등포동4가 442-0,NW,노외 주차장,1,시간제 주차장,02-2677-1401,1,현재~20분이내 연계데이터 존재(현재 주차대수 표현),172,Y,유료,N,야간 미개방,0000,2400,0000,2400,0000,2400,2023-06-30 16:24,N,무료,N,무료,120000,,250,5,250,5,0,0,0,0,0,,
1268780,청파동1마을공원공영주차장(구),용산구 청파동3가 118-102,NW,노외 주차장,1,시간제 주차장,02-749-5314,0,미연계중,105,Y,유료,N,야간 미개방,0000,2400,0000,2400,0000,2400,2019-06-10 9:38,N,무료,N,무료,98000,,150,5,150,5,0,0,0,0,0,,
1277144,영등포구청역 공영주차장(시),영등포구 당산동3가 370-3,NW,노외 주차장,1,시간제 주차장,02-2290-6089,1,현재~20분이내 연계데이터 존재(현재 주차대수 표현),137,Y,유료,N,야간 미개방,0500,0100,0500,0100,0500,0100,2026-04-07 10:37,N,무료,N,무료,134000,,400,5,400,5,0,0,0,0,,37.52432737,126.8954889
1277145,잠실역 공영주차장(시),송파구 신천동 27-0,NW,노외 주차장,1,시간제 주차장,02-2290-6402,1,현재~20분이내 연계데이터 존재(현재 주차대수 표현),357,Y,유료,N,야간 미개방,0500,0100,0500,0100,0500,0100,2026-04-07 10:39,N,무료,N,무료,275000,,440,5,440,5,0,0,0,0,,37.51427683,127.1034141
1277146,장안2동 공영주차장(시),동대문구 장안동 286-9,NW,노외 주차장,1,시간제 주차장,02-2290-6417,1,현재~20분이내 연계데이터 존재(현재 주차대수 표현),80,Y,유료,N,야간 미개방,0000,2400,0000,2400,0000,2400,2026-04-07 11:52,N,무료,N,무료,84000,,130,5,130,5,0,0,0,0,,37.5782752,127.070619
1277160,당산노외 공영주차장(시),영등포구 당산동3가 2-1,NW,노외 주차장,1,시간제 주차장,02-1533-2315,1,현재~20분이내 연계데이터 존재(현재 주차대수 표현),236,Y,유료,N,야간 미개방,0800,2100,0800,2100,0800,2100,2026-04-07 10:58,N,무료,N,무료,168000,,400,5,400,5,0,0,0,0,,37.52625065,126.8994538
1277163,명일파출소 공영주차장(시),강동구 명일동 47-9,NW,노외 주차장,1,시간제 주차장,,1,현재~20분이내 연계데이터 존재(현재 주차대수 표현),12,Y,유료,N,야간 미개방,0900,2000,0900,1500,0000,0000,2026-04-07 11:14,N,무료,Y,유료,162000,,220,5,220,5,0,0,0,0,,37.55361065,127.1559121
1364466,도곡로21길 7 공영주차장(구),강남구 역삼동 795-25,NW,노외 주차장,1,시간제 주차장,02-2176-0920,1,현재~20분이내 연계데이터 존재(현재 주차대수 표현),75,Y,유료,N,야간 미개방,0000,2400,0000,2400,0000,2400,2020-07-07 18:10,N,무료,N,무료,280000,,400,5,400,5,0,0,0,0,,,
1364468,탄천제2호 공영주차장(구),강남구 일원동 4-49,NW,노외 주차장,1,시간제 주차장,02-2176-0931,1,현재~20분이내 연계데이터 존재(현재 주차대수 표현),322,Y,유료,N,야간 미개방,0000,2400,0000,2400,0000,2400,2020-07-08 18:29,N,무료,N,무료,70000,,100,5,100,5,0,0,0,0,,,
1364472,영희초교 공영주차장(구),강남구 일원동 617-0,NW,노외 주차장,1,시간제 주차장,02-3423-6403,1,현재~20분이내 연계데이터 존재(현재 주차대수 표현),185,Y,유료,N,야간 미개방,0000,2400,0000,2400,0000,2400,2020-07-08 18:27,N,무료,N,무료,70000,,100,5,100,5,0,0,0,0,,,
1366395,개봉1동 노외주차장(구),구로구 개봉동 134-8,NW,노외 주차장,1,시간제 주차장,,1,현재~20분이내 연계데이터 존재(현재 주차대수 표현),134,Y,유료,N,야간 미개방,0000,2400,0000,2400,0000,2400,2026-04-10 16:28,N,무료,N,무료,75000,,100,5,100,5,0,0,0,0,0,,
1366504,송정동(건물) 공영주차장(구),성동구 송정동 68-57,NW,노외 주차장,1,시간제 주차장,02-2204-7970,2,20~120분이내 연계데이터 존재(정보수집중),120,Y,유료,N,야간 미개방,0000,2400,0000,2400,0000,2400,2023-06-28 13:15,N,무료,N,무료,30000,,150,5,,,0,0,0,0,,,
1366527,동작대교 공영주차장(시),용산구 용산동6가 69-11,NW,노외 주차장,1,시간제 주차장,,1,현재~20분이내 연계데이터 존재(현재 주차대수 표현),88,Y,유료,N,야간 미개방,0800,2200,0800,2200,0800,2200,2026-04-07 11:23,N,무료,N,무료,80000,,120,5,120,5,0,0,0,0,0,37.518577,126.983287
1366576,개화역 공영주차장(시),강서구 개화동 664-0,NW,노외 주차장,1,시간제 주차장,02-2290-6312,1,현재~20분이내 연계데이터 존재(현재 주차대수 표현),483,Y,유료,N,야간 미개방,0000,2400,0000,2400,0000,2400,2026-04-06 17:18,N,무료,N,무료,109000,,290,5,290,5,0,0,0,0,0,37.57798421,126.7982122
1366590,신대방역 공영주차장(시),관악구 신림동 498-0,NW,노외 주차장,1,시간제 주차장,02-2290-6144,1,현재~20분이내 연계데이터 존재(현재 주차대수 표현),60,Y,유료,N,야간 미개방,0000,2400,0000,2400,0000,2400,2026-04-06 17:43,N,무료,N,무료,168000,,360,5,360,5,0,0,0,0,,37.48830327,126.9145228
1366593,구로디지털단지역(상) 공영주차장(시),관악구 신림동 1677-5,NW,노외 주차장,1,시간제 주차장,,1,현재~20분이내 연계데이터 존재(현재 주차대수 표현),31,Y,유료,N,야간 미개방,0800,2100,0800,2100,0800,2100,2026-04-07 10:53,N,무료,N,무료,168000,,360,5,360,5,0,0,0,0,,37.48481135,126.9032339
1366602,일원터널 공영주차장(시),강남구 일원동 722-1,NW,노외 주차장,1,시간제 주차장,02-2290-6449,0,미연계중,11,Y,유료,N,야간 미개방,0000,2400,0000,2400,0000,2400,2026-04-07 11:51,N,무료,N,무료,84000,,130,5,130,5,0,0,0,0,0,37.48285728,127.079372
1366624,창동역(서) 공영주차장(시),도봉구 창동 330-0,NW,노외 주차장,1,시간제 주차장,,1,현재~20분이내 연계데이터 존재(현재 주차대수 표현),106,Y,유료,N,야간 미개방,0000,2400,0000,2400,0000,2400,2026-04-07 11:43,N,무료,N,무료,168000,,320,5,320,5,0,0,0,0,,37.65237042,127.0456768
1366789,청암공영주차장(무인)(구),강북구 미아동 791-1694,NW,노외 주차장,1,시간제 주차장,02-944-3025,0,미연계중,47,Y,유료,N,야간 미개방,0000,2400,0000,2400,0000,2400,2019-06-10 9:32,N,무료,N,무료,60000,,150,5,150,5,0,0,0,0,0,,
1366790,은혜공영주차장(무인)(구),강북구 미아동 791-1049,NW,노외 주차장,1,시간제 주차장,02-944-3025,0,미연계중,20,Y,유료,N,야간 미개방,0000,2400,0000,2400,0000,2400,2023-07-18 17:52,N,무료,N,무료,60000,,150,5,150,5,0,0,0,0,10000,,
1366792,수유일공원 공영주차장(구),강북구 수유동 605-407,NW,노외 주차장,1,시간제 주차장,02-944-3042,0,미연계중,90,Y,유료,N,야간 미개방,0000,2400,0000,2400,0000,2400,2026-04-08 17:14,N,무료,N,무료,100000,,200,5,200,5,0,0,0,0,10000,,
1366793,번2동 공영주차장(무인)(구),강북구 번동 148-140,NW,노외 주차장,1,시간제 주차장,02-944-3025,0,미연계중,20,Y,유료,N,야간 미개방,0000,2400,0000,2400,0000,2400,2023-07-19 13:11,N,무료,N,무료,60000,,150,5,150,5,0,0,0,0,0,,
1366794,미아동 공영주차장(구),강북구 미아동 222-100,NW,노외 주차장,1,시간제 주차장,02-944-3048,0,미연계중,155,Y,유료,N,야간 미개방,0000,2400,0000,2400,0000,2400,2026-04-08 17:09,N,무료,N,무료,80000,,150,5,150,5,0,0,0,0,10000,,
1366903,석계역 공영주차장(시),노원구 월계동 50-9,NW,노외 주차장,1,시간제 주차장,,1,현재~20분이내 연계데이터 존재(현재 주차대수 표현),70,Y,유료,N,야간 미개방,0000,2400,0000,2400,0000,2400,2026-04-07 11:42,N,무료,N,무료,168000,,280,5,280,5,0,0,0,0,,37.615292,127.062997
1367120,동구로 공영주차장(시),구로구 구로동 94-1,NW,노외 주차장,1,시간제 주차장,02-3405-4086,1,현재~20분이내 연계데이터 존재(현재 주차대수 표현),70,Y,유료,N,야간 미개방,0000,2400,0000,2400,0000,2400,2026-04-07 11:46,N,무료,N,무료,168000,,320,5,320,5,0,0,0,0,0,37.49510602,126.8918616
1367773,가산동 금천교 공영주차장(시),금천구 가산동 691-3,NS,노상 주차장,1,시간제 주차장,,1,현재~20분이내 연계데이터 존재(현재 주차대수 표현),1,Y,유료,N,야간 미개방,0900,1900,0900,1500,0000,0000,2026-04-07 10:53,N,무료,Y,유료,140000,1.15451E+12,200,5,200,5,0,0,0,0,0,37.46581074,126.8868008
1367773,가산동 금천교 공영주차장(시),금천구 가산동 691-3,NS,노상 주차장,1,시간제 주차장,,1,현재~20분이내 연계데이터 존재(현재 주차대수 표현),1,Y,유료,N,야간 미개방,0900,1900,0900,1500,0000,0000,2026-04-07 10:53,N,무료,Y,유료,140000,1.15451E+12,200,5,200,5,0,0,0,0,0,37.4659915,126.8874128
1367773,가산동 금천교 공영주차장(시),금천구 가산동 691-3,NS,노상 주차장,1,시간제 주차장,,1,현재~20분이내 연계데이터 존재(현재 주차대수 표현),1,Y,유료,N,야간 미개방,0900,1900,0900,1500,0000,0000,2026-04-07 10:53,N,무료,Y,유료,140000,1.15451E+12,200,5,200,5,0,0,0,0,0,37.46585945,126.886967
1367773,가산동 금천교 공영주차장(시),금천구 가산동 691-3,NS,노상 주차장,1,시간제 주차장,,1,현재~20분이내 연계데이터 존재(현재 주차대수 표현),1,Y,유료,N,야간 미개방,0900,1900,0900,1500,0000,0000,2026-04-07 10:53,N,무료,Y,유료,140000,1.15451E+12,200,5,200,5,0,0,0,0,0,37.46598829,126.8871259
1367773,가산동 금천교 공영주차장(시),금천구 가산동 691-3,NS,노상 주차장,1,시간제 주차장,,1,현재~20분이내 연계데이터 존재(현재 주차대수 표현),1,Y,유료,N,야간 미개방,0900,1900,0900,1500,0000,0000,2026-04-07 10:53,N,무료,Y,유료,140000,1.15451E+12,200,5,200,5,0,0,0,0,0,37.46601541,126.8874919
1367773,가산동 금천교 공영주차장(시),금천구 가산동 691-3,NS,노상 주차장,1,시간제 주차장,,1,현재~20분이내 연계데이터 존재(현재 주차대수 표현),1,Y,유료,N,야간 미개방,0900,1900,0900,1500,0000,0000,2026-04-07 10:53,N,무료,Y,유료,140000,1.15451E+12,200,5,200,5,0,0,0,0,0,37.4658692,126.8870002
1367773,가산동 금천교 공영주차장(시),금천구 가산동 691-3,NS,노상 주차장,1,시간제 주차장,,1,현재~20분이내 연계데이터 존재(현재 주차대수 표현),1,Y,유료,N,야간 미개방,0900,1900,0900,1500,0000,0000,2026-04-07 10:53,N,무료,Y,유료,140000,1.15451E+12,200,5,200,5,0,0,0,0,0,37.46600346,126.8874524
1367773,가산동 금천교 공영주차장(시),금천구 가산동 691-3,NS,노상 주차장,1,시간제 주차장,,1,현재~20분이내 연계데이터 존재(현재 주차대수 표현),1,Y,유료,N,야간 미개방,0900,1900,0900,1500,0000,0000,2026-04-07 10:53,N,무료,Y,유료,140000,1.15451E+12,200,5,200,5,0,0,0,0,0,37.46587894,126.8870334
1367773,가산동 금천교 공영주차장(시),금천구 가산동 691-3,NS,노상 주차장,1,시간제 주차장,,1,현재~20분이내 연계데이터 존재(현재 주차대수 표현),1,Y,유료,N,야간 미개방,0900,1900,0900,1500,0000,0000,2026-04-07 10:53,N,무료,Y,유료,140000,1.15451E+12,200,5,200,5,0,0,0,0,0,37.46598553,126.8873931
1367773,가산동 금천교 공영주차장(시),금천구 가산동 691-3,NS,노상 주차장,1,시간제 주차장,,1,현재~20분이내 연계데이터 존재(현재 주차대수 표현),1,Y,유료,N,야간 미개방,0900,1900,0900,1500,0000,0000,2026-04-07 10:53,N,무료,Y,유료,140000,1.15451E+12,200,5,200,5,0,0,0,0,0,37.46574622,126.8870666
1367773,가산동 금천교 공영주차장(시),금천구 가산동 691-3,NS,노상 주차장,1,시간제 주차장,,1,현재~20분이내 연계데이터 존재(현재 주차대수 표현),1,Y,유료,N,야간 미개방,0900,1900,0900,1500,0000,0000,2026-04-07 10:53,N,무료,Y,유료,140000,1.15451E+12,200,5,200,5,0,0,0,0,0,37.46597358,126.8873535
1367773,가산동 금천교 공영주차장(시),금천구 가산동 691-3,NS,노상 주차장,1,시간제 주차장,,1,현재~20분이내 연계데이터 존재(현재 주차대수 표현),1,Y,유료,N,야간 미개방,0900,1900,0900,1500,0000,0000,2026-04-07 10:53,N,무료,Y,유료,140000,1.15451E+12,200,5,200,5,0,0,0,0,0,37.46592765,126.8871996
1367773,가산동 금천교 공영주차장(시),금천구 가산동 691-3,NS,노상 주차장,1,시간제 주차장,,1,현재~20분이내 연계데이터 존재(현재 주차대수 표현),1,Y,유료,N,야간 미개방,0900,1900,0900,1500,0000,0000,2026-04-07 10:53,N,무료,Y,유료,140000,1.15451E+12,200,5,200,5,0,0,0,0,0,37.465801,126.8867676
1367773,가산동 금천교 공영주차장(시),금천구 가산동 691-3,NS,노상 주차장,1,시간제 주차장,,1,현재~20분이내 연계데이터 존재(현재 주차대수 표현),1,Y,유료,N,야간 미개방,0900,1900,0900,1500,0000,0000,2026-04-07 10:53,N,무료,Y,유료,140000,1.15451E+12,200,5,200,5,0,0,0,0,0,37.46575072,126.8870837
1367773,가산동 금천교 공영주차장(시),금천구 가산동 691-3,NS,노상 주차장,1,시간제 주차장,,1,현재~20분이내 연계데이터 존재(현재 주차대수 표현),1,Y,유료,N,야간 미개방,0900,1900,0900,1500,0000,0000,2026-04-07 10:53,N,무료,Y,유료,140000,1.15451E+12,200,5,200,5,0,0,0,0,0,37.46599748,126.8874326
1367773,가산동 금천교 공영주차장(시),금천구 가산동 691-3,NS,노상 주차장,1,시간제 주차장,,1,현재~20분이내 연계데이터 존재(현재 주차대수 표현),1,Y,유료,N,야간 미개방,0900,1900,0900,1500,0000,0000,2026-04-07 10:53,N,무료,Y,유료,140000,1.15451E+12,200,5,200,5,0,0,0,0,0,37.46595658,126.8870119
1367773,가산동 금천교 공영주차장(시),금천구 가산동 691-3,NS,노상 주차장,1,시간제 주차장,,1,현재~20분이내 연계데이터 존재(현재 주차대수 표현),1,Y,유료,N,야간 미개방,0900,1900,0900,1500,0000,0000,2026-04-07 10:53,N,무료,Y,유료,140000,1.15451E+12,200,5,200,5,0,0,0,0,0,37.46573721,126.8870323
1367773,가산동 금천교 공영주차장(시),금천구 가산동 691-3,NS,노상 주차장,1,시간제 주차장,,1,현재~20분이내 연계데이터 존재(현재 주차대수 표현),1,Y,유료,N,야간 미개방,0900,1900,0900,1500,0000,0000,2026-04-07 10:53,N,무료,Y,유료,140000,1.15451E+12,200,5,200,5,0,0,0,0,0,37.46602138,126.8875116
1367773,가산동 금천교 공영주차장(시),금천구 가산동 691-3,NS,노상 주차장,1,시간제 주차장,,1,현재~20분이내 연계데이터 존재(현재 주차대수 표현),1,Y,유료,N,야간 미개방,0900,1900,0900,1500,0000,0000,2026-04-07 10:53,N,무료,Y,유료,140000,1.15451E+12,200,5,200,5,0,0,0,0,0,37.46583997,126.8869005
1367773,가산동 금천교 공영주차장(시),금천구 가산동 691-3,NS,노상 주차장,1,시간제 주차장,,1,현재~20분이내 연계데이터 존재(현재 주차대수 표현),1,Y,유료,N,야간 미개방,0900,1900,0900,1500,0000,0000,2026-04-07 10:53,N,무료,Y,유료,140000,1.15451E+12,200,5,200,5,0,0,0,0,0,37.46594073,126.8869549
1367773,가산동 금천교 공영주차장(시),금천구 가산동 691-3,NS,노상 주차장,1,시간제 주차장,,1,현재~20분이내 연계데이터 존재(현재 주차대수 표현),1,Y,유료,N,야간 미개방,0900,1900,0900,1500,0000,0000,2026-04-07 10:53,N,무료,Y,유료,140000,1.15451E+12,200,5,200,5,0,0,0,0,0,37.46602,126.88724
1367773,가산동 금천교 공영주차장(시),금천구 가산동 691-3,NS,노상 주차장,1,시간제 주차장,,1,현재~20분이내 연계데이터 존재(현재 주차대수 표현),1,Y,유료,N,야간 미개방,0900,1900,0900,1500,0000,0000,2026-04-07 10:53,N,무료,Y,유료,140000,1.15451E+12,200,5,200,5,0,0,0,0,0,37.46593739,126.8872329
1367773,가산동 금천교 공영주차장(시),금천구 가산동 691-3,NS,노상 주차장,1,시간제 주차장,,1,현재~20분이내 연계데이터 존재(현재 주차대수 표현),1,Y,유료,N,야간 미개방,0900,1900,0900,1500,0000,0000,2026-04-07 10:53,N,무료,Y,유료,140000,1.15451E+12,200,5,200,5,0,0,0,0,0,37.46584971,126.8869337
1367773,가산동 금천교 공영주차장(시),금천구 가산동 691-3,NS,노상 주차장,1,시간제 주차장,,1,현재~20분이내 연계데이터 존재(현재 주차대수 표현),1,Y,유료,N,야간 미개방,0900,1900,0900,1500,0000,0000,2026-04-07 10:53,N,무료,Y,유료,140000,1.15451E+12,200,5,200,5,0,0,0,0,0,37.46597955,126.8873733
1367773,가산동 금천교 공영주차장(시),금천구 가산동 691-3,NS,노상 주차장,1,시간제 주차장,,1,현재~20분이내 연계데이터 존재(현재 주차대수 표현),1,Y,유료,N,야간 미개방,0900,1900,0900,1500,0000,0000,2026-04-07 10:53,N,무료,Y,유료,140000,1.15451E+12,200,5,200,5,0,0,0,0,0,37.46591791,126.8871664
1367773,가산동 금천교 공영주차장(시),금천구 가산동 691-3,NS,노상 주차장,1,시간제 주차장,,1,현재~20분이내 연계데이터 존재(현재 주차대수 표현),1,Y,유료,N,야간 미개방,0900,1900,0900,1500,0000,0000,2026-04-07 10:53,N,무료,Y,유료,140000,1.15451E+12,200,5,200,5,0,0,0,0,0,37.46582048,126.886834
1367773,가산동 금천교 공영주차장(시),금천구 가산동 691-3,NS,노상 주차장,1,시간제 주차장,,1,현재~20분이내 연계데이터 존재(현재 주차대수 표현),1,Y,유료,N,야간 미개방,0900,1900,0900,1500,0000,0000,2026-04-07 10:53,N,무료,Y,유료,140000,1.15451E+12,200,5,200,5,0,0,0,0,0,37.46597244,126.8870689
1367773,가산동 금천교 공영주차장(시),금천구 가산동 691-3,NS,노상 주차장,1,시간제 주차장,,1,현재~20분이내 연계데이터 존재(현재 주차대수 표현),1,Y,유료,N,야간 미개방,0900,1900,0900,1500,0000,0000,2026-04-07 10:53,N,무료,Y,유료,140000,1.15451E+12,200,5,200,5,0,0,0,0,0,37.46602736,126.8875314
1367773,가산동 금천교 공영주차장(시),금천구 가산동 691-3,NS,노상 주차장,1,시간제 주차장,,1,현재~20분이내 연계데이터 존재(현재 주차대수 표현),1,Y,유료,N,야간 미개방,0900,1900,0900,1500,0000,0000,2026-04-07 10:53,N,무료,Y,유료,140000,1.15451E+12,200,5,200,5,0,0,0,0,0,37.46575522,126.8871008
1367773,가산동 금천교 공영주차장(시),금천구 가산동 691-3,NS,노상 주차장,1,시간제 주차장,,1,현재~20분이내 연계데이터 존재(현재 주차대수 표현),1,Y,유료,N,야간 미개방,0900,1900,0900,1500,0000,0000,2026-04-07 10:53,N,무료,Y,유료,140000,1.15451E+12,200,5,200,5,0,0,0,0,0,37.46583023,126.8868673
1367773,가산동 금천교 공영주차장(시),금천구 가산동 691-3,NS,노상 주차장,1,시간제 주차장,,1,현재~20분이내 연계데이터 존재(현재 주차대수 표현),1,Y,유료,N,야간 미개방,0900,1900,0900,1500,0000,0000,2026-04-07 10:53,N,무료,Y,유료,140000,1.15451E+12,200,5,200,5,0,0,0,0,0,37.46600415,126.887183
1367773,가산동 금천교 공영주차장(시),금천구 가산동 691-3,NS,노상 주차장,1,시간제 주차장,,1,현재~20분이내 연계데이터 존재(현재 주차대수 표현),1,Y,유료,N,야간 미개방,0900,1900,0900,1500,0000,0000,2026-04-07 10:53,N,무료,Y,유료,140000,1.15451E+12,200,5,200,5,0,0,0,0,0,37.46589842,126.8870999
1367773,가산동 금천교 공영주차장(시),금천구 가산동 691-3,NS,노상 주차장,1,시간제 주차장,,1,현재~20분이내 연계데이터 존재(현재 주차대수 표현),1,Y,유료,N,야간 미개방,0900,1900,0900,1500,0000,0000,2026-04-07 10:53,N,무료,Y,유료,140000,1.15451E+12,200,5,200,5,0,0,0,0,0,37.46588868,126.8870667
1367773,가산동 금천교 공영주차장(시),금천구 가산동 691-3,NS,노상 주차장,1,시간제 주차장,,1,현재~20분이내 연계데이터 존재(현재 주차대수 표현),1,Y,유료,N,야간 미개방,0900,1900,0900,1500,0000,0000,2026-04-07 10:53,N,무료,Y,유료,140000,1.15451E+12,200,5,200,5,0,0,0,0,0,37.46600943,126.8874721
1367773,가산동 금천교 공영주차장(시),금천구 가산동 691-3,NS,노상 주차장,1,시간제 주차장,,1,현재~20분이내 연계데이터 존재(현재 주차대수 표현),1,Y,유료,N,야간 미개방,0900,1900,0900,1500,0000,0000,2026-04-07 10:53,N,무료,Y,유료,140000,1.15451E+12,200,5,200,5,0,0,0,0,0,37.46574171,126.8870494
1367773,가산동 금천교 공영주차장(시),금천구 가산동 691-3,NS,노상 주차장,1,시간제 주차장,,1,현재~20분이내 연계데이터 존재(현재 주차대수 표현),1,Y,유료,N,야간 미개방,0900,1900,0900,1500,0000,0000,2026-04-07 10:53,N,무료,Y,유료,140000,1.15451E+12,200,5,200,5,0,0,0,0,0,37.46590816,126.8871332
1367773,가산동 금천교 공영주차장(시),금천구 가산동 691-3,NS,노상 주차장,1,시간제 주차장,,1,현재~20분이내 연계데이터 존재(현재 주차대수 표현),1,Y,유료,N,야간 미개방,0900,1900,0900,1500,0000,0000,2026-04-07 10:53,N,무료,Y,유료,140000,1.15451E+12,200,5,200,5,0,0,0,0,0,37.4659676,126.8873338
1367792,당산고가밑 공영주차장(시),영등포구 당산동5가 9-15,NS,노상 주차장,1,시간제 주차장,,1,현재~20분이내 연계데이터 존재(현재 주차대수 표현),1,Y,유료,N,야간 미개방,0900,1900,0900,1500,0000,0000,2026-04-07 10:57,N,무료,Y,유료,,1.15601E+12,450,5,450,5,0,0,0,0,,37.53249922,126.9007705
1367792,당산고가밑 공영주차장(시),영등포구 당산동5가 9-15,NS,노상 주차장,1,시간제 주차장,,1,현재~20분이내 연계데이터 존재(현재 주차대수 표현),1,Y,유료,N,야간 미개방,0900,1900,0900,1500,0000,0000,2026-04-07 10:57,N,무료,Y,유료,,1.15601E+12,450,5,450,5,0,0,0,0,,37.53258231,126.9008395
1367792,당산고가밑 공영주차장(시),영등포구 당산동5가 9-15,NS,노상 주차장,1,시간제 주차장,,1,현재~20분이내 연계데이터 존재(현재 주차대수 표현),1,Y,유료,N,야간 미개방,0900,1900,0900,1500,0000,0000,2026-04-07 10:57,N,무료,Y,유료,,1.15601E+12,450,5,450,5,0,0,0,0,,37.53226891,126.9005856
1367792,당산고가밑 공영주차장(시),영등포구 당산동5가 9-15,NS,노상 주차장,1,시간제 주차장,,1,현재~20분이내 연계데이터 존재(현재 주차대수 표현),1,Y,유료,N,야간 미개방,0900,1900,0900,1500,0000,0000,2026-04-07 10:57,N,무료,Y,유료,,1.15601E+12,450,5,450,5,0,0,0,0,,37.53253601,126.900798
1367792,당산고가밑 공영주차장(시),영등포구 당산동5가 9-15,NS,노상 주차장,1,시간제 주차장,,1,현재~20분이내 연계데이터 존재(현재 주차대수 표현),1,Y,유료,N,야간 미개방,0900,1900,0900,1500,0000,0000,2026-04-07 10:57,N,무료,Y,유료,,1.15601E+12,450,5,450,5,0,0,0,0,,37.53232003,126.9006281
1367792,당산고가밑 공영주차장(시),영등포구 당산동5가 9-15,NS,노상 주차장,1,시간제 주차장,,1,현재~20분이내 연계데이터 존재(현재 주차대수 표현),1,Y,유료,N,야간 미개방,0900,1900,0900,1500,0000,0000,2026-04-07 10:57,N,무료,Y,유료,,1.15601E+12,450,5,450,5,0,0,0,0,,37.53241255,126.9007014
1367792,당산고가밑 공영주차장(시),영등포구 당산동5가 9-15,NS,노상 주차장,1,시간제 주차장,,1,현재~20분이내 연계데이터 존재(현재 주차대수 표현),1,Y,유료,N,야간 미개방,0900,1900,0900,1500,0000,0000,2026-04-07 10:57,N,무료,Y,유료,,1.15601E+12,450,5,450,5,0,0,0,0,,37.53246127,126.9007439
1367792,당산고가밑 공영주차장(시),영등포구 당산동5가 9-15,NS,노상 주차장,1,시간제 주차장,,1,현재~20분이내 연계데이터 존재(현재 주차대수 표현),1,Y,유료,N,야간 미개방,0900,1900,0900,1500,0000,0000,2026-04-07 10:57,N,무료,Y,유료,,1.15601E+12,450,5,450,5,0,0,0,0,,37.5322108,126.9005383
1367792,당산고가밑 공영주차장(시),영등포구 당산동5가 9-15,NS,노상 주차장,1,시간제 주차장,,1,현재~20분이내 연계데이터 존재(현재 주차대수 표현),1,Y,유료,N,야간 미개방,0900,1900,0900,1500,0000,0000,2026-04-07 10:57,N,무료,Y,유료,,1.15601E+12,450,5,450,5,0,0,0,0,,37.532517,126.9007852
1367792,당산고가밑 공영주차장(시),영등포구 당산동5가 9-15,NS,노상 주차장,1,시간제 주차장,,1,현재~20분이내 연계데이터 존재(현재 주차대수 표현),1,Y,유료,N,야간 미개방,0900,1900,0900,1500,0000,0000,2026-04-07 10:57,N,무료,Y,유료,,1.15601E+12,450,5,450,5,0,0,0,0,,37.53235797,126.9006576
1367792,당산고가밑 공영주차장(시),영등포구 당산동5가 9-15,NS,노상 주차장,1,시간제 주차장,,1,현재~20분이내 연계데이터 존재(현재 주차대수 표현),1,Y,유료,N,야간 미개방,0900,1900,0900,1500,0000,0000,2026-04-07 10:57,N,무료,Y,유료,,1.15601E+12,450,5,450,5,0,0,0,0,,37.53230224,126.9006148
1367792,당산고가밑 공영주차장(시),영등포구 당산동5가 9-15,NS,노상 주차장,1,시간제 주차장,,1,현재~20분이내 연계데이터 존재(현재 주차대수 표현),1,Y,유료,N,야간 미개방,0900,1900,0900,1500,0000,0000,2026-04-07 10:57,N,무료,Y,유료,,1.15601E+12,450,5,450,5,0,0,0,0,,37.53248026,126.9007572
1367792,당산고가밑 공영주차장(시),영등포구 당산동5가 9-15,NS,노상 주차장,1,시간제 주차장,,1,현재~20분이내 연계데이터 존재(현재 주차대수 표현),1,Y,유료,N,야간 미개방,0900,1900,0900,1500,0000,0000,2026-04-07 10:57,N,무료,Y,유료,,1.15601E+12,450,5,450,5,0,0,0,0,,37.53260008,126.9008543
1367792,당산고가밑 공영주차장(시),영등포구 당산동5가 9-15,NS,노상 주차장,1,시간제 주차장,,1,현재~20분이내 연계데이터 존재(현재 주차대수 표현),1,Y,유료,N,야간 미개방,0900,1900,0900,1500,0000,0000,2026-04-07 10:57,N,무료,Y,유료,,1.15601E+12,450,5,450,5,0,0,0,0,,37.53244226,126.9007296
1367792,당산고가밑 공영주차장(시),영등포구 당산동5가 9-15,NS,노상 주차장,1,시간제 주차장,,1,현재~20분이내 연계데이터 존재(현재 주차대수 표현),1,Y,유료,N,야간 미개방,0900,1900,0900,1500,0000,0000,2026-04-07 10:57,N,무료,Y,유료,,1.15601E+12,450,5,450,5,0,0,0,0,,37.53256573,126.9008262
1367792,당산고가밑 공영주차장(시),영등포구 당산동5가 9-15,NS,노상 주차장,1,시간제 주차장,,1,현재~20분이내 연계데이터 존재(현재 주차대수 표현),1,Y,유료,N,야간 미개방,0900,1900,0900,1500,0000,0000,2026-04-07 10:57,N,무료,Y,유료,,1.15601E+12,450,5,450,5,0,0,0,0,,37.53223098,126.9005545
1367792,당산고가밑 공영주차장(시),영등포구 당산동5가 9-15,NS,노상 주차장,1,시간제 주차장,,1,현재~20분이내 연계데이터 존재(현재 주차대수 표현),1,Y,유료,N,야간 미개방,0900,1900,0900,1500,0000,0000,2026-04-07 10:57,N,무료,Y,유료,,1.15601E+12,450,5,450,5,0,0,0,0,,37.53225113,126.9005708
1367792,당산고가밑 공영주차장(시),영등포구 당산동5가 9-15,NS,노상 주차장,1,시간제 주차장,,1,현재~20분이내 연계데이터 존재(현재 주차대수 표현),1,Y,유료,N,야간 미개방,0900,1900,0900,1500,0000,0000,2026-04-07 10:57,N,무료,Y,유료,,1.15601E+12,450,5,450,5,0,0,0,0,,37.53237698,126.9006719
1367792,당산고가밑 공영주차장(시),영등포구 당산동5가 9-15,NS,노상 주차장,1,시간제 주차장,,1,현재~20분이내 연계데이터 존재(현재 주차대수 표현),1,Y,유료,N,야간 미개방,0900,1900,0900,1500,0000,0000,2026-04-07 10:57,N,무료,Y,유료,,1.15601E+12,450,5,450,5,0,0,0,0,,37.5321894,126.900521
1367792,당산고가밑 공영주차장(시),영등포구 당산동5가 9-15,NS,노상 주차장,1,시간제 주차장,,1,현재~20분이내 연계데이터 존재(현재 주차대수 표현),1,Y,유료,N,야간 미개방,0900,1900,0900,1500,0000,0000,2026-04-07 10:57,N,무료,Y,유료,,1.15601E+12,450,5,450,5,0,0,0,0,,37.53216832,126.900505
1367792,당산고가밑 공영주차장(시),영등포구 당산동5가 9-15,NS,노상 주차장,1,시간제 주차장,,1,현재~20분이내 연계데이터 존재(현재 주차대수 표현),1,Y,유료,N,야간 미개방,0900,1900,0900,1500,0000,0000,2026-04-07 10:57,N,무료,Y,유료,,1.15601E+12,450,5,450,5,0,0,0,0,,37.532339,126.9006428
1367792,당산고가밑 공영주차장(시),영등포구 당산동5가 9-15,NS,노상 주차장,1,시간제 주차장,,1,현재~20분이내 연계데이터 존재(현재 주차대수 표현),1,Y,유료,N,야간 미개방,0900,1900,0900,1500,0000,0000,2026-04-07 10:57,N,무료,Y,유료,,1.15601E+12,450,5,450,5,0,0,0,0,,37.53239477,126.9006866
1367792,당산고가밑 공영주차장(시),영등포구 당산동5가 9-15,NS,노상 주차장,1,시간제 주차장,,1,현재~20분이내 연계데이터 존재(현재 주차대수 표현),1,Y,유료,N,야간 미개방,0900,1900,0900,1500,0000,0000,2026-04-07 10:57,N,무료,Y,유료,,1.15601E+12,450,5,450,5,0,0,0,0,,37.53261905,126.9008675
1367804,을지로 공영주차장(시),중구 을지로3가 282-8,NS,노상 주차장,1,시간제 주차장,02-2274-2009,1,현재~20분이내 연계데이터 존재(현재 주차대수 표현),1,Y,유료,N,야간 미개방,0900,1900,0900,1500,0000,0000,2026-04-07 11:32,N,무료,Y,유료,,1.11402E+12,810,5,810,5,0,0,0,0,,37.56618265,126.990359
1367804,을지로 공영주차장(시),중구 을지로3가 282-8,NS,노상 주차장,1,시간제 주차장,02-2274-2009,1,현재~20분이내 연계데이터 존재(현재 주차대수 표현),1,Y,유료,N,야간 미개방,0900,1900,0900,1500,0000,0000,2026-04-07 11:32,N,무료,Y,유료,,1.11402E+12,810,5,810,5,0,0,0,0,,37.566206,126.990783
1367804,을지로 공영주차장(시),중구 을지로3가 282-8,NS,노상 주차장,1,시간제 주차장,02-2274-2009,1,현재~20분이내 연계데이터 존재(현재 주차대수 표현),1,Y,유료,N,야간 미개방,0900,1900,0900,1500,0000,0000,2026-04-07 11:32,N,무료,Y,유료,,1.11402E+12,810,5,810,5,0,0,0,0,,37.56702745,126.9978968
1367804,을지로 공영주차장(시),중구 을지로3가 282-8,NS,노상 주차장,1,시간제 주차장,02-2274-2009,1,현재~20분이내 연계데이터 존재(현재 주차대수 표현),1,Y,유료,N,야간 미개방,0900,1900,0900,1500,0000,0000,2026-04-07 11:32,N,무료,Y,유료,,1.11402E+12,810,5,810,5,0,0,0,0,,37.56666492,126.9997969
1367804,을지로 공영주차장(시),중구 을지로3가 282-8,NS,노상 주차장,1,시간제 주차장,02-2274-2009,1,현재~20분이내 연계데이터 존재(현재 주차대수 표현),1,Y,유료,N,야간 미개방,0900,1900,0900,1500,0000,0000,2026-04-07 11:32,N,무료,Y,유료,,1.11402E+12,810,5,810,5,0,0,0,0,,37.56666777,126.996969
1367804,을지로 공영주차장(시),중구 을지로3가 282-8,NS,노상 주차장,1,시간제 주차장,02-2274-2009,1,현재~20분이내 연계데이터 존재(현재 주차대수 표현),1,Y,유료,N,야간 미개방,0900,1900,0900,1500,0000,0000,2026-04-07 11:32,N,무료,Y,유료,,1.11402E+12,810,5,810,5,0,0,0,0,,37.56640768,126.9947301
1367804,을지로 공영주차장(시),중구 을지로3가 282-8,NS,노상 주차장,1,시간제 주차장,02-2274-2009,1,현재~20분이내 연계데이터 존재(현재 주차대수 표현),1,Y,유료,N,야간 미개방,0900,1900,0900,1500,0000,0000,2026-04-07 11:32,N,무료,Y,유료,,1.11402E+12,810,5,810,5,0,0,0,0,,37.56704653,126.9983472
1367804,을지로 공영주차장(시),중구 을지로3가 282-8,NS,노상 주차장,1,시간제 주차장,02-2274-2009,1,현재~20분이내 연계데이터 존재(현재 주차대수 표현),1,Y,유료,N,야간 미개방,0900,1900,0900,1500,0000,0000,2026-04-07 11:32,N,무료,Y,유료,,1.11402E+12,810,5,810,5,0,0,0,0,,37.56637687,126.9940677
1367804,을지로 공영주차장(시),중구 을지로3가 282-8,NS,노상 주차장,1,시간제 주차장,02-2274-2009,1,현재~20분이내 연계데이터 존재(현재 주차대수 표현),1,Y,유료,N,야간 미개방,0900,1900,0900,1500,0000,0000,2026-04-07 11:32,N,무료,Y,유료,,1.11402E+12,810,5,810,5,0,0,0,0,,37.56657392,126.9948799
1367804,을지로 공영주차장(시),중구 을지로3가 282-8,NS,노상 주차장,1,시간제 주차장,02-2274-2009,1,현재~20분이내 연계데이터 존재(현재 주차대수 표현),1,Y,유료,N,야간 미개방,0900,1900,0900,1500,0000,0000,2026-04-07 11:32,N,무료,Y,유료,,1.11402E+12,810,5,810,5,0,0,0,0,,37.56633722,126.993251
1367804,을지로 공영주차장(시),중구 을지로3가 282-8,NS,노상 주차장,1,시간제 주차장,02-2274-2009,1,현재~20분이내 연계데이터 존재(현재 주차대수 표현),1,Y,유료,N,야간 미개방,0900,1900,0900,1500,0000,0000,2026-04-07 11:32,N,무료,Y,유료,,1.11402E+12,810,5,810,5,0,0,0,0,,37.56637312,126.9940033
1367804,을지로 공영주차장(시),중구 을지로3가 282-8,NS,노상 주차장,1,시간제 주차장,02-2274-2009,1,현재~20분이내 연계데이터 존재(현재 주차대수 표현),1,Y,유료,N,야간 미개방,0900,1900,0900,1500,0000,0000,2026-04-07 11:32,N,무료,Y,유료,,1.11402E+12,810,5,810,5,0,0,0,0,,37.56634016,126.9933149
1367804,을지로 공영주차장(시),중구 을지로3가 282-8,NS,노상 주차장,1,시간제 주차장,02-2274-2009,1,현재~20분이내 연계데이터 존재(현재 주차대수 표현),1,Y,유료,N,야간 미개방,0900,1900,0900,1500,0000,0000,2026-04-07 11:32,N,무료,Y,유료,,1.11402E+12,810,5,810,5,0,0,0,0,,37.56667666,126.9971609
1367804,을지로 공영주차장(시),중구 을지로3가 282-8,NS,노상 주차장,1,시간제 주차장,02-2274-2009,1,현재~20분이내 연계데이터 존재(현재 주차대수 표현),1,Y,유료,N,야간 미개방,0900,1900,0900,1500,0000,0000,2026-04-07 11:32,N,무료,Y,유료,,1.11402E+12,810,5,810,5,0,0,0,0,,37.56634314,126.9933788
1367804,을지로 공영주차장(시),중구 을지로3가 282-8,NS,노상 주차장,1,시간제 주차장,02-2274-2009,1,현재~20분이내 연계데이터 존재(현재 주차대수 표현),1,Y,유료,N,야간 미개방,0900,1900,0900,1500,0000,0000,2026-04-07 11:32,N,무료,Y,유료,,1.11402E+12,810,5,810,5,0,0,0,0,,37.56691568,127.0017721
1367804,을지로 공영주차장(시),중구 을지로3가 282-8,NS,노상 주차장,1,시간제 주차장,02-2274-2009,1,현재~20분이내 연계데이터 존재(현재 주차대수 표현),1,Y,유료,N,야간 미개방,0900,1900,0900,1500,0000,0000,2026-04-07 11:32,N,무료,Y,유료,,1.11402E+12,810,5,810,5,0,0,0,0,,37.56712412,126.9982371
1367804,을지로 공영주차장(시),중구 을지로3가 282-8,NS,노상 주차장,1,시간제 주차장,02-2274-2009,1,현재~20분이내 연계데이터 존재(현재 주차대수 표현),1,Y,유료,N,야간 미개방,0900,1900,0900,1500,0000,0000,2026-04-07 11:32,N,무료,Y,유료,,1.11402E+12,810,5,810,5,0,0,0,0,,37.56652194,126.9939617
1367804,을지로 공영주차장(시),중구 을지로3가 282-8,NS,노상 주차장,1,시간제 주차장,02-2274-2009,1,현재~20분이내 연계데이터 존재(현재 주차대수 표현),1,Y,유료,N,야간 미개방,0900,1900,0900,1500,0000,0000,2026-04-07 11:32,N,무료,Y,유료,,1.11402E+12,810,5,810,5,0,0,0,0,,37.56663828,126.9963892
1367804,을지로 공영주차장(시),중구 을지로3가 282-8,NS,노상 주차장,1,시간제 주차장,02-2274-2009,1,현재~20분이내 연계데이터 존재(현재 주차대수 표현),1,Y,유료,N,야간 미개방,0900,1900,0900,1500,0000,0000,2026-04-07 11:32,N,무료,Y,유료,,1.11402E+12,810,5,810,5,0,0,0,0,,37.56639477,126.9944518
1367804,을지로 공영주차장(시),중구 을지로3가 282-8,NS,노상 주차장,1,시간제 주차장,02-2274-2009,1,현재~20분이내 연계데이터 존재(현재 주차대수 표현),1,Y,유료,N,야간 미개방,0900,1900,0900,1500,0000,0000,2026-04-07 11:32,N,무료,Y,유료,,1.11402E+12,810,5,810,5,0,0,0,0,,37.56669797,127.0004495
1367804,을지로 공영주차장(시),중구 을지로3가 282-8,NS,노상 주차장,1,시간제 주차장,02-2274-2009,1,현재~20분이내 연계데이터 존재(현재 주차대수 표현),1,Y,유료,N,야간 미개방,0900,1900,0900,1500,0000,0000,2026-04-07 11:32,N,무료,Y,유료,,1.11402E+12,810,5,810,5,0,0,0,0,,37.56624806,126.9915838
1367804,을지로 공영주차장(시),중구 을지로3가 282-8,NS,노상 주차장,1,시간제 주차장,02-2274-2009,1,현재~20분이내 연계데이터 존재(현재 주차대수 표현),1,Y,유료,N,야간 미개방,0900,1900,0900,1500,0000,0000,2026-04-07 11:32,N,무료,Y,유료,,1.11402E+12,810,5,810,5,0,0,0,0,,37.56691184,126.9985381
1367804,을지로 공영주차장(시),중구 을지로3가 282-8,NS,노상 주차장,1,시간제 주차장,02-2274-2009,1,현재~20분이내 연계데이터 존재(현재 주차대수 표현),1,Y,유료,N,야간 미개방,0900,1900,0900,1500,0000,0000,2026-04-07 11:32,N,무료,Y,유료,,1.11402E+12,810,5,810,5,0,0,0,0,,37.5665769,126.9949439
1367804,을지로 공영주차장(시),중구 을지로3가 282-8,NS,노상 주차장,1,시간제 주차장,02-2274-2009,1,현재~20분이내 연계데이터 존재(현재 주차대수 표현),1,Y,유료,N,야간 미개방,0900,1900,0900,1500,0000,0000,2026-04-07 11:32,N,무료,Y,유료,,1.11402E+12,810,5,810,5,0,0,0,0,,37.56683734,127.0001404
1367804,을지로 공영주차장(시),중구 을지로3가 282-8,NS,노상 주차장,1,시간제 주차장,02-2274-2009,1,현재~20분이내 연계데이터 존재(현재 주차대수 표현),1,Y,유료,N,야간 미개방,0900,1900,0900,1500,0000,0000,2026-04-07 11:32,N,무료,Y,유료,,1.11402E+12,810,5,810,5,0,0,0,0,,37.56650217418809,126.99362754821777
1367804,을지로 공영주차장(시),중구 을지로3가 282-8,NS,노상 주차장,1,시간제 주차장,02-2274-2009,1,현재~20분이내 연계데이터 존재(현재 주차대수 표현),1,Y,유료,N,야간 미개방,0900,1900,0900,1500,0000,0000,2026-04-07 11:32,N,무료,Y,유료,,1.11402E+12,810,5,810,5,0,0,0,0,,37.56687621,127.0009445
1367804,을지로 공영주차장(시),중구 을지로3가 282-8,NS,노상 주차장,1,시간제 주차장,02-2274-2009,1,현재~20분이내 연계데이터 존재(현재 주차대수 표현),1,Y,유료,N,야간 미개방,0900,1900,0900,1500,0000,0000,2026-04-07 11:32,N,무료,Y,유료,,1.11402E+12,810,5,810,5,0,0,0,0,,37.56664646,126.999454
1367804,을지로 공영주차장(시),중구 을지로3가 282-8,NS,노상 주차장,1,시간제 주차장,02-2274-2009,1,현재~20분이내 연계데이터 존재(현재 주차대수 표현),1,Y,유료,N,야간 미개방,0900,1900,0900,1500,0000,0000,2026-04-07 11:32,N,무료,Y,유료,,1.11402E+12,810,5,810,5,0,0,0,0,,37.56653429,126.9942188
1367804,을지로 공영주차장(시),중구 을지로3가 282-8,NS,노상 주차장,1,시간제 주차장,02-2274-2009,1,현재~20분이내 연계데이터 존재(현재 주차대수 표현),1,Y,유료,N,야간 미개방,0900,1900,0900,1500,0000,0000,2026-04-07 11:32,N,무료,Y,유료,,1.11402E+12,810,5,810,5,0,0,0,0,,37.56680881,126.9995786
1367804,을지로 공영주차장(시),중구 을지로3가 282-8,NS,노상 주차장,1,시간제 주차장,02-2274-2009,1,현재~20분이내 연계데이터 존재(현재 주차대수 표현),1,Y,유료,N,야간 미개방,0900,1900,0900,1500,0000,0000,2026-04-07 11:32,N,무료,Y,유료,,1.11402E+12,810,5,810,5,0,0,0,0,,37.56690142,127.0015167
1367804,을지로 공영주차장(시),중구 을지로3가 282-8,NS,노상 주차장,1,시간제 주차장,02-2274-2009,1,현재~20분이내 연계데이터 존재(현재 주차대수 표현),1,Y,유료,N,야간 미개방,0900,1900,0900,1500,0000,0000,2026-04-07 11:32,N,무료,Y,유료,,1.11402E+12,810,5,810,5,0,0,0,0,,37.56670141,127.0005134
1367804,을지로 공영주차장(시),중구 을지로3가 282-8,NS,노상 주차장,1,시간제 주차장,02-2274-2009,1,현재~20분이내 연계데이터 존재(현재 주차대수 표현),1,Y,유료,N,야간 미개방,0900,1900,0900,1500,0000,0000,2026-04-07 11:32,N,무료,Y,유료,,1.11402E+12,810,5,810,5,0,0,0,0,,37.56656096,126.994622
1367804,을지로 공영주차장(시),중구 을지로3가 282-8,NS,노상 주차장,1,시간제 주차장,02-2274-2009,1,현재~20분이내 연계데이터 존재(현재 주차대수 표현),1,Y,유료,N,야간 미개방,0900,1900,0900,1500,0000,0000,2026-04-07 11:32,N,무료,Y,유료,,1.11402E+12,810,5,810,5,0,0,0,0,,37.5668122,126.9996425
1367804,을지로 공영주차장(시),중구 을지로3가 282-8,NS,노상 주차장,1,시간제 주차장,02-2274-2009,1,현재~20분이내 연계데이터 존재(현재 주차대수 표현),1,Y,유료,N,야간 미개방,0900,1900,0900,1500,0000,0000,2026-04-07 11:32,N,무료,Y,유료,,1.11402E+12,810,5,810,5,0,0,0,0,,37.56654057,126.9943474
1367804,을지로 공영주차장(시),중구 을지로3가 282-8,NS,노상 주차장,1,시간제 주차장,02-2274-2009,1,현재~20분이내 연계데이터 존재(현재 주차대수 표현),1,Y,유료,N,야간 미개방,0900,1900,0900,1500,0000,0000,2026-04-07 11:32,N,무료,Y,유료,,1.11402E+12,810,5,810,5,0,0,0,0,,37.56683064,127.0000118
1367804,을지로 공영주차장(시),중구 을지로3가 282-8,NS,노상 주차장,1,시간제 주차장,02-2274-2009,1,현재~20분이내 연계데이터 존재(현재 주차대수 표현),1,Y,유료,N,야간 미개방,0900,1900,0900,1500,0000,0000,2026-04-07 11:32,N,무료,Y,유료,,1.11402E+12,810,5,810,5,0,0,0,0,,37.56690751,127.0016448
1367804,을지로 공영주차장(시),중구 을지로3가 282-8,NS,노상 주차장,1,시간제 주차장,02-2274-2009,1,현재~20분이내 연계데이터 존재(현재 주차대수 표현),1,Y,유료,N,야간 미개방,0900,1900,0900,1500,0000,0000,2026-04-07 11:32,N,무료,Y,유료,,1.11402E+12,810,5,810,5,0,0,0,0,,37.56664424,126.9965173
1367804,을지로 공영주차장(시),중구 을지로3가 282-8,NS,노상 주차장,1,시간제 주차장,02-2274-2009,1,현재~20분이내 연계데이터 존재(현재 주차대수 표현),1,Y,유료,N,야간 미개방,0900,1900,0900,1500,0000,0000,2026-04-07 11:32,N,무료,Y,유료,,1.11402E+12,810,5,810,5,0,0,0,0,,37.56688543,127.0011365
1367804,을지로 공영주차장(시),중구 을지로3가 282-8,NS,노상 주차장,1,시간제 주차장,02-2274-2009,1,현재~20분이내 연계데이터 존재(현재 주차대수 표현),1,Y,유료,N,야간 미개방,0900,1900,0900,1500,0000,0000,2026-04-07 11:32,N,무료,Y,유료,,1.11402E+12,810,5,810,5,0,0,0,0,,37.56671375,127.0007715
1367804,을지로 공영주차장(시),중구 을지로3가 282-8,NS,노상 주차장,1,시간제 주차장,02-2274-2009,1,현재~20분이내 연계데이터 존재(현재 주차대수 표현),1,Y,유료,N,야간 미개방,0900,1900,0900,1500,0000,0000,2026-04-07 11:32,N,무료,Y,유료,,1.11402E+12,810,5,810,5,0,0,0,0,,37.5668823,127.0010726
1367804,을지로 공영주차장(시),중구 을지로3가 282-8,NS,노상 주차장,1,시간제 주차장,02-2274-2009,1,현재~20분이내 연계데이터 존재(현재 주차대수 표현),1,Y,유료,N,야간 미개방,0900,1900,0900,1500,0000,0000,2026-04-07 11:32,N,무료,Y,유료,,1.11402E+12,810,5,810,5,0,0,0,0,,37.56651557,126.993833
1367804,을지로 공영주차장(시),중구 을지로3가 282-8,NS,노상 주차장,1,시간제 주차장,02-2274-2009,1,현재~20분이내 연계데이터 존재(현재 주차대수 표현),1,Y,유료,N,야간 미개방,0900,1900,0900,1500,0000,0000,2026-04-07 11:32,N,무료,Y,유료,,1.11402E+12,810,5,810,5,0,0,0,0,,37.56636186,126.9938099
1367804,을지로 공영주차장(시),중구 을지로3가 282-8,NS,노상 주차장,1,시간제 주차장,02-2274-2009,1,현재~20분이내 연계데이터 존재(현재 주차대수 표현),1,Y,유료,N,야간 미개방,0900,1900,0900,1500,0000,0000,2026-04-07 11:32,N,무료,Y,유료,,1.11402E+12,810,5,810,5,0,0,0,0,,37.56690456,127.0015807
1367804,을지로 공영주차장(시),중구 을지로3가 282-8,NS,노상 주차장,1,시간제 주차장,02-2274-2009,1,현재~20분이내 연계데이터 존재(현재 주차대수 표현),1,Y,유료,N,야간 미개방,0900,1900,0900,1500,0000,0000,2026-04-07 11:32,N,무료,Y,유료,,1.11402E+12,810,5,810,5,0,0,0,0,,37.56653746,126.9942829
1367804,을지로 공영주차장(시),중구 을지로3가 282-8,NS,노상 주차장,1,시간제 주차장,02-2274-2009,1,현재~20분이내 연계데이터 존재(현재 주차대수 표현),1,Y,유료,N,야간 미개방,0900,1900,0900,1500,0000,0000,2026-04-07 11:32,N,무료,Y,유료,,1.11402E+12,810,5,810,5,0,0,0,0,,37.56657098,126.994816
1367804,을지로 공영주차장(시),중구 을지로3가 282-8,NS,노상 주차장,1,시간제 주차장,02-2274-2009,1,현재~20분이내 연계데이터 존재(현재 주차대수 표현),1,Y,유료,N,야간 미개방,0900,1900,0900,1500,0000,0000,2026-04-07 11:32,N,무료,Y,유료,,1.11402E+12,810,5,810,5,0,0,0,0,,37.5664136,126.9948579
1367804,을지로 공영주차장(시),중구 을지로3가 282-8,NS,노상 주차장,1,시간제 주차장,02-2274-2009,1,현재~20분이내 연계데이터 존재(현재 주차대수 표현),1,Y,유료,N,야간 미개방,0900,1900,0900,1500,0000,0000,2026-04-07 11:32,N,무료,Y,유료,,1.11402E+12,810,5,810,5,0,0,0,0,,37.56698996,126.9978532
1367804,을지로 공영주차장(시),중구 을지로3가 282-8,NS,노상 주차장,1,시간제 주차장,02-2274-2009,1,현재~20분이내 연계데이터 존재(현재 주차대수 표현),1,Y,유료,N,야간 미개방,0900,1900,0900,1500,0000,0000,2026-04-07 11:32,N,무료,Y,유료,,1.11402E+12,810,5,810,5,0,0,0,0,,37.56619376,126.9905707
1367804,을지로 공영주차장(시),중구 을지로3가 282-8,NS,노상 주차장,1,시간제 주차장,02-2274-2009,1,현재~20분이내 연계데이터 존재(현재 주차대수 표현),1,Y,유료,N,야간 미개방,0900,1900,0900,1500,0000,0000,2026-04-07 11:32,N,무료,Y,유료,,1.11402E+12,810,5,810,5,0,0,0,0,,37.567065,126.9979402
1367804,을지로 공영주차장(시),중구 을지로3가 282-8,NS,노상 주차장,1,시간제 주차장,02-2274-2009,1,현재~20분이내 연계데이터 존재(현재 주차대수 표현),1,Y,유료,N,야간 미개방,0900,1900,0900,1500,0000,0000,2026-04-07 11:32,N,무료,Y,유료,,1.11402E+12,810,5,810,5,0,0,0,0,,37.56691065,127.0017087
1367804,을지로 공영주차장(시),중구 을지로3가 282-8,NS,노상 주차장,1,시간제 주차장,02-2274-2009,1,현재~20분이내 연계데이터 존재(현재 주차대수 표현),1,Y,유료,N,야간 미개방,0900,1900,0900,1500,0000,0000,2026-04-07 11:32,N,무료,Y,유료,,1.11402E+12,810,5,810,5,0,0,0,0,,37.56636561,126.9938744
1367804,을지로 공영주차장(시),중구 을지로3가 282-8,NS,노상 주차장,1,시간제 주차장,02-2274-2009,1,현재~20분이내 연계데이터 존재(현재 주차대수 표현),1,Y,유료,N,야간 미개방,0900,1900,0900,1500,0000,0000,2026-04-07 11:32,N,무료,Y,유료,,1.11402E+12,810,5,810,5,0,0,0,0,,37.56641062,126.994794
1367804,을지로 공영주차장(시),중구 을지로3가 282-8,NS,노상 주차장,1,시간제 주차장,02-2274-2009,1,현재~20분이내 연계데이터 존재(현재 주차대수 표현),1,Y,유료,N,야간 미개방,0900,1900,0900,1500,0000,0000,2026-04-07 11:32,N,무료,Y,유료,,1.11402E+12,810,5,810,5,0,0,0,0,,37.566884,126.998582
1367804,을지로 공영주차장(시),중구 을지로3가 282-8,NS,노상 주차장,1,시간제 주차장,02-2274-2009,1,현재~20분이내 연계데이터 존재(현재 주차대수 표현),1,Y,유료,N,야간 미개방,0900,1900,0900,1500,0000,0000,2026-04-07 11:32,N,무료,Y,유료,,1.11402E+12,810,5,810,5,0,0,0,0,,37.56653118,126.9941543
1367804,을지로 공영주차장(시),중구 을지로3가 282-8,NS,노상 주차장,1,시간제 주차장,02-2274-2009,1,현재~20분이내 연계데이터 존재(현재 주차대수 표현),1,Y,유료,N,야간 미개방,0900,1900,0900,1500,0000,0000,2026-04-07 11:32,N,무료,Y,유료,,1.11402E+12,810,5,810,5,0,0,0,0,,37.56664985,126.9995179
1367804,을지로 공영주차장(시),중구 을지로3가 282-8,NS,노상 주차장,1,시간제 주차장,02-2274-2009,1,현재~20분이내 연계데이터 존재(현재 주차대수 표현),1,Y,유료,N,야간 미개방,0900,1900,0900,1500,0000,0000,2026-04-07 11:32,N,무료,Y,유료,,1.11402E+12,810,5,810,5,0,0,0,0,,37.56687293,127.0008805
1367804,을지로 공영주차장(시),중구 을지로3가 282-8,NS,노상 주차장,1,시간제 주차장,02-2274-2009,1,현재~20분이내 연계데이터 존재(현재 주차대수 표현),1,Y,유료,N,야간 미개방,0900,1900,0900,1500,0000,0000,2026-04-07 11:32,N,무료,Y,유료,,1.11402E+12,810,5,810,5,0,0,0,0,,37.56636936,126.9939388
1367804,을지로 공영주차장(시),중구 을지로3가 282-8,NS,노상 주차장,1,시간제 주차장,02-2274-2009,1,현재~20분이내 연계데이터 존재(현재 주차대수 표현),1,Y,유료,N,야간 미개방,0900,1900,0900,1500,0000,0000,2026-04-07 11:32,N,무료,Y,유료,,1.11402E+12,810,5,810,5,0,0,0,0,,37.56689861,127.0014515
1367804,을지로 공영주차장(시),중구 을지로3가 282-8,NS,노상 주차장,1,시간제 주차장,02-2274-2009,1,현재~20분이내 연계데이터 존재(현재 주차대수 표현),1,Y,유료,N,야간 미개방,0900,1900,0900,1500,0000,0000,2026-04-07 11:32,N,무료,Y,유료,,1.11402E+12,810,5,810,5,0,0,0,0,,37.56617966,126.9902944
1367804,을지로 공영주차장(시),중구 을지로3가 282-8,NS,노상 주차장,1,시간제 주차장,02-2274-2009,1,현재~20분이내 연계데이터 존재(현재 주차대수 표현),1,Y,유료,N,야간 미개방,0900,1900,0900,1500,0000,0000,2026-04-07 11:32,N,무료,Y,유료,,1.11402E+12,810,5,810,5,0,0,0,0,,37.56688871,127.0012005
1367804,을지로 공영주차장(시),중구 을지로3가 282-8,NS,노상 주차장,1,시간제 주차장,02-2274-2009,1,현재~20분이내 연계데이터 존재(현재 주차대수 표현),1,Y,유료,N,야간 미개방,0900,1900,0900,1500,0000,0000,2026-04-07 11:32,N,무료,Y,유료,,1.11402E+12,810,5,810,5,0,0,0,0,,37.5666707,126.9970328
1367804,을지로 공영주차장(시),중구 을지로3가 282-8,NS,노상 주차장,1,시간제 주차장,02-2274-2009,1,현재~20분이내 연계데이터 존재(현재 주차대수 표현),1,Y,유료,N,야간 미개방,0900,1900,0900,1500,0000,0000,2026-04-07 11:32,N,무료,Y,유료,,1.11402E+12,810,5,810,5,0,0,0,0,,37.56651883,126.9938972
1367804,을지로 공영주차장(시),중구 을지로3가 282-8,NS,노상 주차장,1,시간제 주차장,02-2274-2009,1,현재~20분이내 연계데이터 존재(현재 주차대수 표현),1,Y,유료,N,야간 미개방,0900,1900,0900,1500,0000,0000,2026-04-07 11:32,N,무료,Y,유료,,1.11402E+12,810,5,810,5,0,0,0,0,,37.56663534,126.9963254
1367804,을지로 공영주차장(시),중구 을지로3가 282-8,NS,노상 주차장,1,시간제 주차장,02-2274-2009,1,현재~20분이내 연계데이터 존재(현재 주차대수 표현),1,Y,유료,N,야간 미개방,0900,1900,0900,1500,0000,0000,2026-04-07 11:32,N,무료,Y,유료,,1.11402E+12,810,5,810,5,0,0,0,0,,37.566506426273676,126.99369728565216
1367804,을지로 공영주차장(시),중구 을지로3가 282-8,NS,노상 주차장,1,시간제 주차장,02-2274-2009,1,현재~20분이내 연계데이터 존재(현재 주차대수 표현),1,Y,유료,N,야간 미개방,0900,1900,0900,1500,0000,0000,2026-04-07 11:32,N,무료,Y,유료,,1.11402E+12,810,5,810,5,0,0,0,0,,37.56665329,126.9995818
1367804,을지로 공영주차장(시),중구 을지로3가 282-8,NS,노상 주차장,1,시간제 주차장,02-2274-2009,1,현재~20분이내 연계데이터 존재(현재 주차대수 표현),1,Y,유료,N,야간 미개방,0900,1900,0900,1500,0000,0000,2026-04-07 11:32,N,무료,Y,유료,,1.11402E+12,810,5,810,5,0,0,0,0,,37.56664126,126.9964532
1367804,을지로 공영주차장(시),중구 을지로3가 282-8,NS,노상 주차장,1,시간제 주차장,02-2274-2009,1,현재~20분이내 연계데이터 존재(현재 주차대수 표현),1,Y,유료,N,야간 미개방,0900,1900,0900,1500,0000,0000,2026-04-07 11:32,N,무료,Y,유료,,1.11402E+12,810,5,810,5,0,0,0,0,,37.56681563,126.9997064
1367804,을지로 공영주차장(시),중구 을지로3가 282-8,NS,노상 주차장,1,시간제 주차장,02-2274-2009,1,현재~20분이내 연계데이터 존재(현재 주차대수 표현),1,Y,유료,N,야간 미개방,0900,1900,0900,1500,0000,0000,2026-04-07 11:32,N,무료,Y,유료,,1.11402E+12,810,5,810,5,0,0,0,0,,37.56683378,127.0000757
1367804,을지로 공영주차장(시),중구 을지로3가 282-8,NS,노상 주차장,1,시간제 주차장,02-2274-2009,1,현재~20분이내 연계데이터 존재(현재 주차대수 표현),1,Y,유료,N,야간 미개방,0900,1900,0900,1500,0000,0000,2026-04-07 11:32,N,무료,Y,유료,,1.11402E+12,810,5,810,5,0,0,0,0,,37.56651246,126.9937685
1367804,을지로 공영주차장(시),중구 을지로3가 282-8,NS,노상 주차장,1,시간제 주차장,02-2274-2009,1,현재~20분이내 연계데이터 존재(현재 주차대수 표현),1,Y,유료,N,야간 미개방,0900,1900,0900,1500,0000,0000,2026-04-07 11:32,N,무료,Y,유료,,1.11402E+12,810,5,810,5,0,0,0,0,,37.56624507,126.9915193
1367804,을지로 공영주차장(시),중구 을지로3가 282-8,NS,노상 주차장,1,시간제 주차장,02-2274-2009,1,현재~20분이내 연계데이터 존재(현재 주차대수 표현),1,Y,유료,N,야간 미개방,0900,1900,0900,1500,0000,0000,2026-04-07 11:32,N,무료,Y,유료,,1.11402E+12,810,5,810,5,0,0,0,0,,37.5668698,127.0008166
1367804,을지로 공영주차장(시),중구 을지로3가 282-8,NS,노상 주차장,1,시간제 주차장,02-2274-2009,1,현재~20분이내 연계데이터 존재(현재 주차대수 표현),1,Y,유료,N,야간 미개방,0900,1900,0900,1500,0000,0000,2026-04-07 11:32,N,무료,Y,유료,,1.11402E+12,810,5,810,5,0,0,0,0,,37.56638591,126.99426
1367804,을지로 공영주차장(시),중구 을지로3가 282-8,NS,노상 주차장,1,시간제 주차장,02-2274-2009,1,현재~20분이내 연계데이터 존재(현재 주차대수 표현),1,Y,유료,N,야간 미개방,0900,1900,0900,1500,0000,0000,2026-04-07 11:32,N,무료,Y,유료,,1.11402E+12,810,5,810,5,0,0,0,0,,37.5667488,126.9975751
1367804,을지로 공영주차장(시),중구 을지로3가 282-8,NS,노상 주차장,1,시간제 주차장,02-2274-2009,1,현재~20분이내 연계데이터 존재(현재 주차대수 표현),1,Y,유료,N,야간 미개방,0900,1900,0900,1500,0000,0000,2026-04-07 11:32,N,무료,Y,유료,,1.11402E+12,810,5,810,5,0,0,0,0,,37.56694641,126.9984887
1367804,을지로 공영주차장(시),중구 을지로3가 282-8,NS,노상 주차장,1,시간제 주차장,02-2274-2009,1,현재~20분이내 연계데이터 존재(현재 주차대수 표현),1,Y,유료,N,야간 미개방,0900,1900,0900,1500,0000,0000,2026-04-07 11:32,N,무료,Y,유료,,1.11402E+12,810,5,810,5,0,0,0,0,,37.56639184,126.9943879
1367804,을지로 공영주차장(시),중구 을지로3가 282-8,NS,노상 주차장,1,시간제 주차장,02-2274-2009,1,현재~20분이내 연계데이터 존재(현재 주차대수 표현),1,Y,유료,N,야간 미개방,0900,1900,0900,1500,0000,0000,2026-04-07 11:32,N,무료,Y,유료,,1.11402E+12,810,5,810,5,0,0,0,0,,37.56671719,127.0008354
1367804,을지로 공영주차장(시),중구 을지로3가 282-8,NS,노상 주차장,1,시간제 주차장,02-2274-2009,1,현재~20분이내 연계데이터 존재(현재 주차대수 표현),1,Y,유료,N,야간 미개방,0900,1900,0900,1500,0000,0000,2026-04-07 11:32,N,무료,Y,유료,,1.11402E+12,810,5,810,5,0,0,0,0,,37.56687934,127.0010084
1367804,을지로 공영주차장(시),중구 을지로3가 282-8,NS,노상 주차장,1,시간제 주차장,02-2274-2009,1,현재~20분이내 연계데이터 존재(현재 주차대수 표현),1,Y,유료,N,야간 미개방,0900,1900,0900,1500,0000,0000,2026-04-07 11:32,N,무료,Y,유료,,1.11402E+12,810,5,810,5,0,0,0,0,,37.56667368,126.9970968
1367804,을지로 공영주차장(시),중구 을지로3가 282-8,NS,노상 주차장,1,시간제 주차장,02-2274-2009,1,현재~20분이내 연계데이터 존재(현재 주차대수 표현),1,Y,유료,N,야간 미개방,0900,1900,0900,1500,0000,0000,2026-04-07 11:32,N,무료,Y,유료,,1.11402E+12,810,5,810,5,0,0,0,0,,37.566204,126.990718
1367804,을지로 공영주차장(시),중구 을지로3가 282-8,NS,노상 주차장,1,시간제 주차장,02-2274-2009,1,현재~20분이내 연계데이터 존재(현재 주차대수 표현),1,Y,유료,N,야간 미개방,0900,1900,0900,1500,0000,0000,2026-04-07 11:32,N,무료,Y,유료,,1.11402E+12,810,5,810,5,0,0,0,0,,37.56638889,126.9943239
1367804,을지로 공영주차장(시),중구 을지로3가 282-8,NS,노상 주차장,1,시간제 주차장,02-2274-2009,1,현재~20분이내 연계데이터 존재(현재 주차대수 표현),1,Y,유료,N,야간 미개방,0900,1900,0900,1500,0000,0000,2026-04-07 11:32,N,무료,Y,유료,,1.11402E+12,810,5,810,5,0,0,0,0,,37.56672069,127.0008995
1368749,신길5동 공영(구),영등포구 신길동 400-1,NW,노외 주차장,1,시간제 주차장,02-2677-1401,1,현재~20분이내 연계데이터 존재(현재 주차대수 표현),26,Y,유료,N,야간 미개방,0000,2400,0000,2400,0000,2400,2023-06-30 16:03,N,무료,N,무료,140000,,150,5,150,5,0,0,0,0,0,,
1368955,남산공원 소월로 관광버스전용 주차장(시),중구 남대문로5가 450-0,NS,노상 주차장,4,버스전용 주차장,02-2290-6449,1,현재~20분이내 연계데이터 존재(현재 주차대수 표현),1,N,무료,N,야간 미개방,0000,0000,0000,0000,0000,0000,2026-04-07 13:33,Y,유료,Y,유료,0,1.11401E+12,0,0,0,0,0,0,0,0,0,37.55414809,126.9787642
1368955,남산공원 소월로 관광버스전용 주차장(시),중구 남대문로5가 450-0,NS,노상 주차장,4,버스전용 주차장,02-2290-6449,1,현재~20분이내 연계데이터 존재(현재 주차대수 표현),1,N,무료,N,야간 미개방,0000,0000,0000,0000,0000,0000,2026-04-07 13:33,Y,유료,Y,유료,0,1.11401E+12,0,0,0,0,0,0,0,0,0,37.5542102,126.9786709
1368955,남산공원 소월로 관광버스전용 주차장(시),중구 남대문로5가 450-0,NS,노상 주차장,4,버스전용 주차장,02-2290-6449,1,현재~20분이내 연계데이터 존재(현재 주차대수 표현),1,N,무료,N,야간 미개방,0000,0000,0000,0000,0000,0000,2026-04-07 13:33,Y,유료,Y,유료,0,1.11401E+12,0,0,0,0,0,0,0,0,0,37.55442472,126.9782791
1368955,남산공원 소월로 관광버스전용 주차장(시),중구 남대문로5가 450-0,NS,노상 주차장,4,버스전용 주차장,02-2290-6449,1,현재~20분이내 연계데이터 존재(현재 주차대수 표현),1,N,무료,N,야간 미개방,0000,0000,0000,0000,0000,0000,2026-04-07 13:33,Y,유료,Y,유료,0,1.11401E+12,0,0,0,0,0,0,0,0,0,37.55431755,126.978475
1368955,남산공원 소월로 관광버스전용 주차장(시),중구 남대문로5가 450-0,NS,노상 주차장,4,버스전용 주차장,02-2290-6449,1,현재~20분이내 연계데이터 존재(현재 주차대수 표현),1,N,무료,N,야간 미개방,0000,0000,0000,0000,0000,0000,2026-04-07 13:33,Y,유료,Y,유료,0,1.11401E+12,0,0,0,0,0,0,0,0,0,37.5539054,126.9789511
1368955,남산공원 소월로 관광버스전용 주차장(시),중구 남대문로5가 450-0,NS,노상 주차장,4,버스전용 주차장,02-2290-6449,1,현재~20분이내 연계데이터 존재(현재 주차대수 표현),1,N,무료,N,야간 미개방,0000,0000,0000,0000,0000,0000,2026-04-07 13:33,Y,유료,Y,유료,0,1.11401E+12,0,0,0,0,0,0,0,0,0,37.55399553,126.9789082
1368955,남산공원 소월로 관광버스전용 주차장(시),중구 남대문로5가 450-0,NS,노상 주차장,4,버스전용 주차장,02-2290-6449,1,현재~20분이내 연계데이터 존재(현재 주차대수 표현),1,N,무료,N,야간 미개방,0000,0000,0000,0000,0000,0000,2026-04-07 13:33,Y,유료,Y,유료,0,1.11401E+12,0,0,0,0,0,0,0,0,0,37.55458553,126.977985
1368955,남산공원 소월로 관광버스전용 주차장(시),중구 남대문로5가 450-0,NS,노상 주차장,4,버스전용 주차장,02-2290-6449,1,현재~20분이내 연계데이터 존재(현재 주차대수 표현),1,N,무료,N,야간 미개방,0000,0000,0000,0000,0000,0000,2026-04-07 13:33,Y,유료,Y,유료,0,1.11401E+12,0,0,0,0,0,0,0,0,0,37.55407832,126.9788447
1368955,남산공원 소월로 관광버스전용 주차장(시),중구 남대문로5가 450-0,NS,노상 주차장,4,버스전용 주차장,02-2290-6449,1,현재~20분이내 연계데이터 존재(현재 주차대수 표현),1,N,무료,N,야간 미개방,0000,0000,0000,0000,0000,0000,2026-04-07 13:33,Y,유료,Y,유료,0,1.11401E+12,0,0,0,0,0,0,0,0,0,37.55453178,126.9780833
1368955,남산공원 소월로 관광버스전용 주차장(시),중구 남대문로5가 450-0,NS,노상 주차장,4,버스전용 주차장,02-2290-6449,1,현재~20분이내 연계데이터 존재(현재 주차대수 표현),1,N,무료,N,야간 미개방,0000,0000,0000,0000,0000,0000,2026-04-07 13:33,Y,유료,Y,유료,0,1.11401E+12,0,0,0,0,0,0,0,0,0,37.55426386,126.9785732
1368955,남산공원 소월로 관광버스전용 주차장(시),중구 남대문로5가 450-0,NS,노상 주차장,4,버스전용 주차장,02-2290-6449,1,현재~20분이내 연계데이터 존재(현재 주차대수 표현),1,N,무료,N,야간 미개방,0000,0000,0000,0000,0000,0000,2026-04-07 13:33,Y,유료,Y,유료,0,1.11401E+12,0,0,0,0,0,0,0,0,0,37.55447826,126.9781813
1368955,남산공원 소월로 관광버스전용 주차장(시),중구 남대문로5가 450-0,NS,노상 주차장,4,버스전용 주차장,02-2290-6449,1,현재~20분이내 연계데이터 존재(현재 주차대수 표현),1,N,무료,N,야간 미개방,0000,0000,0000,0000,0000,0000,2026-04-07 13:33,Y,유료,Y,유료,0,1.11401E+12,0,0,0,0,0,0,0,0,0,37.5543711,126.9783772
1369476,탑골공원 관광버스전용 주차장(시),종로구 종로2가 38-4,NS,노상 주차장,4,버스전용 주차장,02)2290-6449,1,현재~20분이내 연계데이터 존재(현재 주차대수 표현),1,N,무료,N,야간 미개방,0000,0000,0000,0000,0000,0000,2026-04-07 13:37,Y,유료,Y,유료,0,1.11101E+12,0,0,0,0,0,0,0,0,0,37.57126963,126.987766
1369476,탑골공원 관광버스전용 주차장(시),종로구 종로2가 38-4,NS,노상 주차장,4,버스전용 주차장,02)2290-6449,1,현재~20분이내 연계데이터 존재(현재 주차대수 표현),1,N,무료,N,야간 미개방,0000,0000,0000,0000,0000,0000,2026-04-07 13:37,Y,유료,Y,유료,0,1.11101E+12,0,0,0,0,0,0,0,0,0,37.57134087,126.9877628
1370100,강일동 주차장(구),강동구 강일동 665-4,NW,노외 주차장,1,시간제 주차장,,1,현재~20분이내 연계데이터 존재(현재 주차대수 표현),90,Y,유료,N,야간 미개방,0000,2400,0000,2400,0000,2400,2023-12-22 14:28,N,무료,N,무료,80000,,150,5,150,5,0,0,0,0,,,
1370269,이경시장 공영주차장(구),동대문구 이문동 86-52,NS,노상 주차장,1,시간제 주차장,,0,미연계중,1,Y,유료,N,야간 미개방,0900,1900,0900,1500,0000,0000,2019-06-10 9:59,N,무료,Y,유료,120000,1.12301E+12,500,10,500,10,0,0,0,0,36000,,
1370637,번동 햇살 주차장(구),강북구 번동 148-380,NW,노외 주차장,1,시간제 주차장,02-944-3044,0,미연계중,187,Y,유료,N,야간 미개방,0000,2400,0000,2400,0000,2400,2026-04-08 17:16,N,무료,N,무료,60000,,150,5,150,5,0,0,0,0,10000,,
1370857,봉수대공영주차장(구),중랑구 신내동 12-2,NW,노외 주차장,1,시간제 주차장,02-438-8271,0,미연계중,31,Y,유료,N,야간 미개방,0800,1700,0000,0000,0000,0000,2019-06-10 9:38,Y,유료,Y,유료,,,150,5,150,5,0,0,0,0,3000,,
1371690,목동타운홀(구),양천구 목동 905-21,NW,노외 주차장,1,시간제 주차장,02-2644-1398,0,미연계중,23,Y,유료,N,야간 미개방,0900,1900,,,,,2020-09-02 11:51,Y,유료,Y,유료,100000,,150,5,150,5,0,0,0,0,9000,,
1372128,마천동3(건축물식)(구),송파구 마천동 128-4,NW,노외 주차장,1,시간제 주차장,02-431-0166,0,미연계중,47,Y,유료,N,야간 미개방,0000,2400,0000,2400,0000,2400,2024-03-21 16:21,N,무료,N,무료,70000,,100,5,100,5,0,0,0,0,,,
1372454,대림노외 공영주차장(시),구로구 구로동 120-3,NW,노외 주차장,1,시간제 주차장,,1,현재~20분이내 연계데이터 존재(현재 주차대수 표현),93,Y,유료,N,야간 미개방,0900,1900,0900,1900,0900,1900,2026-04-07 11:00,N,무료,N,무료,168000,,320,5,320,5,0,0,0,0,,37.4928472,126.8943315
1372873,도봉산역 공영주차장(시),도봉구 도봉동 288-19,NW,노외 주차장,1,시간제 주차장,02)2290-6047 ,1,현재~20분이내 연계데이터 존재(현재 주차대수 표현),358,Y,유료,N,야간 미개방,0000,2400,0000,2400,0000,2400,2026-04-06 17:21,N,무료,N,무료,109000,,280,5,280,5,0,0,0,0,0,37.68972069,127.0448386
1384016,가로공원 지하 주차장(구),강서구 화곡동 662-15,NW,노외 주차장,3,시간제 + 거주자 주차장,02-2065-1575,0,미연계중,512,Y,유료,N,야간 미개방,0000,2400,0000,2400,0000,2400,2025-07-16 10:51,N,무료,N,무료,60000,,100,5,100,5,0,0,0,0,0,,
1384198,동대문 공영주차장(시),중구 신당동 251-7,NW,노외 주차장,1,시간제 주차장,02)2254-4901 ,1,현재~20분이내 연계데이터 존재(현재 주차대수 표현),1090,Y,유료,N,야간 미개방,0000,2400,0000,2400,0000,2400,2026-04-07 11:46,N,무료,N,무료,157000,,360,5,360,5,0,0,0,0,0,37.56710187,127.0121411
1384627,큰마을길 공영주차장(구),강북구 미아동 309-14,NS,노상 주차장,3,시간제 + 거주자 주차장,02-944-3025,0,미연계중,1,Y,유료,N,야간 미개방,0900,1900,0900,1500,0000,0000,2026-04-08 17:44,N,무료,N,무료,100000,1.13051E+12,200,5,200,5,0,0,0,0,10000,,
1384980,교육청길 공영주차장(구),강북구 미아동 137-19,NS,노상 주차장,3,시간제 + 거주자 주차장,02-944-3025,0,미연계중,1,Y,유료,N,야간 미개방,0900,1900,0900,1500,0000,0000,2026-04-08 17:34,N,무료,N,무료,100000,1.13051E+12,200,5,200,5,0,0,0,0,10000,,
1385457,신문로 공영주차장(구),종로구 신문로1가 58-36,NW,노외 주차장,1,시간제 주차장,02-6048-1234,0,미연계중,30,Y,유료,N,야간 미개방,0900,1900,0900,1900,0900,1900,2023-07-14 16:50,N,무료,N,무료,350000,,500,5,500,5,0,0,0,0,0,,
1386536,서울글로벌센터 공영주차장(시),종로구 서린동 63-0,NW,노외 주차장,1,시간제 주차장,02-720-9862,1,현재~20분이내 연계데이터 존재(현재 주차대수 표현),44,Y,유료,N,야간 미개방,0900,1800,0000,0000,0000,0000,2026-04-06 17:27,Y,유료,Y,유료,336000,,700,5,700,5,0,0,0,0,,37.56983402,126.9815059
1397591,용답제2(평면) 공영주차장(구),성동구 용답동 182-10,NW,노외 주차장,1,시간제 주차장,02-2204-7970,2,20~120분이내 연계데이터 존재(정보수집중),153,Y,유료,N,야간 미개방,0000,2400,0000,2400,0000,2400,2023-06-28 13:58,N,무료,N,무료,30000,,150,5,,,0,0,0,0,,,
1404649,오류1동 텃골주차장(구),구로구 오류동 6-11,NW,노외 주차장,1,시간제 주차장,,0,미연계중,81,Y,유료,N,야간 미개방,0000,2400,0000,2400,0000,2400,2026-04-10 16:29,N,무료,N,무료,65000,,100,5,100,5,0,0,0,0,,,
1404936,천왕역 공영주차장(시),구로구 천왕동 280-11,NW,노외 주차장,1,시간제 주차장,02-2290-6343,1,현재~20분이내 연계데이터 존재(현재 주차대수 표현),327,Y,유료,N,야간 미개방,0000,2400,0000,2400,0000,2400,2026-04-07 10:40,N,무료,N,무료,109000,,280,5,280,5,0,0,0,0,,37.48728845,126.8391832
1410226,중곡시장주차장(구),광진구 중곡동 221-6,NW,노외 주차장,1,시간제 주차장,,0,미연계중,19,Y,유료,N,야간 미개방,0900,1900,0900,1900,0900,1900,2019-06-10 9:38,N,무료,N,무료,0,,250,5,0,0,0,0,0,0,0,,
1415512,견인보관소(구),동대문구 휘경동 361-0,NW,노외 주차장,1,시간제 주차장,02-2247-9666,0,미연계중,40,Y,유료,N,야간 미개방,0000,2400,0000,2400,0000,2400,2019-06-10 9:38,N,무료,N,무료,170000,,500,10,500,10,0,0,0,0,0,,
1415917,구룡 공영주차장(구),금천구 독산동 964-0,NW,노외 주차장,3,시간제 + 거주자 주차장,02-809-0061~7,0,미연계중,22,Y,유료,N,야간 미개방,0830,1900,0830,1900,0830,1900,2019-06-10 9:39,N,무료,N,무료,50000,,65,5,65,5,0,0,0,0,0,,
1415929,다목적 공영주차장(구),금천구 독산동 971-0,NW,노외 주차장,3,시간제 + 거주자 주차장,02-865-7557,0,미연계중,46,Y,유료,N,야간 미개방,0830,1900,0830,1900,0830,1900,2019-06-10 9:38,N,무료,N,무료,50000,,65,5,65,5,0,0,0,0,0,,
1416322,영등포본동제2공영(구),영등포구 신길동 186-355,NW,노외 주차장,1,시간제 주차장,02-2677-1401,1,현재~20분이내 연계데이터 존재(현재 주차대수 표현),61,Y,유료,N,야간 미개방,0000,2400,0000,2400,0000,2400,2023-06-30 15:54,N,무료,N,무료,65000,,50,5,50,5,0,0,0,0,0,,
1418248,방배열린문화센터 공영주차장(구),서초구 방배동 852-14,NW,노외 주차장,1,시간제 주차장,02-382-2588,1,현재~20분이내 연계데이터 존재(현재 주차대수 표현),109,Y,유료,N,야간 미개방,0000,2400,0000,2400,0000,2400,2026-06-15 17:41,N,무료,N,무료,120000,,150,5,150,5,0,0,0,0,0,,
1421476,풍납유수지(구),송파구 가락동 387-0,NW,노외 주차장,1,시간제 주차장,02-431-0166,0,미연계중,234,Y,유료,N,야간 미개방,0000,2400,0000,2400,0000,2400,2024-03-21 15:14,N,무료,N,무료,,,250,5,250,5,0,0,0,0,0,,
1421586,나눔터길 노상공영주차장(구),강북구 수유동 605-185,NS,노상 주차장,3,시간제 + 거주자 주차장,,0,미연계중,1,Y,유료,N,야간 미개방,0900,1900,0900,1500,0000,0000,2026-04-08 17:39,N,무료,N,무료,100000,1.13051E+12,200,5,200,5,0,0,0,0,10000,,
1423842,마장축산물시장 서문(건물) 공영주차장(구),성동구 마장동 522-1,NW,노외 주차장,1,시간제 주차장,02-2204-7970,2,20~120분이내 연계데이터 존재(정보수집중),126,Y,유료,N,야간 미개방,0000,2400,0000,2400,0000,2400,2023-06-28 13:26,N,무료,N,무료,30000,,250,5,,,0,0,0,0,,,
1424206,다산아트 공영주차장(구),중구 신당동 432-612,NW,노외 주차장,1,시간제 주차장,02-2280-8360,2,20~120분이내 연계데이터 존재(정보수집중),75,Y,유료,N,야간 미개방,0000,2400,0000,2400,0000,2400,2025-05-13 16:47,N,무료,N,무료,140000,,200,5,200,5,0,0,0,0,0,,
1425391,영등포구청별관 공영주차장(구),영등포구 당산동3가 560-0,NW,노외 주차장,1,시간제 주차장,02-2677-1401,1,현재~20분이내 연계데이터 존재(현재 주차대수 표현),61,Y,유료,N,야간 미개방,0000,2400,0000,2400,0000,2400,2023-06-30 15:30,N,무료,N,무료,84000,,150,5,150,5,0,0,0,0,0,,
1425816,동국제강 공영주차장(시),중구 삼각동 111-1,NW,노외 주차장,1,시간제 주차장,,1,현재~20분이내 연계데이터 존재(현재 주차대수 표현),13,Y,유료,N,야간 미개방,0900,1900,0900,1900,0000,0000,2026-06-10 16:23,N,무료,Y,유료,420000,,700,5,700,5,0,0,0,0,,37.56733736,126.9834345
1430035,남대문 초입 관광버스전용 주차장(시),중구 남창동 282-10,NS,노상 주차장,4,버스전용 주차장,02)2290-6449,1,현재~20분이내 연계데이터 존재(현재 주차대수 표현),1,N,무료,N,야간 미개방,0000,0000,0000,0000,0000,0000,2026-04-07 13:33,Y,유료,Y,유료,0,1.11401E+12,0,0,0,0,0,0,0,0,0,37.55934,126.975714
1430035,남대문 초입 관광버스전용 주차장(시),중구 남창동 282-10,NS,노상 주차장,4,버스전용 주차장,02)2290-6449,1,현재~20분이내 연계데이터 존재(현재 주차대수 표현),1,N,무료,N,야간 미개방,0000,0000,0000,0000,0000,0000,2026-04-07 13:33,Y,유료,Y,유료,0,1.11401E+12,0,0,0,0,0,0,0,0,0,37.55953,126.975731
1430035,남대문 초입 관광버스전용 주차장(시),중구 남창동 282-10,NS,노상 주차장,4,버스전용 주차장,02)2290-6449,1,현재~20분이내 연계데이터 존재(현재 주차대수 표현),1,N,무료,N,야간 미개방,0000,0000,0000,0000,0000,0000,2026-04-07 13:33,Y,유료,Y,유료,0,1.11401E+12,0,0,0,0,0,0,0,0,0,37.55943,126.975717
1430042,남대문 시장 관광버스전용 주차장(시),중구 남창동 51-4,NS,노상 주차장,4,버스전용 주차장,02)2290-6449,1,현재~20분이내 연계데이터 존재(현재 주차대수 표현),1,N,무료,N,야간 미개방,0000,0000,0000,0000,0000,0000,2026-04-07 13:32,Y,유료,Y,유료,0,1.11401E+12,0,0,0,0,0,0,0,0,0,37.55942,126.975909
1430042,남대문 시장 관광버스전용 주차장(시),중구 남창동 51-4,NS,노상 주차장,4,버스전용 주차장,02)2290-6449,1,현재~20분이내 연계데이터 존재(현재 주차대수 표현),1,N,무료,N,야간 미개방,0000,0000,0000,0000,0000,0000,2026-04-07 13:32,Y,유료,Y,유료,0,1.11401E+12,0,0,0,0,0,0,0,0,0,37.55952,126.975908
1431448,고척근린공원지하주차장(구),구로구 고척동 9-14,NW,노외 주차장,1,시간제 주차장,02-850-0920,1,현재~20분이내 연계데이터 존재(현재 주차대수 표현),199,Y,유료,N,야간 미개방,0000,2400,0000,2400,0000,2400,2026-04-10 16:27,N,무료,N,무료,112000,,150,5,150,5,0,0,0,0,,,
1432682,구로4동 마을공동 주차장(구),구로구 구로동 741-27,NW,노외 주차장,3,시간제 + 거주자 주차장,02-839-4875,0,미연계중,194,Y,유료,N,야간 미개방,0000,2400,0000,2400,0000,2400,2025-07-16 11:36,N,무료,N,무료,75000,,100,5,100,5,0,0,0,0,0,,
1434175,독산4동 공영주차장(구),금천구 독산동 187-40,NW,노외 주차장,1,시간제 주차장,,0,미연계중,63,Y,유료,N,야간 미개방,0000,2400,0000,2400,0000,2400,2021-01-29 11:00,N,무료,N,무료,50000,,65,5,65,5,0,0,0,0,50000,,
1436808,가산디지털 서측(구),금천구 가산동 505-3,NW,노외 주차장,1,시간제 주차장,,0,미연계중,160,Y,유료,N,야간 미개방,0830,1900,0000,2400,0000,2400,2019-06-10 9:36,N,무료,N,무료,100000,,300,10,300,10,0,0,0,0,9000,,
1437917,영남 공영주차장(시),영등포구 영등포동4가 123-0,NW,노외 주차장,1,시간제 주차장,02-1688-1054,1,현재~20분이내 연계데이터 존재(현재 주차대수 표현),570,Y,유료,N,야간 미개방,0000,2400,0000,2400,0000,2400,2026-04-07 11:22,N,무료,N,무료,110000,,160,5,160,5,0,0,0,0,0,37.51947074,126.902609
1439690,수유마을시장 공영주차장(구),강북구 수유동 55-53,NW,노외 주차장,1,시간제 주차장,02-944-3053,0,미연계중,116,Y,유료,N,야간 미개방,0000,2400,0000,2400,0000,2400,2026-04-08 17:47,N,무료,N,무료,80000,,100,5,100,5,0,0,0,0,10000,,
1440586,시흥4동 공영주차장(신흥초교지하)(구),금천구 시흥동 704-56,NW,노외 주차장,1,시간제 주차장,,0,미연계중,124,Y,유료,N,야간 미개방,0000,1900,0000,1900,0000,1900,2025-10-31 14:40,N,무료,N,무료,,,65,5,65,5,0,0,0,0,,,
1440587,시흥 4동 (삼성)공영주차장(구),금천구 시흥동 171-1,NW,노외 주차장,3,시간제 + 거주자 주차장,,0,미연계중,51,Y,유료,N,야간 미개방,0830,1900,0830,1900,0830,1900,2019-06-10 9:37,N,무료,N,무료,50000,,65,5,65,5,0,0,0,0,0,,
1441342,도곡초 공영주차장(구),강남구 대치동 924-10,NW,노외 주차장,1,시간제 주차장,02-3423-6403,1,현재~20분이내 연계데이터 존재(현재 주차대수 표현),195,Y,유료,N,야간 미개방,0000,2400,0000,2400,0000,2400,2020-07-08 16:11,N,무료,N,무료,180000,,300,5,300,5,0,0,0,0,,,
1441348,놀이마당(구),송파구 잠실동 47-0,NW,노외 주차장,1,시간제 주차장,02-431-0166,0,미연계중,15,Y,유료,N,야간 미개방,0000,2400,0000,2400,0000,2400,2025-04-09 15:21,N,무료,N,무료,,,500,5,500,5,0,0,0,0,,,
1441353,신구초 공영주차장(구),강남구 신사동 550-11,NW,노외 주차장,1,시간제 주차장,02-3423-6403,1,현재~20분이내 연계데이터 존재(현재 주차대수 표현),184,Y,유료,N,야간 미개방,0000,2400,0000,2400,0000,2400,2020-07-08 16:13,N,무료,N,무료,180000,,300,5,300,5,0,0,0,0,0,,
1441360,역삼문화공원 공영주차장(구),강남구 역삼동 635-0,NW,노외 주차장,1,시간제 주차장,02-2176-0907,1,현재~20분이내 연계데이터 존재(현재 주차대수 표현),59,Y,유료,N,야간 미개방,0000,2400,0000,2400,0000,2400,2023-11-21 13:20,N,무료,N,무료,180000,,300,5,300,5,0,0,0,0,,,
1441378,방이고분(구),송파구 방이동 125-0,NW,노외 주차장,1,시간제 주차장,02-3431-4155,0,미연계중,60,Y,유료,N,야간 미개방,0900,1800,0900,1500,,,2024-03-21 16:01,N,무료,Y,유료,,,100,5,100,5,0,0,0,0,,,
1441386,송파나루공원 동호주차장(구),송파구 신천동 32-0,NW,노외 주차장,1,시간제 주차장,02-424-1199,0,미연계중,20,Y,유료,N,야간 미개방,0000,0000,0000,0000,0000,0000,2019-06-10 9:36,Y,유료,Y,유료,0,,500,5,0,0,0,0,0,0,0,,
1441388,엔젤데이케이센터 지하주차장(구),동작구 사당동 278-34,NW,노외 주차장,1,시간제 주차장,832-2445,0,미연계중,5,Y,유료,N,야간 미개방,0000,2400,0000,2400,0000,2400,2019-06-10 9:36,N,무료,N,무료,65000,,600,30,600,30,0,0,0,0,0,,
1441397,송파근린공원(구),송파구 송파동 113-2,NW,노외 주차장,1,시간제 주차장,02-418-3854,0,미연계중,324,Y,유료,N,야간 미개방,0000,2400,0000,2400,0000,2400,2019-06-10 9:36,N,무료,N,무료,140000,,150,5,150,5,0,0,0,0,0,,
1448769,경부제3녹지공영주차장(구),영등포구 신길동 69-39,NW,노외 주차장,1,시간제 주차장,02-2677-1401,0,미연계중,143,Y,유료,N,야간 미개방,0000,2400,0000,2400,0000,2400,2023-06-30 16:11,N,무료,N,무료,70000,,100,5,100,5,0,0,0,0,0,,
1451364,청계7가 공영주차장(시),종로구 창신동 436-87,NS,노상 주차장,1,시간제 주차장,,1,현재~20분이내 연계데이터 존재(현재 주차대수 표현),1,Y,유료,N,야간 미개방,0900,1900,0900,1500,0000,0000,2026-04-07 11:28,N,무료,Y,유료,0,1.11102E+12,450,5,450,5,0,0,0,0,0,37.57023639,127.0167509
1451364,청계7가 공영주차장(시),종로구 창신동 436-87,NS,노상 주차장,1,시간제 주차장,,1,현재~20분이내 연계데이터 존재(현재 주차대수 표현),1,Y,유료,N,야간 미개방,0900,1900,0900,1500,0000,0000,2026-04-07 11:28,N,무료,Y,유료,0,1.11102E+12,450,5,450,5,0,0,0,0,0,37.57215893,127.0213678
1451364,청계7가 공영주차장(시),종로구 창신동 436-87,NS,노상 주차장,1,시간제 주차장,,1,현재~20분이내 연계데이터 존재(현재 주차대수 표현),1,Y,유료,N,야간 미개방,0900,1900,0900,1500,0000,0000,2026-04-07 11:28,N,무료,Y,유료,0,1.11102E+12,450,5,450,5,0,0,0,0,0,37.57031598,127.0169854
1451364,청계7가 공영주차장(시),종로구 창신동 436-87,NS,노상 주차장,1,시간제 주차장,,1,현재~20분이내 연계데이터 존재(현재 주차대수 표현),1,Y,유료,N,야간 미개방,0900,1900,0900,1500,0000,0000,2026-04-07 11:28,N,무료,Y,유료,0,1.11102E+12,450,5,450,5,0,0,0,0,0,37.57169804,127.0197728
1451364,청계7가 공영주차장(시),종로구 창신동 436-87,NS,노상 주차장,1,시간제 주차장,,1,현재~20분이내 연계데이터 존재(현재 주차대수 표현),1,Y,유료,N,야간 미개방,0900,1900,0900,1500,0000,0000,2026-04-07 11:28,N,무료,Y,유료,0,1.11102E+12,450,5,450,5,0,0,0,0,0,37.57216171,127.0224105
1451364,청계7가 공영주차장(시),종로구 창신동 436-87,NS,노상 주차장,1,시간제 주차장,,1,현재~20분이내 연계데이터 존재(현재 주차대수 표현),1,Y,유료,N,야간 미개방,0900,1900,0900,1500,0000,0000,2026-04-07 11:28,N,무료,Y,유료,0,1.11102E+12,450,5,450,5,0,0,0,0,0,37.57034406,127.0170586
1451364,청계7가 공영주차장(시),종로구 창신동 436-87,NS,노상 주차장,1,시간제 주차장,,1,현재~20분이내 연계데이터 존재(현재 주차대수 표현),1,Y,유료,N,야간 미개방,0900,1900,0900,1500,0000,0000,2026-04-07 11:28,N,무료,Y,유료,0,1.11102E+12,450,5,450,5,0,0,0,0,0,37.5713947,127.0191843
1451364,청계7가 공영주차장(시),종로구 창신동 436-87,NS,노상 주차장,1,시간제 주차장,,1,현재~20분이내 연계데이터 존재(현재 주차대수 표현),1,Y,유료,N,야간 미개방,0900,1900,0900,1500,0000,0000,2026-04-07 11:28,N,무료,Y,유료,0,1.11102E+12,450,5,450,5,0,0,0,0,0,37.57210442,127.0228103
1451364,청계7가 공영주차장(시),종로구 창신동 436-87,NS,노상 주차장,1,시간제 주차장,,1,현재~20분이내 연계데이터 존재(현재 주차대수 표현),1,Y,유료,N,야간 미개방,0900,1900,0900,1500,0000,0000,2026-04-07 11:28,N,무료,Y,유료,0,1.11102E+12,450,5,450,5,0,0,0,0,0,37.57060019,127.0176276
1451364,청계7가 공영주차장(시),종로구 창신동 436-87,NS,노상 주차장,1,시간제 주차장,,1,현재~20분이내 연계데이터 존재(현재 주차대수 표현),1,Y,유료,N,야간 미개방,0900,1900,0900,1500,0000,0000,2026-04-07 11:28,N,무료,Y,유료,0,1.11102E+12,450,5,450,5,0,0,0,0,0,37.57142888,127.0192478
1451364,청계7가 공영주차장(시),종로구 창신동 436-87,NS,노상 주차장,1,시간제 주차장,,1,현재~20분이내 연계데이터 존재(현재 주차대수 표현),1,Y,유료,N,야간 미개방,0900,1900,0900,1500,0000,0000,2026-04-07 11:28,N,무료,Y,유료,0,1.11102E+12,450,5,450,5,0,0,0,0,0,37.57216873,127.0215082
1451364,청계7가 공영주차장(시),종로구 창신동 436-87,NS,노상 주차장,1,시간제 주차장,,1,현재~20분이내 연계데이터 존재(현재 주차대수 표현),1,Y,유료,N,야간 미개방,0900,1900,0900,1500,0000,0000,2026-04-07 11:28,N,무료,Y,유료,0,1.11102E+12,450,5,450,5,0,0,0,0,0,37.57146299,127.0193178
1451364,청계7가 공영주차장(시),종로구 창신동 436-87,NS,노상 주차장,1,시간제 주차장,,1,현재~20분이내 연계데이터 존재(현재 주차대수 표현),1,Y,유료,N,야간 미개방,0900,1900,0900,1500,0000,0000,2026-04-07 11:28,N,무료,Y,유료,0,1.11102E+12,450,5,450,5,0,0,0,0,0,37.5719916,127.0206237
1451364,청계7가 공영주차장(시),종로구 창신동 436-87,NS,노상 주차장,1,시간제 주차장,,1,현재~20분이내 연계데이터 존재(현재 주차대수 표현),1,Y,유료,N,야간 미개방,0900,1900,0900,1500,0000,0000,2026-04-07 11:28,N,무료,Y,유료,0,1.11102E+12,450,5,450,5,0,0,0,0,0,37.57216394,127.0214355
1451364,청계7가 공영주차장(시),종로구 창신동 436-87,NS,노상 주차장,1,시간제 주차장,,1,현재~20분이내 연계데이터 존재(현재 주차대수 표현),1,Y,유료,N,야간 미개방,0900,1900,0900,1500,0000,0000,2026-04-07 11:28,N,무료,Y,유료,0,1.11102E+12,450,5,450,5,0,0,0,0,0,37.5721271,127.0226665
1451364,청계7가 공영주차장(시),종로구 창신동 436-87,NS,노상 주차장,1,시간제 주차장,,1,현재~20분이내 연계데이터 존재(현재 주차대수 표현),1,Y,유료,N,야간 미개방,0900,1900,0900,1500,0000,0000,2026-04-07 11:28,N,무료,Y,유료,0,1.11102E+12,450,5,450,5,0,0,0,0,0,37.57217485,127.0222579
1451364,청계7가 공영주차장(시),종로구 창신동 436-87,NS,노상 주차장,1,시간제 주차장,,1,현재~20분이내 연계데이터 존재(현재 주차대수 표현),1,Y,유료,N,야간 미개방,0900,1900,0900,1500,0000,0000,2026-04-07 11:28,N,무료,Y,유료,0,1.11102E+12,450,5,450,5,0,0,0,0,0,37.57195823,127.0204842
1451364,청계7가 공영주차장(시),종로구 창신동 436-87,NS,노상 주차장,1,시간제 주차장,,1,현재~20분이내 연계데이터 존재(현재 주차대수 표현),1,Y,유료,N,야간 미개방,0900,1900,0900,1500,0000,0000,2026-04-07 11:28,N,무료,Y,유료,0,1.11102E+12,450,5,450,5,0,0,0,0,0,37.57012955,127.0164019
1451364,청계7가 공영주차장(시),종로구 창신동 436-87,NS,노상 주차장,1,시간제 주차장,,1,현재~20분이내 연계데이터 존재(현재 주차대수 표현),1,Y,유료,N,야간 미개방,0900,1900,0900,1500,0000,0000,2026-04-07 11:28,N,무료,Y,유료,0,1.11102E+12,450,5,450,5,0,0,0,0,0,37.57017023,127.0165343
1451364,청계7가 공영주차장(시),종로구 창신동 436-87,NS,노상 주차장,1,시간제 주차장,,1,현재~20분이내 연계데이터 존재(현재 주차대수 표현),1,Y,유료,N,야간 미개방,0900,1900,0900,1500,0000,0000,2026-04-07 11:28,N,무료,Y,유료,0,1.11102E+12,450,5,450,5,0,0,0,0,0,37.57067078,127.0177646
1451364,청계7가 공영주차장(시),종로구 창신동 436-87,NS,노상 주차장,1,시간제 주차장,,1,현재~20분이내 연계데이터 존재(현재 주차대수 표현),1,Y,유료,N,야간 미개방,0900,1900,0900,1500,0000,0000,2026-04-07 11:28,N,무료,Y,유료,0,1.11102E+12,450,5,450,5,0,0,0,0,0,37.57077685,127.0179757
1451364,청계7가 공영주차장(시),종로구 창신동 436-87,NS,노상 주차장,1,시간제 주차장,,1,현재~20분이내 연계데이터 존재(현재 주차대수 표현),1,Y,유료,N,야간 미개방,0900,1900,0900,1500,0000,0000,2026-04-07 11:28,N,무료,Y,유료,0,1.11102E+12,450,5,450,5,0,0,0,0,0,37.57037032,127.0171333
1451364,청계7가 공영주차장(시),종로구 창신동 436-87,NS,노상 주차장,1,시간제 주차장,,1,현재~20분이내 연계데이터 존재(현재 주차대수 표현),1,Y,유료,N,야간 미개방,0900,1900,0900,1500,0000,0000,2026-04-07 11:28,N,무료,Y,유료,0,1.11102E+12,450,5,450,5,0,0,0,0,0,37.57026174,127.0168239
1451364,청계7가 공영주차장(시),종로구 창신동 436-87,NS,노상 주차장,1,시간제 주차장,,1,현재~20분이내 연계데이터 존재(현재 주차대수 표현),1,Y,유료,N,야간 미개방,0900,1900,0900,1500,0000,0000,2026-04-07 11:28,N,무료,Y,유료,0,1.11102E+12,450,5,450,5,0,0,0,0,0,37.57213784,127.0225991
1451364,청계7가 공영주차장(시),종로구 창신동 436-87,NS,노상 주차장,1,시간제 주차장,,1,현재~20분이내 연계데이터 존재(현재 주차대수 표현),1,Y,유료,N,야간 미개방,0900,1900,0900,1500,0000,0000,2026-04-07 11:28,N,무료,Y,유료,0,1.11102E+12,450,5,450,5,0,0,0,0,0,37.57216859,127.0223392
1451364,청계7가 공영주차장(시),종로구 창신동 436-87,NS,노상 주차장,1,시간제 주차장,,1,현재~20분이내 연계데이터 존재(현재 주차대수 표현),1,Y,유료,N,야간 미개방,0900,1900,0900,1500,0000,0000,2026-04-07 11:28,N,무료,Y,유료,0,1.11102E+12,450,5,450,5,0,0,0,0,0,37.57011017,127.0163365
1451364,청계7가 공영주차장(시),종로구 창신동 436-87,NS,노상 주차장,1,시간제 주차장,,1,현재~20분이내 연계데이터 존재(현재 주차대수 표현),1,Y,유료,N,야간 미개방,0900,1900,0900,1500,0000,0000,2026-04-07 11:28,N,무료,Y,유료,0,1.11102E+12,450,5,450,5,0,0,0,0,0,37.57063505,127.0176964
1451364,청계7가 공영주차장(시),종로구 창신동 436-87,NS,노상 주차장,1,시간제 주차장,,1,현재~20분이내 연계데이터 존재(현재 주차대수 표현),1,Y,유료,N,야간 미개방,0900,1900,0900,1500,0000,0000,2026-04-07 11:28,N,무료,Y,유료,0,1.11102E+12,450,5,450,5,0,0,0,0,0,37.57207997,127.0209962
1451364,청계7가 공영주차장(시),종로구 창신동 436-87,NS,노상 주차장,1,시간제 주차장,,1,현재~20분이내 연계데이터 존재(현재 주차대수 표현),1,Y,유료,N,야간 미개방,0900,1900,0900,1500,0000,0000,2026-04-07 11:28,N,무료,Y,유료,0,1.11102E+12,450,5,450,5,0,0,0,0,0,37.57211636,127.0227369
1451364,청계7가 공영주차장(시),종로구 창신동 436-87,NS,노상 주차장,1,시간제 주차장,,1,현재~20분이내 연계데이터 존재(현재 주차대수 표현),1,Y,유료,N,야간 미개방,0900,1900,0900,1500,0000,0000,2026-04-07 11:28,N,무료,Y,유료,0,1.11102E+12,450,5,450,5,0,0,0,0,0,37.57019149,127.0166074
1451364,청계7가 공영주차장(시),종로구 창신동 436-87,NS,노상 주차장,1,시간제 주차장,,1,현재~20분이내 연계데이터 존재(현재 주차대수 표현),1,Y,유료,N,야간 미개방,0900,1900,0900,1500,0000,0000,2026-04-07 11:28,N,무료,Y,유료,0,1.11102E+12,450,5,450,5,0,0,0,0,0,37.57074267,127.0179095
1451364,청계7가 공영주차장(시),종로구 창신동 436-87,NS,노상 주차장,1,시간제 주차장,,1,현재~20분이내 연계데이터 존재(현재 주차대수 표현),1,Y,유료,N,야간 미개방,0900,1900,0900,1500,0000,0000,2026-04-07 11:28,N,무료,Y,유료,0,1.11102E+12,450,5,450,5,0,0,0,0,0,37.57015026,127.0164684
1451364,청계7가 공영주차장(시),종로구 창신동 436-87,NS,노상 주차장,1,시간제 주차장,,1,현재~20분이내 연계데이터 존재(현재 주차대수 표현),1,Y,유료,N,야간 미개방,0900,1900,0900,1500,0000,0000,2026-04-07 11:28,N,무료,Y,유료,0,1.11102E+12,450,5,450,5,0,0,0,0,0,37.57210801,127.0211315
1451364,청계7가 공영주차장(시),종로구 창신동 436-87,NS,노상 주차장,1,시간제 주차장,,1,현재~20분이내 연계데이터 존재(현재 주차대수 표현),1,Y,유료,N,야간 미개방,0900,1900,0900,1500,0000,0000,2026-04-07 11:28,N,무료,Y,유료,0,1.11102E+12,450,5,450,5,0,0,0,0,0,37.57209467,127.0210653
1451364,청계7가 공영주차장(시),종로구 창신동 436-87,NS,노상 주차장,1,시간제 주차장,,1,현재~20분이내 연계데이터 존재(현재 주차대수 표현),1,Y,유료,N,야간 미개방,0900,1900,0900,1500,0000,0000,2026-04-07 11:28,N,무료,Y,유료,0,1.11102E+12,450,5,450,5,0,0,0,0,0,37.57175492,127.0198927
1451364,청계7가 공영주차장(시),종로구 창신동 436-87,NS,노상 주차장,1,시간제 주차장,,1,현재~20분이내 연계데이터 존재(현재 주차대수 표현),1,Y,유료,N,야간 미개방,0900,1900,0900,1500,0000,0000,2026-04-07 11:28,N,무료,Y,유료,0,1.11102E+12,450,5,450,5,0,0,0,0,0,37.57197551,127.0205551
1451364,청계7가 공영주차장(시),종로구 창신동 436-87,NS,노상 주차장,1,시간제 주차장,,1,현재~20분이내 연계데이터 존재(현재 주차대수 표현),1,Y,유료,N,야간 미개방,0900,1900,0900,1500,0000,0000,2026-04-07 11:28,N,무료,Y,유료,0,1.11102E+12,450,5,450,5,0,0,0,0,0,37.57167001,127.019713
1451364,청계7가 공영주차장(시),종로구 창신동 436-87,NS,노상 주차장,1,시간제 주차장,,1,현재~20분이내 연계데이터 존재(현재 주차대수 표현),1,Y,유료,N,야간 미개방,0900,1900,0900,1500,0000,0000,2026-04-07 11:28,N,무료,Y,유료,0,1.11102E+12,450,5,450,5,0,0,0,0,0,37.57172406,127.0198308
1451364,청계7가 공영주차장(시),종로구 창신동 436-87,NS,노상 주차장,1,시간제 주차장,,1,현재~20분이내 연계데이터 존재(현재 주차대수 표현),1,Y,유료,N,야간 미개방,0900,1900,0900,1500,0000,0000,2026-04-07 11:28,N,무료,Y,유료,0,1.11102E+12,450,5,450,5,0,0,0,0,0,37.57074755,127.0179317
1451370,동순라길(종묘) 관광버스전용 주차장(시),종로구 인의동 107-1,NS,노상 주차장,4,버스전용 주차장,02-2290-6449,1,현재~20분이내 연계데이터 존재(현재 주차대수 표현),1,N,무료,N,야간 미개방,0000,0000,0000,0000,0000,0000,2026-04-07 13:35,Y,유료,Y,유료,0,1.11102E+12,0,0,0,0,0,0,0,0,0,37.57267895,126.9967579
1451370,동순라길(종묘) 관광버스전용 주차장(시),종로구 인의동 107-1,NS,노상 주차장,4,버스전용 주차장,02-2290-6449,1,현재~20분이내 연계데이터 존재(현재 주차대수 표현),1,N,무료,N,야간 미개방,0000,0000,0000,0000,0000,0000,2026-04-07 13:35,Y,유료,Y,유료,0,1.11102E+12,0,0,0,0,0,0,0,0,0,37.57278931,126.996793
1451370,동순라길(종묘) 관광버스전용 주차장(시),종로구 인의동 107-1,NS,노상 주차장,4,버스전용 주차장,02-2290-6449,1,현재~20분이내 연계데이터 존재(현재 주차대수 표현),1,N,무료,N,야간 미개방,0000,0000,0000,0000,0000,0000,2026-04-07 13:35,Y,유료,Y,유료,0,1.11102E+12,0,0,0,0,0,0,0,0,0,37.5730121,126.9967768
1451370,동순라길(종묘) 관광버스전용 주차장(시),종로구 인의동 107-1,NS,노상 주차장,4,버스전용 주차장,02-2290-6449,1,현재~20분이내 연계데이터 존재(현재 주차대수 표현),1,N,무료,N,야간 미개방,0000,0000,0000,0000,0000,0000,2026-04-07 13:35,Y,유료,Y,유료,0,1.11102E+12,0,0,0,0,0,0,0,0,0,37.57290137,126.9967881
1451370,동순라길(종묘) 관광버스전용 주차장(시),종로구 인의동 107-1,NS,노상 주차장,4,버스전용 주차장,02-2290-6449,1,현재~20분이내 연계데이터 존재(현재 주차대수 표현),1,N,무료,N,야간 미개방,0000,0000,0000,0000,0000,0000,2026-04-07 13:35,Y,유료,Y,유료,0,1.11102E+12,0,0,0,0,0,0,0,0,0,37.57248168,126.9966381
1451371,세운상가밑(구),종로구 장사동 116-3,NS,노상 주차장,1,시간제 주차장,,0,미연계중,1,Y,유료,N,야간 미개방,0900,1900,0900,1500,0000,0000,2019-06-10 10:01,N,무료,Y,유료,250000,1.11102E+12,500,5,1000,10,0,0,0,0,0,,
1451409,낙산성곽 버스전용 주차장(구),종로구 창신동 615-62,NS,노상 주차장,4,버스전용 주차장,,0,미연계중,1,N,무료,N,야간 미개방,0000,0000,0000,0000,0000,0000,2021-08-31 9:30,Y,유료,Y,유료,0,1.11102E+12,0,0,0,0,0,0,0,0,0,,
1451525,열린마당(구),종로구 세종로 111-0 옆,NS,노상 주차장,1,시간제 주차장,,0,미연계중,1,Y,유료,N,야간 미개방,0900,2100,0900,1500,0000,0000,2019-06-10 10:02,N,무료,Y,유료,250000,1.11101E+12,500,5,1000,10,0,0,0,0,0,,
1451594,종각(구),종로구 관철동 45-9,NS,노상 주차장,1,시간제 주차장,,0,미연계중,1,Y,유료,N,야간 미개방,1000,2200,0900,1800,0000,0000,2019-06-10 10:02,N,무료,Y,유료,250000,1.11101E+12,500,5,1000,10,0,0,0,0,0,,
1451598,원서공원 앞(구),종로구 와룡동 206-0,NS,노상 주차장,1,시간제 주차장,,0,미연계중,1,Y,유료,N,야간 미개방,0900,1900,0900,1900,0900,1900,2021-04-20 14:00,N,무료,N,무료,250000,1.11101E+12,500,5,500,5,0,0,0,0,0,,
1451912,광화문빌딩(구),종로구 당주동 40-9,NS,노상 주차장,1,시간제 주차장,,0,미연계중,1,Y,유료,N,야간 미개방,1000,2200,1000,1800,1000,1800,2023-03-09 10:14,N,무료,N,무료,250000,1.11101E+12,500,5,1000,10,0,0,0,0,0,,
1451913,삼청공원앞(구),종로구 삼청동 25-11,NS,노상 주차장,1,시간제 주차장,,0,미연계중,1,Y,유료,N,야간 미개방,0900,2100,0900,1700,0000,0000,2019-06-10 10:04,N,무료,Y,유료,180000,1.11101E+12,250,5,500,10,0,0,0,0,0,,
1451938,청계1(북) 공영주차장(시),종로구 관철동 13-14,NS,노상 주차장,1,시간제 주차장,,1,현재~20분이내 연계데이터 존재(현재 주차대수 표현),1,Y,유료,N,야간 미개방,0900,1900,0900,1500,0000,0000,2026-04-07 11:26,N,무료,Y,유료,0,1.11101E+12,750,5,750,5,0,0,0,0,0,37.56829785,126.9881457
1451938,청계1(북) 공영주차장(시),종로구 관철동 13-14,NS,노상 주차장,1,시간제 주차장,,1,현재~20분이내 연계데이터 존재(현재 주차대수 표현),1,Y,유료,N,야간 미개방,0900,1900,0900,1500,0000,0000,2026-04-07 11:26,N,무료,Y,유료,0,1.11101E+12,750,5,750,5,0,0,0,0,0,37.56829211,126.9885708
1451938,청계1(북) 공영주차장(시),종로구 관철동 13-14,NS,노상 주차장,1,시간제 주차장,,1,현재~20분이내 연계데이터 존재(현재 주차대수 표현),1,Y,유료,N,야간 미개방,0900,1900,0900,1500,0000,0000,2026-04-07 11:26,N,무료,Y,유료,0,1.11101E+12,750,5,750,5,0,0,0,0,0,37.5682943,126.9884302
1451938,청계1(북) 공영주차장(시),종로구 관철동 13-14,NS,노상 주차장,1,시간제 주차장,,1,현재~20분이내 연계데이터 존재(현재 주차대수 표현),1,Y,유료,N,야간 미개방,0900,1900,0900,1500,0000,0000,2026-04-07 11:26,N,무료,Y,유료,0,1.11101E+12,750,5,750,5,0,0,0,0,0,37.568294,126.988629
1451938,청계1(북) 공영주차장(시),종로구 관철동 13-14,NS,노상 주차장,1,시간제 주차장,,1,현재~20분이내 연계데이터 존재(현재 주차대수 표현),1,Y,유료,N,야간 미개방,0900,1900,0900,1500,0000,0000,2026-04-07 11:26,N,무료,Y,유료,0,1.11101E+12,750,5,750,5,0,0,0,0,0,37.56831363,126.9892663
1451938,청계1(북) 공영주차장(시),종로구 관철동 13-14,NS,노상 주차장,1,시간제 주차장,,1,현재~20분이내 연계데이터 존재(현재 주차대수 표현),1,Y,유료,N,야간 미개방,0900,1900,0900,1500,0000,0000,2026-04-07 11:26,N,무료,Y,유료,0,1.11101E+12,750,5,750,5,0,0,0,0,0,37.56829931,126.9890589
1451938,청계1(북) 공영주차장(시),종로구 관철동 13-14,NS,노상 주차장,1,시간제 주차장,,1,현재~20분이내 연계데이터 존재(현재 주차대수 표현),1,Y,유료,N,야간 미개방,0900,1900,0900,1500,0000,0000,2026-04-07 11:26,N,무료,Y,유료,0,1.11101E+12,750,5,750,5,0,0,0,0,0,37.56829312,126.9885006
1451938,청계1(북) 공영주차장(시),종로구 관철동 13-14,NS,노상 주차장,1,시간제 주차장,,1,현재~20분이내 연계데이터 존재(현재 주차대수 표현),1,Y,유료,N,야간 미개방,0900,1900,0900,1500,0000,0000,2026-04-07 11:26,N,무료,Y,유료,0,1.11101E+12,750,5,750,5,0,0,0,0,0,37.56831662,126.9893367
1451938,청계1(북) 공영주차장(시),종로구 관철동 13-14,NS,노상 주차장,1,시간제 주차장,,1,현재~20분이내 연계데이터 존재(현재 주차대수 표현),1,Y,유료,N,야간 미개방,0900,1900,0900,1500,0000,0000,2026-04-07 11:26,N,무료,Y,유료,0,1.11101E+12,750,5,750,5,0,0,0,0,0,37.56829666,126.9882176
1451938,청계1(북) 공영주차장(시),종로구 관철동 13-14,NS,노상 주차장,1,시간제 주차장,,1,현재~20분이내 연계데이터 존재(현재 주차대수 표현),1,Y,유료,N,야간 미개방,0900,1900,0900,1500,0000,0000,2026-04-07 11:26,N,무료,Y,유료,0,1.11101E+12,750,5,750,5,0,0,0,0,0,37.56829903,126.9880723
1451938,청계1(북) 공영주차장(시),종로구 관철동 13-14,NS,노상 주차장,1,시간제 주차장,,1,현재~20분이내 연계데이터 존재(현재 주차대수 표현),1,Y,유료,N,야간 미개방,0900,1900,0900,1500,0000,0000,2026-04-07 11:26,N,무료,Y,유료,0,1.11101E+12,750,5,750,5,0,0,0,0,0,37.56830587,126.9891271
1451938,청계1(북) 공영주차장(시),종로구 관철동 13-14,NS,노상 주차장,1,시간제 주차장,,1,현재~20분이내 연계데이터 존재(현재 주차대수 표현),1,Y,유료,N,야간 미개방,0900,1900,0900,1500,0000,0000,2026-04-07 11:26,N,무료,Y,유료,0,1.11101E+12,750,5,750,5,0,0,0,0,0,37.568303,126.988003
1452019,청계5(북1) 공영주차장(시),종로구 종로5가 458-2,NS,노상 주차장,1,시간제 주차장,,1,현재~20분이내 연계데이터 존재(현재 주차대수 표현),1,Y,유료,N,야간 미개방,0900,1900,0900,1500,0000,0000,2026-04-07 13:49,N,무료,Y,유료,0,1.11102E+12,750,5,750,5,0,0,0,0,0,37.56988503,127.0075057
1452019,청계5(북1) 공영주차장(시),종로구 종로5가 458-2,NS,노상 주차장,1,시간제 주차장,,1,현재~20분이내 연계데이터 존재(현재 주차대수 표현),1,Y,유료,N,야간 미개방,0900,1900,0900,1500,0000,0000,2026-04-07 13:49,N,무료,Y,유료,0,1.11102E+12,750,5,750,5,0,0,0,0,0,37.56982646,127.0041839
1452019,청계5(북1) 공영주차장(시),종로구 종로5가 458-2,NS,노상 주차장,1,시간제 주차장,,1,현재~20분이내 연계데이터 존재(현재 주차대수 표현),1,Y,유료,N,야간 미개방,0900,1900,0900,1500,0000,0000,2026-04-07 13:49,N,무료,Y,유료,0,1.11102E+12,750,5,750,5,0,0,0,0,0,37.56982751,127.0047015
1452019,청계5(북1) 공영주차장(시),종로구 종로5가 458-2,NS,노상 주차장,1,시간제 주차장,,1,현재~20분이내 연계데이터 존재(현재 주차대수 표현),1,Y,유료,N,야간 미개방,0900,1900,0900,1500,0000,0000,2026-04-07 13:49,N,무료,Y,유료,0,1.11102E+12,750,5,750,5,0,0,0,0,0,37.56988704,127.007567
1452019,청계5(북1) 공영주차장(시),종로구 종로5가 458-2,NS,노상 주차장,1,시간제 주차장,,1,현재~20분이내 연계데이터 존재(현재 주차대수 표현),1,Y,유료,N,야간 미개방,0900,1900,0900,1500,0000,0000,2026-04-07 13:49,N,무료,Y,유료,0,1.11102E+12,750,5,750,5,0,0,0,0,0,37.56982977,127.00544
1452019,청계5(북1) 공영주차장(시),종로구 종로5가 458-2,NS,노상 주차장,1,시간제 주차장,,1,현재~20분이내 연계데이터 존재(현재 주차대수 표현),1,Y,유료,N,야간 미개방,0900,1900,0900,1500,0000,0000,2026-04-07 13:49,N,무료,Y,유료,0,1.11102E+12,750,5,750,5,0,0,0,0,0,37.56982884,127.0059896
1452019,청계5(북1) 공영주차장(시),종로구 종로5가 458-2,NS,노상 주차장,1,시간제 주차장,,1,현재~20분이내 연계데이터 존재(현재 주차대수 표현),1,Y,유료,N,야간 미개방,0900,1900,0900,1500,0000,0000,2026-04-07 13:49,N,무료,Y,유료,0,1.11102E+12,750,5,750,5,0,0,0,0,0,37.5698808,127.0074416
1452019,청계5(북1) 공영주차장(시),종로구 종로5가 458-2,NS,노상 주차장,1,시간제 주차장,,1,현재~20분이내 연계데이터 존재(현재 주차대수 표현),1,Y,유료,N,야간 미개방,0900,1900,0900,1500,0000,0000,2026-04-07 13:49,N,무료,Y,유료,0,1.11102E+12,750,5,750,5,0,0,0,0,0,37.56983202,127.0063919
1452019,청계5(북1) 공영주차장(시),종로구 종로5가 458-2,NS,노상 주차장,1,시간제 주차장,,1,현재~20분이내 연계데이터 존재(현재 주차대수 표현),1,Y,유료,N,야간 미개방,0900,1900,0900,1500,0000,0000,2026-04-07 13:49,N,무료,Y,유료,0,1.11102E+12,750,5,750,5,0,0,0,0,0,37.56982838,127.0057868
1452019,청계5(북1) 공영주차장(시),종로구 종로5가 458-2,NS,노상 주차장,1,시간제 주차장,,1,현재~20분이내 연계데이터 존재(현재 주차대수 표현),1,Y,유료,N,야간 미개방,0900,1900,0900,1500,0000,0000,2026-04-07 13:49,N,무료,Y,유료,0,1.11102E+12,750,5,750,5,0,0,0,0,0,37.56982716,127.0041102
1452019,청계5(북1) 공영주차장(시),종로구 종로5가 458-2,NS,노상 주차장,1,시간제 주차장,,1,현재~20분이내 연계데이터 존재(현재 주차대수 표현),1,Y,유료,N,야간 미개방,0900,1900,0900,1500,0000,0000,2026-04-07 13:49,N,무료,Y,유료,0,1.11102E+12,750,5,750,5,0,0,0,0,0,37.56983044,127.0056487
1452019,청계5(북1) 공영주차장(시),종로구 종로5가 458-2,NS,노상 주차장,1,시간제 주차장,,1,현재~20분이내 연계데이터 존재(현재 주차대수 표현),1,Y,유료,N,야간 미개방,0900,1900,0900,1500,0000,0000,2026-04-07 13:49,N,무료,Y,유료,0,1.11102E+12,750,5,750,5,0,0,0,0,0,37.56982879,127.0060547
1452019,청계5(북1) 공영주차장(시),종로구 종로5가 458-2,NS,노상 주차장,1,시간제 주차장,,1,현재~20분이내 연계데이터 존재(현재 주차대수 표현),1,Y,유료,N,야간 미개방,0900,1900,0900,1500,0000,0000,2026-04-07 13:49,N,무료,Y,유료,0,1.11102E+12,750,5,750,5,0,0,0,0,0,37.5698332,127.0064623
1452019,청계5(북1) 공영주차장(시),종로구 종로5가 458-2,NS,노상 주차장,1,시간제 주차장,,1,현재~20분이내 연계데이터 존재(현재 주차대수 표현),1,Y,유료,N,야간 미개방,0900,1900,0900,1500,0000,0000,2026-04-07 13:49,N,무료,Y,유료,0,1.11102E+12,750,5,750,5,0,0,0,0,0,37.56982813,127.0059231
1452019,청계5(북1) 공영주차장(시),종로구 종로5가 458-2,NS,노상 주차장,1,시간제 주차장,,1,현재~20분이내 연계데이터 존재(현재 주차대수 표현),1,Y,유료,N,야간 미개방,0900,1900,0900,1500,0000,0000,2026-04-07 13:49,N,무료,Y,유료,0,1.11102E+12,750,5,750,5,0,0,0,0,0,37.56983016,127.0061908
1452019,청계5(북1) 공영주차장(시),종로구 종로5가 458-2,NS,노상 주차장,1,시간제 주차장,,1,현재~20분이내 연계데이터 존재(현재 주차대수 표현),1,Y,유료,N,야간 미개방,0900,1900,0900,1500,0000,0000,2026-04-07 13:49,N,무료,Y,유료,0,1.11102E+12,750,5,750,5,0,0,0,0,0,37.56983142,127.0063234
1452019,청계5(북1) 공영주차장(시),종로구 종로5가 458-2,NS,노상 주차장,1,시간제 주차장,,1,현재~20분이내 연계데이터 존재(현재 주차대수 표현),1,Y,유료,N,야간 미개방,0900,1900,0900,1500,0000,0000,2026-04-07 13:49,N,무료,Y,유료,0,1.11102E+12,750,5,750,5,0,0,0,0,0,37.56983056,127.0055089
1452019,청계5(북1) 공영주차장(시),종로구 종로5가 458-2,NS,노상 주차장,1,시간제 주차장,,1,현재~20분이내 연계데이터 존재(현재 주차대수 표현),1,Y,유료,N,야간 미개방,0900,1900,0900,1500,0000,0000,2026-04-07 13:49,N,무료,Y,유료,0,1.11102E+12,750,5,750,5,0,0,0,0,0,37.56982987,127.0062555
1452019,청계5(북1) 공영주차장(시),종로구 종로5가 458-2,NS,노상 주차장,1,시간제 주차장,,1,현재~20분이내 연계데이터 존재(현재 주차대수 표현),1,Y,유료,N,야간 미개방,0900,1900,0900,1500,0000,0000,2026-04-07 13:49,N,무료,Y,유료,0,1.11102E+12,750,5,750,5,0,0,0,0,0,37.5698281,127.0048382
1452019,청계5(북1) 공영주차장(시),종로구 종로5가 458-2,NS,노상 주차장,1,시간제 주차장,,1,현재~20분이내 연계데이터 존재(현재 주차대수 표현),1,Y,유료,N,야간 미개방,0900,1900,0900,1500,0000,0000,2026-04-07 13:49,N,무료,Y,유료,0,1.11102E+12,750,5,750,5,0,0,0,0,0,37.56982809,127.0047706
1452019,청계5(북1) 공영주차장(시),종로구 종로5가 458-2,NS,노상 주차장,1,시간제 주차장,,1,현재~20분이내 연계데이터 존재(현재 주차대수 표현),1,Y,유료,N,야간 미개방,0900,1900,0900,1500,0000,0000,2026-04-07 13:49,N,무료,Y,유료,0,1.11102E+12,750,5,750,5,0,0,0,0,0,37.56982801,127.0058559
1452019,청계5(북1) 공영주차장(시),종로구 종로5가 458-2,NS,노상 주차장,1,시간제 주차장,,1,현재~20분이내 연계데이터 존재(현재 주차대수 표현),1,Y,유료,N,야간 미개방,0900,1900,0900,1500,0000,0000,2026-04-07 13:49,N,무료,Y,유료,0,1.11102E+12,750,5,750,5,0,0,0,0,0,37.56986607,127.0071896
1452019,청계5(북1) 공영주차장(시),종로구 종로5가 458-2,NS,노상 주차장,1,시간제 주차장,,1,현재~20분이내 연계데이터 존재(현재 주차대수 표현),1,Y,유료,N,야간 미개방,0900,1900,0900,1500,0000,0000,2026-04-07 13:49,N,무료,Y,유료,0,1.11102E+12,750,5,750,5,0,0,0,0,0,37.56987456,127.0073171
1452019,청계5(북1) 공영주차장(시),종로구 종로5가 458-2,NS,노상 주차장,1,시간제 주차장,,1,현재~20분이내 연계데이터 존재(현재 주차대수 표현),1,Y,유료,N,야간 미개방,0900,1900,0900,1500,0000,0000,2026-04-07 13:49,N,무료,Y,유료,0,1.11102E+12,750,5,750,5,0,0,0,0,0,37.56983045,127.0055798
1452019,청계5(북1) 공영주차장(시),종로구 종로5가 458-2,NS,노상 주차장,1,시간제 주차장,,1,현재~20분이내 연계데이터 존재(현재 주차대수 표현),1,Y,유료,N,야간 미개방,0900,1900,0900,1500,0000,0000,2026-04-07 13:49,N,무료,Y,유료,0,1.11102E+12,750,5,750,5,0,0,0,0,0,37.5698704,127.0072536
1452024,청계5(동호로_북) 공영주차장(시),종로구 종로5가 458-2,NS,노상 주차장,1,시간제 주차장,,1,현재~20분이내 연계데이터 존재(현재 주차대수 표현),1,Y,유료,N,야간 미개방,0900,0100,0900,1500,0000,0000,2026-04-07 13:47,N,무료,Y,유료,0,1.11102E+12,750,5,750,5,0,0,0,0,0,37.57003679,127.0021438
1452024,청계5(동호로_북) 공영주차장(시),종로구 종로5가 458-2,NS,노상 주차장,1,시간제 주차장,,1,현재~20분이내 연계데이터 존재(현재 주차대수 표현),1,Y,유료,N,야간 미개방,0900,0100,0900,1500,0000,0000,2026-04-07 13:47,N,무료,Y,유료,0,1.11102E+12,750,5,750,5,0,0,0,0,0,37.57018549,127.0021309
1452024,청계5(동호로_북) 공영주차장(시),종로구 종로5가 458-2,NS,노상 주차장,1,시간제 주차장,,1,현재~20분이내 연계데이터 존재(현재 주차대수 표현),1,Y,유료,N,야간 미개방,0900,0100,0900,1500,0000,0000,2026-04-07 13:47,N,무료,Y,유료,0,1.11102E+12,750,5,750,5,0,0,0,0,0,37.57008636,127.0021395
1452024,청계5(동호로_북) 공영주차장(시),종로구 종로5가 458-2,NS,노상 주차장,1,시간제 주차장,,1,현재~20분이내 연계데이터 존재(현재 주차대수 표현),1,Y,유료,N,야간 미개방,0900,0100,0900,1500,0000,0000,2026-04-07 13:47,N,무료,Y,유료,0,1.11102E+12,750,5,750,5,0,0,0,0,0,37.57028463,127.0021223
1452024,청계5(동호로_북) 공영주차장(시),종로구 종로5가 458-2,NS,노상 주차장,1,시간제 주차장,,1,현재~20분이내 연계데이터 존재(현재 주차대수 표현),1,Y,유료,N,야간 미개방,0900,0100,0900,1500,0000,0000,2026-04-07 13:47,N,무료,Y,유료,0,1.11102E+12,750,5,750,5,0,0,0,0,0,37.57023506,127.0021266
1452024,청계5(동호로_북) 공영주차장(시),종로구 종로5가 458-2,NS,노상 주차장,1,시간제 주차장,,1,현재~20분이내 연계데이터 존재(현재 주차대수 표현),1,Y,유료,N,야간 미개방,0900,0100,0900,1500,0000,0000,2026-04-07 13:47,N,무료,Y,유료,0,1.11102E+12,750,5,750,5,0,0,0,0,0,37.57013593,127.0021352
1452025,청계3(창경궁로_북1) 공영주차장(시),종로구 예지동 140-1,NS,노상 주차장,1,시간제 주차장,,1,현재~20분이내 연계데이터 존재(현재 주차대수 표현),1,Y,유료,N,야간 미개방,0900,1900,0900,1500,0000,0000,2026-04-07 13:45,N,무료,Y,유료,0,1.11102E+12,750,5,750,5,0,0,0,0,0,37.57036094,126.9974948
1452025,청계3(창경궁로_북1) 공영주차장(시),종로구 예지동 140-1,NS,노상 주차장,1,시간제 주차장,,1,현재~20분이내 연계데이터 존재(현재 주차대수 표현),1,Y,유료,N,야간 미개방,0900,1900,0900,1500,0000,0000,2026-04-07 13:45,N,무료,Y,유료,0,1.11102E+12,750,5,750,5,0,0,0,0,0,37.57032948,126.9975515
1452025,청계3(창경궁로_북1) 공영주차장(시),종로구 예지동 140-1,NS,노상 주차장,1,시간제 주차장,,1,현재~20분이내 연계데이터 존재(현재 주차대수 표현),1,Y,유료,N,야간 미개방,0900,1900,0900,1500,0000,0000,2026-04-07 13:45,N,무료,Y,유료,0,1.11102E+12,750,5,750,5,0,0,0,0,0,37.57029638,126.9976069
1452025,청계3(창경궁로_북1) 공영주차장(시),종로구 예지동 140-1,NS,노상 주차장,1,시간제 주차장,,1,현재~20분이내 연계데이터 존재(현재 주차대수 표현),1,Y,유료,N,야간 미개방,0900,1900,0900,1500,0000,0000,2026-04-07 13:45,N,무료,Y,유료,0,1.11102E+12,750,5,750,5,0,0,0,0,0,37.57039324,126.9974385
1452025,청계3(창경궁로_북1) 공영주차장(시),종로구 예지동 140-1,NS,노상 주차장,1,시간제 주차장,,1,현재~20분이내 연계데이터 존재(현재 주차대수 표현),1,Y,유료,N,야간 미개방,0900,1900,0900,1500,0000,0000,2026-04-07 13:45,N,무료,Y,유료,0,1.11102E+12,750,5,750,5,0,0,0,0,0,37.57042585,126.9973851
1452025,청계3(창경궁로_북1) 공영주차장(시),종로구 예지동 140-1,NS,노상 주차장,1,시간제 주차장,,1,현재~20분이내 연계데이터 존재(현재 주차대수 표현),1,Y,유료,N,야간 미개방,0900,1900,0900,1500,0000,0000,2026-04-07 13:45,N,무료,Y,유료,0,1.11102E+12,750,5,750,5,0,0,0,0,0,37.57045874,126.9973323
1452219,청계2(돈화문로) 공영주차장(시),종로구 관수동 91-4,NS,노상 주차장,1,시간제 주차장,,0,미연계중,1,Y,유료,N,야간 미개방,0900,1900,0900,1500,0000,0000,2026-04-07 11:27,N,무료,Y,유료,0,1.11102E+12,750,5,750,5,0,0,0,0,0,37.5689309,126.9924008
1452219,청계2(돈화문로) 공영주차장(시),종로구 관수동 91-4,NS,노상 주차장,1,시간제 주차장,,0,미연계중,1,Y,유료,N,야간 미개방,0900,1900,0900,1500,0000,0000,2026-04-07 11:27,N,무료,Y,유료,0,1.11102E+12,750,5,750,5,0,0,0,0,0,37.56887639,126.9924071
1452219,청계2(돈화문로) 공영주차장(시),종로구 관수동 91-4,NS,노상 주차장,1,시간제 주차장,,0,미연계중,1,Y,유료,N,야간 미개방,0900,1900,0900,1500,0000,0000,2026-04-07 11:27,N,무료,Y,유료,0,1.11102E+12,750,5,750,5,0,0,0,0,0,37.56964546,126.9923151
1452219,청계2(돈화문로) 공영주차장(시),종로구 관수동 91-4,NS,노상 주차장,1,시간제 주차장,,0,미연계중,1,Y,유료,N,야간 미개방,0900,1900,0900,1500,0000,0000,2026-04-07 11:27,N,무료,Y,유료,0,1.11102E+12,750,5,750,5,0,0,0,0,0,37.56882001,126.9924153
1452219,청계2(돈화문로) 공영주차장(시),종로구 관수동 91-4,NS,노상 주차장,1,시간제 주차장,,0,미연계중,1,Y,유료,N,야간 미개방,0900,1900,0900,1500,0000,0000,2026-04-07 11:27,N,무료,Y,유료,0,1.11102E+12,750,5,750,5,0,0,0,0,0,37.56947712,126.9923344
1452219,청계2(돈화문로) 공영주차장(시),종로구 관수동 91-4,NS,노상 주차장,1,시간제 주차장,,0,미연계중,1,Y,유료,N,야간 미개방,0900,1900,0900,1500,0000,0000,2026-04-07 11:27,N,무료,Y,유료,0,1.11102E+12,750,5,750,5,0,0,0,0,0,37.56898596,126.9923954
1452219,청계2(돈화문로) 공영주차장(시),종로구 관수동 91-4,NS,노상 주차장,1,시간제 주차장,,0,미연계중,1,Y,유료,N,야간 미개방,0900,1900,0900,1500,0000,0000,2026-04-07 11:27,N,무료,Y,유료,0,1.11102E+12,750,5,750,5,0,0,0,0,0,37.56953264,126.9923284
1452219,청계2(돈화문로) 공영주차장(시),종로구 관수동 91-4,NS,노상 주차장,1,시간제 주차장,,0,미연계중,1,Y,유료,N,야간 미개방,0900,1900,0900,1500,0000,0000,2026-04-07 11:27,N,무료,Y,유료,0,1.11102E+12,750,5,750,5,0,0,0,0,0,37.56904162,126.9923908
1452219,청계2(돈화문로) 공영주차장(시),종로구 관수동 91-4,NS,노상 주차장,1,시간제 주차장,,0,미연계중,1,Y,유료,N,야간 미개방,0900,1900,0900,1500,0000,0000,2026-04-07 11:27,N,무료,Y,유료,0,1.11102E+12,750,5,750,5,0,0,0,0,0,37.56959054,126.9923216
1452219,청계2(돈화문로) 공영주차장(시),종로구 관수동 91-4,NS,노상 주차장,1,시간제 주차장,,0,미연계중,1,Y,유료,N,야간 미개방,0900,1900,0900,1500,0000,0000,2026-04-07 11:27,N,무료,Y,유료,0,1.11102E+12,750,5,750,5,0,0,0,0,0,37.56942229,126.9923412
1452337,관철동 공영주차장(시),종로구 관철동 13-14,NS,노상 주차장,1,시간제 주차장,02-738-0909,1,현재~20분이내 연계데이터 존재(현재 주차대수 표현),1,Y,유료,N,야간 미개방,0900,2200,0900,1400,0000,0000,2026-04-15 16:39,N,무료,Y,유료,0,1.11101E+12,430,5,430,5,0,0,0,0,0,37.56843983,126.9862811
1452337,관철동 공영주차장(시),종로구 관철동 13-14,NS,노상 주차장,1,시간제 주차장,02-738-0909,1,현재~20분이내 연계데이터 존재(현재 주차대수 표현),1,Y,유료,N,야간 미개방,0900,2200,0900,1400,0000,0000,2026-04-15 16:39,N,무료,Y,유료,0,1.11101E+12,430,5,430,5,0,0,0,0,0,37.56845041,126.9862139
1452337,관철동 공영주차장(시),종로구 관철동 13-14,NS,노상 주차장,1,시간제 주차장,02-738-0909,1,현재~20분이내 연계데이터 존재(현재 주차대수 표현),1,Y,유료,N,야간 미개방,0900,2200,0900,1400,0000,0000,2026-04-15 16:39,N,무료,Y,유료,0,1.11101E+12,430,5,430,5,0,0,0,0,0,37.56841848,126.9864145
1452337,관철동 공영주차장(시),종로구 관철동 13-14,NS,노상 주차장,1,시간제 주차장,02-738-0909,1,현재~20분이내 연계데이터 존재(현재 주차대수 표현),1,Y,유료,N,야간 미개방,0900,2200,0900,1400,0000,0000,2026-04-15 16:39,N,무료,Y,유료,0,1.11101E+12,430,5,430,5,0,0,0,0,0,37.56847403,126.9860803
1452337,관철동 공영주차장(시),종로구 관철동 13-14,NS,노상 주차장,1,시간제 주차장,02-738-0909,1,현재~20분이내 연계데이터 존재(현재 주차대수 표현),1,Y,유료,N,야간 미개방,0900,2200,0900,1400,0000,0000,2026-04-15 16:39,N,무료,Y,유료,0,1.11101E+12,430,5,430,5,0,0,0,0,0,37.56842918,126.9863476
1452337,관철동 공영주차장(시),종로구 관철동 13-14,NS,노상 주차장,1,시간제 주차장,02-738-0909,1,현재~20분이내 연계데이터 존재(현재 주차대수 표현),1,Y,유료,N,야간 미개방,0900,2200,0900,1400,0000,0000,2026-04-15 16:39,N,무료,Y,유료,0,1.11101E+12,430,5,430,5,0,0,0,0,0,37.56846109,126.986147
1452337,관철동 공영주차장(시),종로구 관철동 13-14,NS,노상 주차장,1,시간제 주차장,02-738-0909,1,현재~20분이내 연계데이터 존재(현재 주차대수 표현),1,Y,유료,N,야간 미개방,0900,2200,0900,1400,0000,0000,2026-04-15 16:39,N,무료,Y,유료,0,1.11101E+12,430,5,430,5,0,0,0,0,0,37.56840787,126.9864811
1452441,청계6(북) 공영주차장(시),종로구 종로6가 289-49,NS,노상 주차장,1,시간제 주차장,,1,현재~20분이내 연계데이터 존재(현재 주차대수 표현),1,Y,유료,N,야간 미개방,0900,0100,0900,1500,0000,0000,2026-04-07 13:51,N,무료,Y,유료,0,1.11102E+12,450,5,450,5,0,0,0,0,0,37.56997057,127.010926
1452441,청계6(북) 공영주차장(시),종로구 종로6가 289-49,NS,노상 주차장,1,시간제 주차장,,1,현재~20분이내 연계데이터 존재(현재 주차대수 표현),1,Y,유료,N,야간 미개방,0900,0100,0900,1500,0000,0000,2026-04-07 13:51,N,무료,Y,유료,0,1.11102E+12,450,5,450,5,0,0,0,0,0,37.56999724,127.015362
1452441,청계6(북) 공영주차장(시),종로구 종로6가 289-49,NS,노상 주차장,1,시간제 주차장,,1,현재~20분이내 연계데이터 존재(현재 주차대수 표현),1,Y,유료,N,야간 미개방,0900,0100,0900,1500,0000,0000,2026-04-07 13:51,N,무료,Y,유료,0,1.11102E+12,450,5,450,5,0,0,0,0,0,37.56998083,127.0123352
1452441,청계6(북) 공영주차장(시),종로구 종로6가 289-49,NS,노상 주차장,1,시간제 주차장,,1,현재~20분이내 연계데이터 존재(현재 주차대수 표현),1,Y,유료,N,야간 미개방,0900,0100,0900,1500,0000,0000,2026-04-07 13:51,N,무료,Y,유료,0,1.11102E+12,450,5,450,5,0,0,0,0,0,37.56998946,127.0136987
1452441,청계6(북) 공영주차장(시),종로구 종로6가 289-49,NS,노상 주차장,1,시간제 주차장,,1,현재~20분이내 연계데이터 존재(현재 주차대수 표현),1,Y,유료,N,야간 미개방,0900,0100,0900,1500,0000,0000,2026-04-07 13:51,N,무료,Y,유료,0,1.11102E+12,450,5,450,5,0,0,0,0,0,37.56997848,127.0119249
1452441,청계6(북) 공영주차장(시),종로구 종로6가 289-49,NS,노상 주차장,1,시간제 주차장,,1,현재~20분이내 연계데이터 존재(현재 주차대수 표현),1,Y,유료,N,야간 미개방,0900,0100,0900,1500,0000,0000,2026-04-07 13:51,N,무료,Y,유료,0,1.11102E+12,450,5,450,5,0,0,0,0,0,37.56996953,127.0106538
1452441,청계6(북) 공영주차장(시),종로구 종로6가 289-49,NS,노상 주차장,1,시간제 주차장,,1,현재~20분이내 연계데이터 존재(현재 주차대수 표현),1,Y,유료,N,야간 미개방,0900,0100,0900,1500,0000,0000,2026-04-07 13:51,N,무료,Y,유료,0,1.11102E+12,450,5,450,5,0,0,0,0,0,37.56997841,127.0120147
1452441,청계6(북) 공영주차장(시),종로구 종로6가 289-49,NS,노상 주차장,1,시간제 주차장,,1,현재~20분이내 연계데이터 존재(현재 주차대수 표현),1,Y,유료,N,야간 미개방,0900,0100,0900,1500,0000,0000,2026-04-07 13:51,N,무료,Y,유료,0,1.11102E+12,450,5,450,5,0,0,0,0,0,37.56999348,127.0145145
1452441,청계6(북) 공영주차장(시),종로구 종로6가 289-49,NS,노상 주차장,1,시간제 주차장,,1,현재~20분이내 연계데이터 존재(현재 주차대수 표현),1,Y,유료,N,야간 미개방,0900,0100,0900,1500,0000,0000,2026-04-07 13:51,N,무료,Y,유료,0,1.11102E+12,450,5,450,5,0,0,0,0,0,37.56996988,127.0107178
1452441,청계6(북) 공영주차장(시),종로구 종로6가 289-49,NS,노상 주차장,1,시간제 주차장,,1,현재~20분이내 연계데이터 존재(현재 주차대수 표현),1,Y,유료,N,야간 미개방,0900,0100,0900,1500,0000,0000,2026-04-07 13:51,N,무료,Y,유료,0,1.11102E+12,450,5,450,5,0,0,0,0,0,37.5699706,127.010846
1452441,청계6(북) 공영주차장(시),종로구 종로6가 289-49,NS,노상 주차장,1,시간제 주차장,,1,현재~20분이내 연계데이터 존재(현재 주차대수 표현),1,Y,유료,N,야간 미개방,0900,0100,0900,1500,0000,0000,2026-04-07 13:51,N,무료,Y,유료,0,1.11102E+12,450,5,450,5,0,0,0,0,0,37.56999026,127.0138614
1452441,청계6(북) 공영주차장(시),종로구 종로6가 289-49,NS,노상 주차장,1,시간제 주차장,,1,현재~20분이내 연계데이터 존재(현재 주차대수 표현),1,Y,유료,N,야간 미개방,0900,0100,0900,1500,0000,0000,2026-04-07 13:51,N,무료,Y,유료,0,1.11102E+12,450,5,450,5,0,0,0,0,0,37.56999334,127.0148461
1452441,청계6(북) 공영주차장(시),종로구 종로6가 289-49,NS,노상 주차장,1,시간제 주차장,,1,현재~20분이내 연계데이터 존재(현재 주차대수 표현),1,Y,유료,N,야간 미개방,0900,0100,0900,1500,0000,0000,2026-04-07 13:51,N,무료,Y,유료,0,1.11102E+12,450,5,450,5,0,0,0,0,0,37.56997024,127.0107819
1452441,청계6(북) 공영주차장(시),종로구 종로6가 289-49,NS,노상 주차장,1,시간제 주차장,,1,현재~20분이내 연계데이터 존재(현재 주차대수 표현),1,Y,유료,N,야간 미개방,0900,0100,0900,1500,0000,0000,2026-04-07 13:51,N,무료,Y,유료,0,1.11102E+12,450,5,450,5,0,0,0,0,0,37.56997796,127.0118511
1452441,청계6(북) 공영주차장(시),종로구 종로6가 289-49,NS,노상 주차장,1,시간제 주차장,,1,현재~20분이내 연계데이터 존재(현재 주차대수 표현),1,Y,유료,N,야간 미개방,0900,0100,0900,1500,0000,0000,2026-04-07 13:51,N,무료,Y,유료,0,1.11102E+12,450,5,450,5,0,0,0,0,0,37.56997059,127.0110752
1452441,청계6(북) 공영주차장(시),종로구 종로6가 289-49,NS,노상 주차장,1,시간제 주차장,,1,현재~20분이내 연계데이터 존재(현재 주차대수 표현),1,Y,유료,N,야간 미개방,0900,0100,0900,1500,0000,0000,2026-04-07 13:51,N,무료,Y,유료,0,1.11102E+12,450,5,450,5,0,0,0,0,0,37.56997993,127.0121639
1452441,청계6(북) 공영주차장(시),종로구 종로6가 289-49,NS,노상 주차장,1,시간제 주차장,,1,현재~20분이내 연계데이터 존재(현재 주차대수 표현),1,Y,유료,N,야간 미개방,0900,0100,0900,1500,0000,0000,2026-04-07 13:51,N,무료,Y,유료,0,1.11102E+12,450,5,450,5,0,0,0,0,0,37.5699934,127.0147105
1452441,청계6(북) 공영주차장(시),종로구 종로6가 289-49,NS,노상 주차장,1,시간제 주차장,,1,현재~20분이내 연계데이터 존재(현재 주차대수 표현),1,Y,유료,N,야간 미개방,0900,0100,0900,1500,0000,0000,2026-04-07 13:51,N,무료,Y,유료,0,1.11102E+12,450,5,450,5,0,0,0,0,0,37.56999337,127.0147811
1452441,청계6(북) 공영주차장(시),종로구 종로6가 289-49,NS,노상 주차장,1,시간제 주차장,,1,현재~20분이내 연계데이터 존재(현재 주차대수 표현),1,Y,유료,N,야간 미개방,0900,0100,0900,1500,0000,0000,2026-04-07 13:51,N,무료,Y,유료,0,1.11102E+12,450,5,450,5,0,0,0,0,0,37.56999343,127.0146462
1452441,청계6(북) 공영주차장(시),종로구 종로6가 289-49,NS,노상 주차장,1,시간제 주차장,,1,현재~20분이내 연계데이터 존재(현재 주차대수 표현),1,Y,유료,N,야간 미개방,0900,0100,0900,1500,0000,0000,2026-04-07 13:51,N,무료,Y,유료,0,1.11102E+12,450,5,450,5,0,0,0,0,0,37.56998029,127.0122457
1452441,청계6(북) 공영주차장(시),종로구 종로6가 289-49,NS,노상 주차장,1,시간제 주차장,,1,현재~20분이내 연계데이터 존재(현재 주차대수 표현),1,Y,유료,N,야간 미개방,0900,0100,0900,1500,0000,0000,2026-04-07 13:51,N,무료,Y,유료,0,1.11102E+12,450,5,450,5,0,0,0,0,0,37.56999345,127.0145813
1452441,청계6(북) 공영주차장(시),종로구 종로6가 289-49,NS,노상 주차장,1,시간제 주차장,,1,현재~20분이내 연계데이터 존재(현재 주차대수 표현),1,Y,유료,N,야간 미개방,0900,0100,0900,1500,0000,0000,2026-04-07 13:51,N,무료,Y,유료,0,1.11102E+12,450,5,450,5,0,0,0,0,0,37.56999731,127.0152055
1452441,청계6(북) 공영주차장(시),종로구 종로6가 289-49,NS,노상 주차장,1,시간제 주차장,,1,현재~20분이내 연계데이터 존재(현재 주차대수 표현),1,Y,유료,N,야간 미개방,0900,0100,0900,1500,0000,0000,2026-04-07 13:51,N,무료,Y,유료,0,1.11102E+12,450,5,450,5,0,0,0,0,0,37.56999728,127.0152838
1452441,청계6(북) 공영주차장(시),종로구 종로6가 289-49,NS,노상 주차장,1,시간제 주차장,,1,현재~20분이내 연계데이터 존재(현재 주차대수 표현),1,Y,유료,N,야간 미개방,0900,0100,0900,1500,0000,0000,2026-04-07 13:51,N,무료,Y,유료,0,1.11102E+12,450,5,450,5,0,0,0,0,0,37.56996881,127.0105256
1452441,청계6(북) 공영주차장(시),종로구 종로6가 289-49,NS,노상 주차장,1,시간제 주차장,,1,현재~20분이내 연계데이터 존재(현재 주차대수 표현),1,Y,유료,N,야간 미개방,0900,0100,0900,1500,0000,0000,2026-04-07 13:51,N,무료,Y,유료,0,1.11102E+12,450,5,450,5,0,0,0,0,0,37.56999096,127.0137819
1452441,청계6(북) 공영주차장(시),종로구 종로6가 289-49,NS,노상 주차장,1,시간제 주차장,,1,현재~20분이내 연계데이터 존재(현재 주차대수 표현),1,Y,유료,N,야간 미개방,0900,0100,0900,1500,0000,0000,2026-04-07 13:51,N,무료,Y,유료,0,1.11102E+12,450,5,450,5,0,0,0,0,0,37.56997725,127.012089
1452441,청계6(북) 공영주차장(시),종로구 종로6가 289-49,NS,노상 주차장,1,시간제 주차장,,1,현재~20분이내 연계데이터 존재(현재 주차대수 표현),1,Y,유료,N,야간 미개방,0900,0100,0900,1500,0000,0000,2026-04-07 13:51,N,무료,Y,유료,0,1.11102E+12,450,5,450,5,0,0,0,0,0,37.56997058,127.0110023
1452441,청계6(북) 공영주차장(시),종로구 종로6가 289-49,NS,노상 주차장,1,시간제 주차장,,1,현재~20분이내 연계데이터 존재(현재 주차대수 표현),1,Y,유료,N,야간 미개방,0900,0100,0900,1500,0000,0000,2026-04-07 13:51,N,무료,Y,유료,0,1.11102E+12,450,5,450,5,0,0,0,0,0,37.56996917,127.0105897
1452721,청계2(북1) 공영주차장(시),종로구 관수동 91-4,NS,노상 주차장,1,시간제 주차장,,1,현재~20분이내 연계데이터 존재(현재 주차대수 표현),1,Y,유료,N,야간 미개방,0900,1900,0900,1500,0000,0000,2026-04-07 11:27,N,무료,Y,유료,0,1.11102E+12,750,5,750,5,0,0,0,0,0,37.568682,126.994673
1452721,청계2(북1) 공영주차장(시),종로구 관수동 91-4,NS,노상 주차장,1,시간제 주차장,,1,현재~20분이내 연계데이터 존재(현재 주차대수 표현),1,Y,유료,N,야간 미개방,0900,1900,0900,1500,0000,0000,2026-04-07 11:27,N,무료,Y,유료,0,1.11102E+12,750,5,750,5,0,0,0,0,0,37.568651,126.994024
1452721,청계2(북1) 공영주차장(시),종로구 관수동 91-4,NS,노상 주차장,1,시간제 주차장,,1,현재~20분이내 연계데이터 존재(현재 주차대수 표현),1,Y,유료,N,야간 미개방,0900,1900,0900,1500,0000,0000,2026-04-07 11:27,N,무료,Y,유료,0,1.11102E+12,750,5,750,5,0,0,0,0,0,37.568589,126.993088
1452721,청계2(북1) 공영주차장(시),종로구 관수동 91-4,NS,노상 주차장,1,시간제 주차장,,1,현재~20분이내 연계데이터 존재(현재 주차대수 표현),1,Y,유료,N,야간 미개방,0900,1900,0900,1500,0000,0000,2026-04-07 11:27,N,무료,Y,유료,0,1.11102E+12,750,5,750,5,0,0,0,0,0,37.56867,126.994514
1452721,청계2(북1) 공영주차장(시),종로구 관수동 91-4,NS,노상 주차장,1,시간제 주차장,,1,현재~20분이내 연계데이터 존재(현재 주차대수 표현),1,Y,유료,N,야간 미개방,0900,1900,0900,1500,0000,0000,2026-04-07 11:27,N,무료,Y,유료,0,1.11102E+12,750,5,750,5,0,0,0,0,0,37.568563,126.992686
1452721,청계2(북1) 공영주차장(시),종로구 관수동 91-4,NS,노상 주차장,1,시간제 주차장,,1,현재~20분이내 연계데이터 존재(현재 주차대수 표현),1,Y,유료,N,야간 미개방,0900,1900,0900,1500,0000,0000,2026-04-07 11:27,N,무료,Y,유료,0,1.11102E+12,750,5,750,5,0,0,0,0,0,37.568605,126.9933552
1452721,청계2(북1) 공영주차장(시),종로구 관수동 91-4,NS,노상 주차장,1,시간제 주차장,,1,현재~20분이내 연계데이터 존재(현재 주차대수 표현),1,Y,유료,N,야간 미개방,0900,1900,0900,1500,0000,0000,2026-04-07 11:27,N,무료,Y,유료,0,1.11102E+12,750,5,750,5,0,0,0,0,0,37.568609,126.993422
1452721,청계2(북1) 공영주차장(시),종로구 관수동 91-4,NS,노상 주차장,1,시간제 주차장,,1,현재~20분이내 연계데이터 존재(현재 주차대수 표현),1,Y,유료,N,야간 미개방,0900,1900,0900,1500,0000,0000,2026-04-07 11:27,N,무료,Y,유료,0,1.11102E+12,750,5,750,5,0,0,0,0,0,37.56864,126.993893
1452721,청계2(북1) 공영주차장(시),종로구 관수동 91-4,NS,노상 주차장,1,시간제 주차장,,1,현재~20분이내 연계데이터 존재(현재 주차대수 표현),1,Y,유료,N,야간 미개방,0900,1900,0900,1500,0000,0000,2026-04-07 11:27,N,무료,Y,유료,0,1.11102E+12,750,5,750,5,0,0,0,0,0,37.568597,126.9932216
1452721,청계2(북1) 공영주차장(시),종로구 관수동 91-4,NS,노상 주차장,1,시간제 주차장,,1,현재~20분이내 연계데이터 존재(현재 주차대수 표현),1,Y,유료,N,야간 미개방,0900,1900,0900,1500,0000,0000,2026-04-07 11:27,N,무료,Y,유료,0,1.11102E+12,750,5,750,5,0,0,0,0,0,37.568689,126.994708
1452721,청계2(북1) 공영주차장(시),종로구 관수동 91-4,NS,노상 주차장,1,시간제 주차장,,1,현재~20분이내 연계데이터 존재(현재 주차대수 표현),1,Y,유료,N,야간 미개방,0900,1900,0900,1500,0000,0000,2026-04-07 11:27,N,무료,Y,유료,0,1.11102E+12,750,5,750,5,0,0,0,0,0,37.568593,126.9931548
1452721,청계2(북1) 공영주차장(시),종로구 관수동 91-4,NS,노상 주차장,1,시간제 주차장,,1,현재~20분이내 연계데이터 존재(현재 주차대수 표현),1,Y,유료,N,야간 미개방,0900,1900,0900,1500,0000,0000,2026-04-07 11:27,N,무료,Y,유료,0,1.11102E+12,750,5,750,5,0,0,0,0,0,37.568601,126.9932884
1453742,당고개위 공영주차장(시),노원구 상계동 111-568,NS,노상 주차장,1,시간제 주차장,02-1688-1054,1,현재~20분이내 연계데이터 존재(현재 주차대수 표현),1,Y,유료,N,야간 미개방,0900,2200,0900,2200,0900,2200,2026-04-07 11:41,N,무료,N,무료,0,1.13501E+12,400,5,400,5,0,0,0,0,0,37.67042332,127.0805663
1453742,당고개위 공영주차장(시),노원구 상계동 111-568,NS,노상 주차장,1,시간제 주차장,02-1688-1054,1,현재~20분이내 연계데이터 존재(현재 주차대수 표현),1,Y,유료,N,야간 미개방,0900,2200,0900,2200,0900,2200,2026-04-07 11:41,N,무료,N,무료,0,1.13501E+12,400,5,400,5,0,0,0,0,0,37.67038594,127.0807434
1453742,당고개위 공영주차장(시),노원구 상계동 111-568,NS,노상 주차장,1,시간제 주차장,02-1688-1054,1,현재~20분이내 연계데이터 존재(현재 주차대수 표현),1,Y,유료,N,야간 미개방,0900,2200,0900,2200,0900,2200,2026-04-07 11:41,N,무료,N,무료,0,1.13501E+12,400,5,400,5,0,0,0,0,0,37.67067356,127.0805356
1453742,당고개위 공영주차장(시),노원구 상계동 111-568,NS,노상 주차장,1,시간제 주차장,02-1688-1054,1,현재~20분이내 연계데이터 존재(현재 주차대수 표현),1,Y,유료,N,야간 미개방,0900,2200,0900,2200,0900,2200,2026-04-07 11:41,N,무료,N,무료,0,1.13501E+12,400,5,400,5,0,0,0,0,0,37.67067242,127.0805689
1453742,당고개위 공영주차장(시),노원구 상계동 111-568,NS,노상 주차장,1,시간제 주차장,02-1688-1054,1,현재~20분이내 연계데이터 존재(현재 주차대수 표현),1,Y,유료,N,야간 미개방,0900,2200,0900,2200,0900,2200,2026-04-07 11:41,N,무료,N,무료,0,1.13501E+12,400,5,400,5,0,0,0,0,0,37.67041699,127.080604
1453742,당고개위 공영주차장(시),노원구 상계동 111-568,NS,노상 주차장,1,시간제 주차장,02-1688-1054,1,현재~20분이내 연계데이터 존재(현재 주차대수 표현),1,Y,유료,N,야간 미개방,0900,2200,0900,2200,0900,2200,2026-04-07 11:41,N,무료,N,무료,0,1.13501E+12,400,5,400,5,0,0,0,0,0,37.67044396,127.0804189
1453742,당고개위 공영주차장(시),노원구 상계동 111-568,NS,노상 주차장,1,시간제 주차장,02-1688-1054,1,현재~20분이내 연계데이터 존재(현재 주차대수 표현),1,Y,유료,N,야간 미개방,0900,2200,0900,2200,0900,2200,2026-04-07 11:41,N,무료,N,무료,0,1.13501E+12,400,5,400,5,0,0,0,0,0,37.67039379,127.0807087
1453742,당고개위 공영주차장(시),노원구 상계동 111-568,NS,노상 주차장,1,시간제 주차장,02-1688-1054,1,현재~20분이내 연계데이터 존재(현재 주차대수 표현),1,Y,유료,N,야간 미개방,0900,2200,0900,2200,0900,2200,2026-04-07 11:41,N,무료,N,무료,0,1.13501E+12,400,5,400,5,0,0,0,0,0,37.67043597,127.0804911
1453742,당고개위 공영주차장(시),노원구 상계동 111-568,NS,노상 주차장,1,시간제 주차장,02-1688-1054,1,현재~20분이내 연계데이터 존재(현재 주차대수 표현),1,Y,유료,N,야간 미개방,0900,2200,0900,2200,0900,2200,2026-04-07 11:41,N,무료,N,무료,0,1.13501E+12,400,5,400,5,0,0,0,0,0,37.67065711,127.0806434
1453742,당고개위 공영주차장(시),노원구 상계동 111-568,NS,노상 주차장,1,시간제 주차장,02-1688-1054,1,현재~20분이내 연계데이터 존재(현재 주차대수 표현),1,Y,유료,N,야간 미개방,0900,2200,0900,2200,0900,2200,2026-04-07 11:41,N,무료,N,무료,0,1.13501E+12,400,5,400,5,0,0,0,0,0,37.6703781,127.0807781
1453742,당고개위 공영주차장(시),노원구 상계동 111-568,NS,노상 주차장,1,시간제 주차장,02-1688-1054,1,현재~20분이내 연계데이터 존재(현재 주차대수 표현),1,Y,유료,N,야간 미개방,0900,2200,0900,2200,0900,2200,2026-04-07 11:41,N,무료,N,무료,0,1.13501E+12,400,5,400,5,0,0,0,0,0,37.6704423,127.0804534
1453742,당고개위 공영주차장(시),노원구 상계동 111-568,NS,노상 주차장,1,시간제 주차장,02-1688-1054,1,현재~20분이내 연계데이터 존재(현재 주차대수 표현),1,Y,유료,N,야간 미개방,0900,2200,0900,2200,0900,2200,2026-04-07 11:41,N,무료,N,무료,0,1.13501E+12,400,5,400,5,0,0,0,0,0,37.67064951,127.0806803
1453742,당고개위 공영주차장(시),노원구 상계동 111-568,NS,노상 주차장,1,시간제 주차장,02-1688-1054,1,현재~20분이내 연계데이터 존재(현재 주차대수 표현),1,Y,유료,N,야간 미개방,0900,2200,0900,2200,0900,2200,2026-04-07 11:41,N,무료,N,무료,0,1.13501E+12,400,5,400,5,0,0,0,0,0,37.67042965,127.0805287
1453742,당고개위 공영주차장(시),노원구 상계동 111-568,NS,노상 주차장,1,시간제 주차장,02-1688-1054,1,현재~20분이내 연계데이터 존재(현재 주차대수 표현),1,Y,유료,N,야간 미개방,0900,2200,0900,2200,0900,2200,2026-04-07 11:41,N,무료,N,무료,0,1.13501E+12,400,5,400,5,0,0,0,0,0,37.67070279,127.0804184
1453742,당고개위 공영주차장(시),노원구 상계동 111-568,NS,노상 주차장,1,시간제 주차장,02-1688-1054,1,현재~20분이내 연계데이터 존재(현재 주차대수 표현),1,Y,유료,N,야간 미개방,0900,2200,0900,2200,0900,2200,2026-04-07 11:41,N,무료,N,무료,0,1.13501E+12,400,5,400,5,0,0,0,0,0,37.67068814,127.0804932
1453742,당고개위 공영주차장(시),노원구 상계동 111-568,NS,노상 주차장,1,시간제 주차장,02-1688-1054,1,현재~20분이내 연계데이터 존재(현재 주차대수 표현),1,Y,유료,N,야간 미개방,0900,2200,0900,2200,0900,2200,2026-04-07 11:41,N,무료,N,무료,0,1.13501E+12,400,5,400,5,0,0,0,0,0,37.6706418,127.080718
1453742,당고개위 공영주차장(시),노원구 상계동 111-568,NS,노상 주차장,1,시간제 주차장,02-1688-1054,1,현재~20분이내 연계데이터 존재(현재 주차대수 표현),1,Y,유료,N,야간 미개방,0900,2200,0900,2200,0900,2200,2026-04-07 11:41,N,무료,N,무료,0,1.13501E+12,400,5,400,5,0,0,0,0,0,37.6704095,127.0806394
1453742,당고개위 공영주차장(시),노원구 상계동 111-568,NS,노상 주차장,1,시간제 주차장,02-1688-1054,1,현재~20분이내 연계데이터 존재(현재 주차대수 표현),1,Y,유료,N,야간 미개방,0900,2200,0900,2200,0900,2200,2026-04-07 11:41,N,무료,N,무료,0,1.13501E+12,400,5,400,5,0,0,0,0,0,37.67069961,127.0803891
1453742,당고개위 공영주차장(시),노원구 상계동 111-568,NS,노상 주차장,1,시간제 주차장,02-1688-1054,1,현재~20분이내 연계데이터 존재(현재 주차대수 표현),1,Y,유료,N,야간 미개방,0900,2200,0900,2200,0900,2200,2026-04-07 11:41,N,무료,N,무료,0,1.13501E+12,400,5,400,5,0,0,0,0,0,37.67037141,127.0808116
1453742,당고개위 공영주차장(시),노원구 상계동 111-568,NS,노상 주차장,1,시간제 주차장,02-1688-1054,1,현재~20분이내 연계데이터 존재(현재 주차대수 표현),1,Y,유료,N,야간 미개방,0900,2200,0900,2200,0900,2200,2026-04-07 11:41,N,무료,N,무료,0,1.13501E+12,400,5,400,5,0,0,0,0,0,37.67066482,127.0806057
1453742,당고개위 공영주차장(시),노원구 상계동 111-568,NS,노상 주차장,1,시간제 주차장,02-1688-1054,1,현재~20분이내 연계데이터 존재(현재 주차대수 표현),1,Y,유료,N,야간 미개방,0900,2200,0900,2200,0900,2200,2026-04-07 11:41,N,무료,N,무료,0,1.13501E+12,400,5,400,5,0,0,0,0,0,37.67069546,127.0804558
1453742,당고개위 공영주차장(시),노원구 상계동 111-568,NS,노상 주차장,1,시간제 주차장,02-1688-1054,1,현재~20분이내 연계데이터 존재(현재 주차대수 표현),1,Y,유료,N,야간 미개방,0900,2200,0900,2200,0900,2200,2026-04-07 11:41,N,무료,N,무료,0,1.13501E+12,400,5,400,5,0,0,0,0,0,37.67040164,127.080674
1453816,수락산디자인서울거리(구),노원구 상계동 996-2,NS,노상 주차장,1,시간제 주차장,,0,미연계중,1,Y,유료,N,야간 미개방,0900,1900,0900,1800,0900,1800,2019-06-10 10:02,N,무료,N,무료,100000,1.13501E+12,150,5,0,0,0,0,0,0,19800,,
1453857,주공7단지옆(구),노원구 상계동 693-5,NS,노상 주차장,1,시간제 주차장,,0,미연계중,1,Y,유료,N,야간 미개방,0900,1900,0900,1800,0900,1800,2019-06-10 10:02,N,무료,N,무료,150000,1.13501E+12,250,5,0,0,0,0,0,0,33000,,
1453979,(구)북부지법주변(구),노원구 공릉동 629-1,NS,노상 주차장,1,시간제 주차장,,0,미연계중,1,Y,유료,N,야간 미개방,0900,1900,0900,1800,0900,1800,2019-06-10 10:03,N,무료,N,무료,150000,1.13501E+12,250,5,0,0,0,0,0,0,33000,,
1454052,유경백화점뒤(구),노원구 중계동 364-16,NS,노상 주차장,1,시간제 주차장,,0,미연계중,1,Y,유료,N,야간 미개방,0900,1900,0900,1800,0900,1800,2019-06-10 10:04,N,무료,N,무료,150000,1.13501E+12,250,5,0,0,0,0,0,0,33000,,
1454055,주공6단지상가주변(구),노원구 상계동 723-2,NS,노상 주차장,1,시간제 주차장,,0,미연계중,1,Y,유료,N,야간 미개방,0900,1900,0900,1800,0900,1800,2019-06-10 10:04,N,무료,N,무료,150000,1.13501E+12,250,5,0,0,0,0,0,0,33000,,
1454202,청구건영아파트옆(구),노원구 중계동 360-4,NS,노상 주차장,1,시간제 주차장,,0,미연계중,1,Y,유료,N,야간 미개방,0900,1900,0900,1800,0900,1800,2019-06-10 10:05,N,무료,N,무료,150000,1.13501E+12,250,5,0,0,0,0,0,0,33000,,
1454316,신한증권옆(구),노원구 중계동 366-12,NS,노상 주차장,1,시간제 주차장,,0,미연계중,1,Y,유료,N,야간 미개방,0900,1900,0900,1800,0900,1800,2019-06-10 10:06,N,무료,N,무료,150000,1.13501E+12,250,5,0,0,0,0,0,0,33000,,
1454520,주공5단지옆(구),노원구 중계동 359-16,NS,노상 주차장,1,시간제 주차장,,0,미연계중,1,Y,유료,N,야간 미개방,0900,1900,0900,1800,0900,1800,2019-06-10 10:07,N,무료,N,무료,150000,1.13501E+12,250,5,0,0,0,0,0,0,33000,,
147462,부영그린 공영노상주차장(구),양천구 목동 908-35,NS,노상 주차장,1,시간제 주차장,02-2644-1386,0,미연계중,1,Y,유료,N,야간 미개방,0900,1900,0900,1500,0000,0000,2023-12-06 18:00,N,무료,Y,유료,100000,1.14701E+12,150,5,0,0,0,0,0,0,9000,,
1475224,성내역(잠실나루역) 공영주차장(시),송파구 신천동 11-1,NS,노상 주차장,1,시간제 주차장,,1,현재~20분이내 연계데이터 존재(현재 주차대수 표현),1,Y,유료,N,야간 미개방,0900,1800,0900,1500,0000,0000,2026-04-07 11:15,N,무료,Y,유료,,1.17101E+12,270,5,270,5,0,0,0,0,,37.51760888,127.1050268
1475224,성내역(잠실나루역) 공영주차장(시),송파구 신천동 11-1,NS,노상 주차장,1,시간제 주차장,,1,현재~20분이내 연계데이터 존재(현재 주차대수 표현),1,Y,유료,N,야간 미개방,0900,1800,0900,1500,0000,0000,2026-04-07 11:15,N,무료,Y,유료,,1.17101E+12,270,5,270,5,0,0,0,0,,37.51800008,127.1050595
1475224,성내역(잠실나루역) 공영주차장(시),송파구 신천동 11-1,NS,노상 주차장,1,시간제 주차장,,1,현재~20분이내 연계데이터 존재(현재 주차대수 표현),1,Y,유료,N,야간 미개방,0900,1800,0900,1500,0000,0000,2026-04-07 11:15,N,무료,Y,유료,,1.17101E+12,270,5,270,5,0,0,0,0,,37.51799533,127.1050101
1475224,성내역(잠실나루역) 공영주차장(시),송파구 신천동 11-1,NS,노상 주차장,1,시간제 주차장,,1,현재~20분이내 연계데이터 존재(현재 주차대수 표현),1,Y,유료,N,야간 미개방,0900,1800,0900,1500,0000,0000,2026-04-07 11:15,N,무료,Y,유료,,1.17101E+12,270,5,270,5,0,0,0,0,,37.51796508,127.105013
1475224,성내역(잠실나루역) 공영주차장(시),송파구 신천동 11-1,NS,노상 주차장,1,시간제 주차장,,1,현재~20분이내 연계데이터 존재(현재 주차대수 표현),1,Y,유료,N,야간 미개방,0900,1800,0900,1500,0000,0000,2026-04-07 11:15,N,무료,Y,유료,,1.17101E+12,270,5,270,5,0,0,0,0,,37.51768592,127.1050236
1475224,성내역(잠실나루역) 공영주차장(시),송파구 신천동 11-1,NS,노상 주차장,1,시간제 주차장,,1,현재~20분이내 연계데이터 존재(현재 주차대수 표현),1,Y,유료,N,야간 미개방,0900,1800,0900,1500,0000,0000,2026-04-07 11:15,N,무료,Y,유료,,1.17101E+12,270,5,270,5,0,0,0,0,,37.51757312,127.1050268
1475224,성내역(잠실나루역) 공영주차장(시),송파구 신천동 11-1,NS,노상 주차장,1,시간제 주차장,,1,현재~20분이내 연계데이터 존재(현재 주차대수 표현),1,Y,유료,N,야간 미개방,0900,1800,0900,1500,0000,0000,2026-04-07 11:15,N,무료,Y,유료,,1.17101E+12,270,5,270,5,0,0,0,0,,37.51764584,127.1050254
1475224,성내역(잠실나루역) 공영주차장(시),송파구 신천동 11-1,NS,노상 주차장,1,시간제 주차장,,1,현재~20분이내 연계데이터 존재(현재 주차대수 표현),1,Y,유료,N,야간 미개방,0900,1800,0900,1500,0000,0000,2026-04-07 11:15,N,무료,Y,유료,,1.17101E+12,270,5,270,5,0,0,0,0,,37.51802333,127.1050565
1475224,성내역(잠실나루역) 공영주차장(시),송파구 신천동 11-1,NS,노상 주차장,1,시간제 주차장,,1,현재~20분이내 연계데이터 존재(현재 주차대수 표현),1,Y,유료,N,야간 미개방,0900,1800,0900,1500,0000,0000,2026-04-07 11:15,N,무료,Y,유료,,1.17101E+12,270,5,270,5,0,0,0,0,,37.51795717,127.1050631
1475224,성내역(잠실나루역) 공영주차장(시),송파구 신천동 11-1,NS,노상 주차장,1,시간제 주차장,,1,현재~20분이내 연계데이터 존재(현재 주차대수 표현),1,Y,유료,N,야간 미개방,0900,1800,0900,1500,0000,0000,2026-04-07 11:15,N,무료,Y,유료,,1.17101E+12,270,5,270,5,0,0,0,0,,37.51797565,127.1050632
1475224,성내역(잠실나루역) 공영주차장(시),송파구 신천동 11-1,NS,노상 주차장,1,시간제 주차장,,1,현재~20분이내 연계데이터 존재(현재 주차대수 표현),1,Y,유료,N,야간 미개방,0900,1800,0900,1500,0000,0000,2026-04-07 11:15,N,무료,Y,유료,,1.17101E+12,270,5,270,5,0,0,0,0,,37.51773236,127.1050678
1475224,성내역(잠실나루역) 공영주차장(시),송파구 신천동 11-1,NS,노상 주차장,1,시간제 주차장,,1,현재~20분이내 연계데이터 존재(현재 주차대수 표현),1,Y,유료,N,야간 미개방,0900,1800,0900,1500,0000,0000,2026-04-07 11:15,N,무료,Y,유료,,1.17101E+12,270,5,270,5,0,0,0,0,,37.51804245,127.1050071
1475224,성내역(잠실나루역) 공영주차장(시),송파구 신천동 11-1,NS,노상 주차장,1,시간제 주차장,,1,현재~20분이내 연계데이터 존재(현재 주차대수 표현),1,Y,유료,N,야간 미개방,0900,1800,0900,1500,0000,0000,2026-04-07 11:15,N,무료,Y,유료,,1.17101E+12,270,5,270,5,0,0,0,0,,37.51760959,127.1050751
1475224,성내역(잠실나루역) 공영주차장(시),송파구 신천동 11-1,NS,노상 주차장,1,시간제 주차장,,1,현재~20분이내 연계데이터 존재(현재 주차대수 표현),1,Y,유료,N,야간 미개방,0900,1800,0900,1500,0000,0000,2026-04-07 11:15,N,무료,Y,유료,,1.17101E+12,270,5,270,5,0,0,0,0,,37.51759041,127.1050276
1475224,성내역(잠실나루역) 공영주차장(시),송파구 신천동 11-1,NS,노상 주차장,1,시간제 주차장,,1,현재~20분이내 연계데이터 존재(현재 주차대수 표현),1,Y,유료,N,야간 미개방,0900,1800,0900,1500,0000,0000,2026-04-07 11:15,N,무료,Y,유료,,1.17101E+12,270,5,270,5,0,0,0,0,,37.51806271,127.1050057
1475224,성내역(잠실나루역) 공영주차장(시),송파구 신천동 11-1,NS,노상 주차장,1,시간제 주차장,,1,현재~20분이내 연계데이터 존재(현재 주차대수 표현),1,Y,유료,N,야간 미개방,0900,1800,0900,1500,0000,0000,2026-04-07 11:15,N,무료,Y,유료,,1.17101E+12,270,5,270,5,0,0,0,0,,37.51773241,127.1050192
1475224,성내역(잠실나루역) 공영주차장(시),송파구 신천동 11-1,NS,노상 주차장,1,시간제 주차장,,1,현재~20분이내 연계데이터 존재(현재 주차대수 표현),1,Y,유료,N,야간 미개방,0900,1800,0900,1500,0000,0000,2026-04-07 11:15,N,무료,Y,유료,,1.17101E+12,270,5,270,5,0,0,0,0,,37.51793572,127.1050624
1475224,성내역(잠실나루역) 공영주차장(시),송파구 신천동 11-1,NS,노상 주차장,1,시간제 주차장,,1,현재~20분이내 연계데이터 존재(현재 주차대수 표현),1,Y,유료,N,야간 미개방,0900,1800,0900,1500,0000,0000,2026-04-07 11:15,N,무료,Y,유료,,1.17101E+12,270,5,270,5,0,0,0,0,,37.51762736,127.1050261
1475224,성내역(잠실나루역) 공영주차장(시),송파구 신천동 11-1,NS,노상 주차장,1,시간제 주차장,,1,현재~20분이내 연계데이터 존재(현재 주차대수 표현),1,Y,유료,N,야간 미개방,0900,1800,0900,1500,0000,0000,2026-04-07 11:15,N,무료,Y,유료,,1.17101E+12,270,5,270,5,0,0,0,0,,37.51768766,127.1050707
1475224,성내역(잠실나루역) 공영주차장(시),송파구 신천동 11-1,NS,노상 주차장,1,시간제 주차장,,1,현재~20분이내 연계데이터 존재(현재 주차대수 표현),1,Y,유료,N,야간 미개방,0900,1800,0900,1500,0000,0000,2026-04-07 11:15,N,무료,Y,유료,,1.17101E+12,270,5,270,5,0,0,0,0,,37.51764832,127.1050729
1475224,성내역(잠실나루역) 공영주차장(시),송파구 신천동 11-1,NS,노상 주차장,1,시간제 주차장,,1,현재~20분이내 연계데이터 존재(현재 주차대수 표현),1,Y,유료,N,야간 미개방,0900,1800,0900,1500,0000,0000,2026-04-07 11:15,N,무료,Y,유료,,1.17101E+12,270,5,270,5,0,0,0,0,,37.51762925,127.1050736
1475224,성내역(잠실나루역) 공영주차장(시),송파구 신천동 11-1,NS,노상 주차장,1,시간제 주차장,,1,현재~20분이내 연계데이터 존재(현재 주차대수 표현),1,Y,유료,N,야간 미개방,0900,1800,0900,1500,0000,0000,2026-04-07 11:15,N,무료,Y,유료,,1.17101E+12,270,5,270,5,0,0,0,0,,37.51774921,127.1050194
1475224,성내역(잠실나루역) 공영주차장(시),송파구 신천동 11-1,NS,노상 주차장,1,시간제 주차장,,1,현재~20분이내 연계데이터 존재(현재 주차대수 표현),1,Y,유료,N,야간 미개방,0900,1800,0900,1500,0000,0000,2026-04-07 11:15,N,무료,Y,유료,,1.17101E+12,270,5,270,5,0,0,0,0,,37.51806624,127.105058
1475224,성내역(잠실나루역) 공영주차장(시),송파구 신천동 11-1,NS,노상 주차장,1,시간제 주차장,,1,현재~20분이내 연계데이터 존재(현재 주차대수 표현),1,Y,유료,N,야간 미개방,0900,1800,0900,1500,0000,0000,2026-04-07 11:15,N,무료,Y,유료,,1.17101E+12,270,5,270,5,0,0,0,0,,37.5177517,127.1050676
1475224,성내역(잠실나루역) 공영주차장(시),송파구 신천동 11-1,NS,노상 주차장,1,시간제 주차장,,1,현재~20분이내 연계데이터 존재(현재 주차대수 표현),1,Y,유료,N,야간 미개방,0900,1800,0900,1500,0000,0000,2026-04-07 11:15,N,무료,Y,유료,,1.17101E+12,270,5,270,5,0,0,0,0,,37.51757323,127.1050743
1475224,성내역(잠실나루역) 공영주차장(시),송파구 신천동 11-1,NS,노상 주차장,1,시간제 주차장,,1,현재~20분이내 연계데이터 존재(현재 주차대수 표현),1,Y,유료,N,야간 미개방,0900,1800,0900,1500,0000,0000,2026-04-07 11:15,N,무료,Y,유료,,1.17101E+12,270,5,270,5,0,0,0,0,,37.51759171,127.1050751
1475224,성내역(잠실나루역) 공영주차장(시),송파구 신천동 11-1,NS,노상 주차장,1,시간제 주차장,,1,현재~20분이내 연계데이터 존재(현재 주차대수 표현),1,Y,유료,N,야간 미개방,0900,1800,0900,1500,0000,0000,2026-04-07 11:15,N,무료,Y,유료,,1.17101E+12,270,5,270,5,0,0,0,0,,37.51802218,127.1050086
1475224,성내역(잠실나루역) 공영주차장(시),송파구 신천동 11-1,NS,노상 주차장,1,시간제 주차장,,1,현재~20분이내 연계데이터 존재(현재 주차대수 표현),1,Y,유료,N,야간 미개방,0900,1800,0900,1500,0000,0000,2026-04-07 11:15,N,무료,Y,유료,,1.17101E+12,270,5,270,5,0,0,0,0,,37.51766859,127.1050714
1477337,동작대교(위) 공영주차장(시),동작구 동작동 316-3,NS,노상 주차장,1,시간제 주차장,,1,현재~20분이내 연계데이터 존재(현재 주차대수 표현),1,Y,유료,N,야간 미개방,1300,2200,1300,2200,1300,2200,2026-04-07 11:09,N,무료,N,무료,0,1.15901E+12,450,5,450,5,0,0,0,0,0,37.50543163,126.9808162
1477337,동작대교(위) 공영주차장(시),동작구 동작동 316-3,NS,노상 주차장,1,시간제 주차장,,1,현재~20분이내 연계데이터 존재(현재 주차대수 표현),1,Y,유료,N,야간 미개방,1300,2200,1300,2200,1300,2200,2026-04-07 11:09,N,무료,N,무료,0,1.15901E+12,450,5,450,5,0,0,0,0,0,37.50566233,126.9801074
1477337,동작대교(위) 공영주차장(시),동작구 동작동 316-3,NS,노상 주차장,1,시간제 주차장,,1,현재~20분이내 연계데이터 존재(현재 주차대수 표현),1,Y,유료,N,야간 미개방,1300,2200,1300,2200,1300,2200,2026-04-07 11:09,N,무료,N,무료,0,1.15901E+12,450,5,450,5,0,0,0,0,0,37.50551691,126.98007
1477337,동작대교(위) 공영주차장(시),동작구 동작동 316-3,NS,노상 주차장,1,시간제 주차장,,1,현재~20분이내 연계데이터 존재(현재 주차대수 표현),1,Y,유료,N,야간 미개방,1300,2200,1300,2200,1300,2200,2026-04-07 11:09,N,무료,N,무료,0,1.15901E+12,450,5,450,5,0,0,0,0,0,37.50557174,126.980079
1477337,동작대교(위) 공영주차장(시),동작구 동작동 316-3,NS,노상 주차장,1,시간제 주차장,,1,현재~20분이내 연계데이터 존재(현재 주차대수 표현),1,Y,유료,N,야간 미개방,1300,2200,1300,2200,1300,2200,2026-04-07 11:09,N,무료,N,무료,0,1.15901E+12,450,5,450,5,0,0,0,0,0,37.5054293,126.9800431
1477337,동작대교(위) 공영주차장(시),동작구 동작동 316-3,NS,노상 주차장,1,시간제 주차장,,1,현재~20분이내 연계데이터 존재(현재 주차대수 표현),1,Y,유료,N,야간 미개방,1300,2200,1300,2200,1300,2200,2026-04-07 11:09,N,무료,N,무료,0,1.15901E+12,450,5,450,5,0,0,0,0,0,37.50523331,126.9806183
1477337,동작대교(위) 공영주차장(시),동작구 동작동 316-3,NS,노상 주차장,1,시간제 주차장,,1,현재~20분이내 연계데이터 존재(현재 주차대수 표현),1,Y,유료,N,야간 미개방,1300,2200,1300,2200,1300,2200,2026-04-07 11:09,N,무료,N,무료,0,1.15901E+12,450,5,450,5,0,0,0,0,0,37.50523334,126.980765
1477337,동작대교(위) 공영주차장(시),동작구 동작동 316-3,NS,노상 주차장,1,시간제 주차장,,1,현재~20분이내 연계데이터 존재(현재 주차대수 표현),1,Y,유료,N,야간 미개방,1300,2200,1300,2200,1300,2200,2026-04-07 11:09,N,무료,N,무료,0,1.15901E+12,450,5,450,5,0,0,0,0,0,37.50518327,126.9807545
1477337,동작대교(위) 공영주차장(시),동작구 동작동 316-3,NS,노상 주차장,1,시간제 주차장,,1,현재~20분이내 연계데이터 존재(현재 주차대수 표현),1,Y,유료,N,야간 미개방,1300,2200,1300,2200,1300,2200,2026-04-07 11:09,N,무료,N,무료,0,1.15901E+12,450,5,450,5,0,0,0,0,0,37.50533087,126.9801432
1477337,동작대교(위) 공영주차장(시),동작구 동작동 316-3,NS,노상 주차장,1,시간제 주차장,,1,현재~20분이내 연계데이터 존재(현재 주차대수 표현),1,Y,유료,N,야간 미개방,1300,2200,1300,2200,1300,2200,2026-04-07 11:09,N,무료,N,무료,0,1.15901E+12,450,5,450,5,0,0,0,0,0,37.50540496,126.9806647
1477337,동작대교(위) 공영주차장(시),동작구 동작동 316-3,NS,노상 주차장,1,시간제 주차장,,1,현재~20분이내 연계데이터 존재(현재 주차대수 표현),1,Y,유료,N,야간 미개방,1300,2200,1300,2200,1300,2200,2026-04-07 11:09,N,무료,N,무료,0,1.15901E+12,450,5,450,5,0,0,0,0,0,37.5053279,126.9806471
1477337,동작대교(위) 공영주차장(시),동작구 동작동 316-3,NS,노상 주차장,1,시간제 주차장,,1,현재~20분이내 연계데이터 존재(현재 주차대수 표현),1,Y,유료,N,야간 미개방,1300,2200,1300,2200,1300,2200,2026-04-07 11:09,N,무료,N,무료,0,1.15901E+12,450,5,450,5,0,0,0,0,0,37.50528584,126.9800047
1477337,동작대교(위) 공영주차장(시),동작구 동작동 316-3,NS,노상 주차장,1,시간제 주차장,,1,현재~20분이내 연계데이터 존재(현재 주차대수 표현),1,Y,유료,N,야간 미개방,1300,2200,1300,2200,1300,2200,2026-04-07 11:09,N,무료,N,무료,0,1.15901E+12,450,5,450,5,0,0,0,0,0,37.50520705,126.980757
1477337,동작대교(위) 공영주차장(시),동작구 동작동 316-3,NS,노상 주차장,1,시간제 주차장,,1,현재~20분이내 연계데이터 존재(현재 주차대수 표현),1,Y,유료,N,야간 미개방,1300,2200,1300,2200,1300,2200,2026-04-07 11:09,N,무료,N,무료,0,1.15901E+12,450,5,450,5,0,0,0,0,0,37.5052081,126.9806135
1477337,동작대교(위) 공영주차장(시),동작구 동작동 316-3,NS,노상 주차장,1,시간제 주차장,,1,현재~20분이내 연계데이터 존재(현재 주차대수 표현),1,Y,유료,N,야간 미개방,1300,2200,1300,2200,1300,2200,2026-04-07 11:09,N,무료,N,무료,0,1.15901E+12,450,5,450,5,0,0,0,0,0,37.50554313,126.9800715
1477337,동작대교(위) 공영주차장(시),동작구 동작동 316-3,NS,노상 주차장,1,시간제 주차장,,1,현재~20분이내 연계데이터 존재(현재 주차대수 표현),1,Y,유료,N,야간 미개방,1300,2200,1300,2200,1300,2200,2026-04-07 11:09,N,무료,N,무료,0,1.15901E+12,450,5,450,5,0,0,0,0,0,37.50528859,126.9807803
1477337,동작대교(위) 공영주차장(시),동작구 동작동 316-3,NS,노상 주차장,1,시간제 주차장,,1,현재~20분이내 연계데이터 존재(현재 주차대수 표현),1,Y,유료,N,야간 미개방,1300,2200,1300,2200,1300,2200,2026-04-07 11:09,N,무료,N,무료,0,1.15901E+12,450,5,450,5,0,0,0,0,0,37.50528219,126.9806348
1477337,동작대교(위) 공영주차장(시),동작구 동작동 316-3,NS,노상 주차장,1,시간제 주차장,,1,현재~20분이내 연계데이터 존재(현재 주차대수 표현),1,Y,유료,N,야간 미개방,1300,2200,1300,2200,1300,2200,2026-04-07 11:09,N,무료,N,무료,0,1.15901E+12,450,5,450,5,0,0,0,0,0,37.50545863,126.9808218
1477337,동작대교(위) 공영주차장(시),동작구 동작동 316-3,NS,노상 주차장,1,시간제 주차장,,1,현재~20분이내 연계데이터 존재(현재 주차대수 표현),1,Y,유료,N,야간 미개방,1300,2200,1300,2200,1300,2200,2026-04-07 11:09,N,무료,N,무료,0,1.15901E+12,450,5,450,5,0,0,0,0,0,37.50548485,126.9808292
1477337,동작대교(위) 공영주차장(시),동작구 동작동 316-3,NS,노상 주차장,1,시간제 주차장,,1,현재~20분이내 연계데이터 존재(현재 주차대수 표현),1,Y,유료,N,야간 미개방,1300,2200,1300,2200,1300,2200,2026-04-07 11:09,N,무료,N,무료,0,1.15901E+12,450,5,450,5,0,0,0,0,0,37.50535472,126.9801465
1477337,동작대교(위) 공영주차장(시),동작구 동작동 316-3,NS,노상 주차장,1,시간제 주차장,,1,현재~20분이내 연계데이터 존재(현재 주차대수 표현),1,Y,유료,N,야간 미개방,1300,2200,1300,2200,1300,2200,2026-04-07 11:09,N,무료,N,무료,0,1.15901E+12,450,5,450,5,0,0,0,0,0,37.50519995,126.9799814
1477337,동작대교(위) 공영주차장(시),동작구 동작동 316-3,NS,노상 주차장,1,시간제 주차장,,1,현재~20분이내 연계데이터 존재(현재 주차대수 표현),1,Y,유료,N,야간 미개방,1300,2200,1300,2200,1300,2200,2026-04-07 11:09,N,무료,N,무료,0,1.15901E+12,450,5,450,5,0,0,0,0,0,37.50530501,126.9806408
1477337,동작대교(위) 공영주차장(시),동작구 동작동 316-3,NS,노상 주차장,1,시간제 주차장,,1,현재~20분이내 연계데이터 존재(현재 주차대수 표현),1,Y,유료,N,야간 미개방,1300,2200,1300,2200,1300,2200,2026-04-07 11:09,N,무료,N,무료,0,1.15901E+12,450,5,450,5,0,0,0,0,0,37.50535269,126.9806513
1477337,동작대교(위) 공영주차장(시),동작구 동작동 316-3,NS,노상 주차장,1,시간제 주차장,,1,현재~20분이내 연계데이터 존재(현재 주차대수 표현),1,Y,유료,N,야간 미개방,1300,2200,1300,2200,1300,2200,2026-04-07 11:09,N,무료,N,무료,0,1.15901E+12,450,5,450,5,0,0,0,0,0,37.50525956,126.9807724
1477337,동작대교(위) 공영주차장(시),동작구 동작동 316-3,NS,노상 주차장,1,시간제 주차장,,1,현재~20분이내 연계데이터 존재(현재 주차대수 표현),1,Y,유료,N,야간 미개방,1300,2200,1300,2200,1300,2200,2026-04-07 11:09,N,무료,N,무료,0,1.15901E+12,450,5,450,5,0,0,0,0,0,37.50531504,126.9800114
1477337,동작대교(위) 공영주차장(시),동작구 동작동 316-3,NS,노상 주차장,1,시간제 주차장,,1,현재~20분이내 연계데이터 존재(현재 주차대수 표현),1,Y,유료,N,야간 미개방,1300,2200,1300,2200,1300,2200,2026-04-07 11:09,N,무료,N,무료,0,1.15901E+12,450,5,450,5,0,0,0,0,0,37.50525782,126.9799965
1477337,동작대교(위) 공영주차장(시),동작구 동작동 316-3,NS,노상 주차장,1,시간제 주차장,,1,현재~20분이내 연계데이터 존재(현재 주차대수 표현),1,Y,유료,N,야간 미개방,1300,2200,1300,2200,1300,2200,2026-04-07 11:09,N,무료,N,무료,0,1.15901E+12,450,5,450,5,0,0,0,0,0,37.50525596,126.9806258
1477337,동작대교(위) 공영주차장(시),동작구 동작동 316-3,NS,노상 주차장,1,시간제 주차장,,1,현재~20분이내 연계데이터 존재(현재 주차대수 표현),1,Y,유료,N,야간 미개방,1300,2200,1300,2200,1300,2200,2026-04-07 11:09,N,무료,N,무료,0,1.15901E+12,450,5,450,5,0,0,0,0,0,37.50560273,126.980088
1477337,동작대교(위) 공영주차장(시),동작구 동작동 316-3,NS,노상 주차장,1,시간제 주차장,,1,현재~20분이내 연계데이터 존재(현재 주차대수 표현),1,Y,유료,N,야간 미개방,1300,2200,1300,2200,1300,2200,2026-04-07 11:09,N,무료,N,무료,0,1.15901E+12,450,5,450,5,0,0,0,0,0,37.50543119,126.9806707
1477337,동작대교(위) 공영주차장(시),동작구 동작동 316-3,NS,노상 주차장,1,시간제 주차장,,1,현재~20분이내 연계데이터 존재(현재 주차대수 표현),1,Y,유료,N,야간 미개방,1300,2200,1300,2200,1300,2200,2026-04-07 11:09,N,무료,N,무료,0,1.15901E+12,450,5,450,5,0,0,0,0,0,37.50548711,126.9800611
1477337,동작대교(위) 공영주차장(시),동작구 동작동 316-3,NS,노상 주차장,1,시간제 주차장,,1,현재~20분이내 연계데이터 존재(현재 주차대수 표현),1,Y,유료,N,야간 미개방,1300,2200,1300,2200,1300,2200,2026-04-07 11:09,N,무료,N,무료,0,1.15901E+12,450,5,450,5,0,0,0,0,0,37.50536845,126.9807997
1477337,동작대교(위) 공영주차장(시),동작구 동작동 316-3,NS,노상 주차장,1,시간제 주차장,,1,현재~20분이내 연계데이터 존재(현재 주차대수 표현),1,Y,유료,N,야간 미개방,1300,2200,1300,2200,1300,2200,2026-04-07 11:09,N,무료,N,무료,0,1.15901E+12,450,5,450,5,0,0,0,0,0,37.5054585,126.9800521
1477337,동작대교(위) 공영주차장(시),동작구 동작동 316-3,NS,노상 주차장,1,시간제 주차장,,1,현재~20분이내 연계데이터 존재(현재 주차대수 표현),1,Y,유료,N,야간 미개방,1300,2200,1300,2200,1300,2200,2026-04-07 11:09,N,무료,N,무료,0,1.15901E+12,450,5,450,5,0,0,0,0,0,37.5054026,126.9808098
1477337,동작대교(위) 공영주차장(시),동작구 동작동 316-3,NS,노상 주차장,1,시간제 주차장,,1,현재~20분이내 연계데이터 존재(현재 주차대수 표현),1,Y,유료,N,야간 미개방,1300,2200,1300,2200,1300,2200,2026-04-07 11:09,N,무료,N,무료,0,1.15901E+12,450,5,450,5,0,0,0,0,0,37.50537107,126.9800256
1477337,동작대교(위) 공영주차장(시),동작구 동작동 316-3,NS,노상 주차장,1,시간제 주차장,,1,현재~20분이내 연계데이터 존재(현재 주차대수 표현),1,Y,유료,N,야간 미개방,1300,2200,1300,2200,1300,2200,2026-04-07 11:09,N,무료,N,무료,0,1.15901E+12,450,5,450,5,0,0,0,0,0,37.50550403,126.9802164
1477337,동작대교(위) 공영주차장(시),동작구 동작동 316-3,NS,노상 주차장,1,시간제 주차장,,1,현재~20분이내 연계데이터 존재(현재 주차대수 표현),1,Y,유료,N,야간 미개방,1300,2200,1300,2200,1300,2200,2026-04-07 11:09,N,무료,N,무료,0,1.15901E+12,450,5,450,5,0,0,0,0,0,37.50515806,126.9807414
1477337,동작대교(위) 공영주차장(시),동작구 동작동 316-3,NS,노상 주차장,1,시간제 주차장,,1,현재~20분이내 연계데이터 존재(현재 주차대수 표현),1,Y,유료,N,야간 미개방,1300,2200,1300,2200,1300,2200,2026-04-07 11:09,N,무료,N,무료,0,1.15901E+12,450,5,450,5,0,0,0,0,0,37.50545741,126.9806751
1477337,동작대교(위) 공영주차장(시),동작구 동작동 316-3,NS,노상 주차장,1,시간제 주차장,,1,현재~20분이내 연계데이터 존재(현재 주차대수 표현),1,Y,유료,N,야간 미개방,1300,2200,1300,2200,1300,2200,2026-04-07 11:09,N,무료,N,무료,0,1.15901E+12,450,5,450,5,0,0,0,0,0,37.50533627,126.9807907
1477337,동작대교(위) 공영주차장(시),동작구 동작동 316-3,NS,노상 주차장,1,시간제 주차장,,1,현재~20분이내 연계데이터 존재(현재 주차대수 표현),1,Y,유료,N,야간 미개방,1300,2200,1300,2200,1300,2200,2026-04-07 11:09,N,무료,N,무료,0,1.15901E+12,450,5,450,5,0,0,0,0,0,37.5053083,126.9801365
1477337,동작대교(위) 공영주차장(시),동작구 동작동 316-3,NS,노상 주차장,1,시간제 주차장,,1,현재~20분이내 연계데이터 존재(현재 주차대수 표현),1,Y,유료,N,야간 미개방,1300,2200,1300,2200,1300,2200,2026-04-07 11:09,N,무료,N,무료,0,1.15901E+12,450,5,450,5,0,0,0,0,0,37.50522862,126.9799883
1477337,동작대교(위) 공영주차장(시),동작구 동작동 316-3,NS,노상 주차장,1,시간제 주차장,,1,현재~20분이내 연계데이터 존재(현재 주차대수 표현),1,Y,유료,N,야간 미개방,1300,2200,1300,2200,1300,2200,2026-04-07 11:09,N,무료,N,무료,0,1.15901E+12,450,5,450,5,0,0,0,0,0,37.50563373,126.9800984
1477337,동작대교(위) 공영주차장(시),동작구 동작동 316-3,NS,노상 주차장,1,시간제 주차장,,1,현재~20분이내 연계데이터 존재(현재 주차대수 표현),1,Y,유료,N,야간 미개방,1300,2200,1300,2200,1300,2200,2026-04-07 11:09,N,무료,N,무료,0,1.15901E+12,450,5,450,5,0,0,0,0,0,37.50548244,126.9806826
1477337,동작대교(위) 공영주차장(시),동작구 동작동 316-3,NS,노상 주차장,1,시간제 주차장,,1,현재~20분이내 연계데이터 존재(현재 주차대수 표현),1,Y,유료,N,야간 미개방,1300,2200,1300,2200,1300,2200,2026-04-07 11:09,N,무료,N,무료,0,1.15901E+12,450,5,450,5,0,0,0,0,0,37.50540027,126.9800354
1477337,동작대교(위) 공영주차장(시),동작구 동작동 316-3,NS,노상 주차장,1,시간제 주차장,,1,현재~20분이내 연계데이터 존재(현재 주차대수 표현),1,Y,유료,N,야간 미개방,1300,2200,1300,2200,1300,2200,2026-04-07 11:09,N,무료,N,무료,0,1.15901E+12,450,5,450,5,0,0,0,0,0,37.50537832,126.9806595
1477337,동작대교(위) 공영주차장(시),동작구 동작동 316-3,NS,노상 주차장,1,시간제 주차장,,1,현재~20분이내 연계데이터 존재(현재 주차대수 표현),1,Y,유료,N,야간 미개방,1300,2200,1300,2200,1300,2200,2026-04-07 11:09,N,무료,N,무료,0,1.15901E+12,450,5,450,5,0,0,0,0,0,37.50550748,126.9806871
1477337,동작대교(위) 공영주차장(시),동작구 동작동 316-3,NS,노상 주차장,1,시간제 주차장,,1,현재~20분이내 연계데이터 존재(현재 주차대수 표현),1,Y,유료,N,야간 미개방,1300,2200,1300,2200,1300,2200,2026-04-07 11:09,N,무료,N,무료,0,1.15901E+12,450,5,450,5,0,0,0,0,0,37.50534305,126.9800189
1477337,동작대교(위) 공영주차장(시),동작구 동작동 316-3,NS,노상 주차장,1,시간제 주차장,,1,현재~20분이내 연계데이터 존재(현재 주차대수 표현),1,Y,유료,N,야간 미개방,1300,2200,1300,2200,1300,2200,2026-04-07 11:09,N,무료,N,무료,0,1.15901E+12,450,5,450,5,0,0,0,0,0,37.50517015,126.9799725
1486889,삼성동 제1공영주차장(구),관악구 신림동 808-498 원산2길 40 일대,NS,노상 주차장,1,시간제 주차장,02-2081-2600,0,미연계중,1,Y,유료,N,야간 미개방,0900,1900,0000,0000,0000,0000,2026-04-22 17:45,Y,유료,Y,유료,0,1.16201E+12,150,5,0,0,0,0,0,0,0,,
1486978,신림동 제2공영주차장(구),관악구 신림동 1472-1,NS,노상 주차장,1,시간제 주차장,02-2081-2600,0,미연계중,1,Y,유료,N,야간 미개방,1000,2000,1000,2000,1000,2000,2026-04-24 15:44,N,무료,N,무료,0,1.16201E+12,250,5,0,0,0,0,0,0,0,,
1486995,조원동 제2공영주차장(구),관악구 신림동 1675-5 조원로 4~37구간,NS,노상 주차장,1,시간제 주차장,02-2081-2600,0,미연계중,1,Y,유료,N,야간 미개방,1000,2000,1000,2000,1000,2000,2026-04-29 18:44,N,무료,N,무료,0,1.16201E+12,250,5,0,0,0,0,0,0,0,,
1486998,낙성대 제1공영주차장(구),관악구 봉천동 1627-10,NS,노상 주차장,1,시간제 주차장,02-2081-2600,0,미연계중,1,Y,유료,N,야간 미개방,1000,2000,1000,2000,1000,2000,2026-04-29 17:45,N,무료,N,무료,0,1.16201E+12,250,5,0,0,0,0,0,0,0,,
1487237,서원동 제1공영주차장(구),관악구 신림동 1642-7 관천로 32~44구간,NS,노상 주차장,1,시간제 주차장,02-2081-2600,0,미연계중,1,Y,유료,N,야간 미개방,1000,2000,1000,2000,1000,2000,2026-04-29 18:36,N,무료,N,무료,0,1.16201E+12,250,5,0,0,0,0,0,0,0,,
1495425,영동대로106길(구),강남구 삼성동 172-7,NS,노상 주차장,1,시간제 주차장,,1,현재~20분이내 연계데이터 존재(현재 주차대수 표현),1,Y,유료,N,야간 미개방,0900,1900,0000,0000,0000,0000,2025-07-17 14:41,Y,유료,Y,유료,120000,1.16801E+12,300,5,300,5,0,0,0,0,,,
1495481,논현로28길 노상공영 주차장(구),강남구 도곡동 524-0,NS,노상 주차장,1,시간제 주차장,02-2176-0907,1,현재~20분이내 연계데이터 존재(현재 주차대수 표현),1,Y,유료,N,야간 미개방,0900,1900,0000,0000,0000,0000,2023-07-20 11:59,Y,유료,Y,유료,120000,1.16801E+12,300,5,300,5,0,0,0,0,0,,
1495566,논현로28길 노상공영 주차장(구),강남구 도곡동 524-0,NS,노상 주차장,1,시간제 주차장,02-2176-0907,1,현재~20분이내 연계데이터 존재(현재 주차대수 표현),1,Y,유료,N,야간 미개방,0900,1900,0000,0000,0000,0000,2023-07-20 11:59,Y,유료,Y,유료,120000,1.16801E+12,300,5,300,5,0,0,0,0,0,,
1495580,테헤란로64길(구),강남구 대치동 1011-19,NS,노상 주차장,1,시간제 주차장,,1,현재~20분이내 연계데이터 존재(현재 주차대수 표현),1,Y,유료,N,야간 미개방,0900,1900,0000,0000,0000,0000,2025-07-17 15:06,Y,유료,Y,유료,150000,1.16801E+12,400,5,400,5,0,0,0,0,,,
1495582,도산대로45길(구),강남구 신사동 668-23,NS,노상 주차장,1,시간제 주차장,02-1544-3113,1,현재~20분이내 연계데이터 존재(현재 주차대수 표현),1,Y,유료,N,야간 미개방,1000,2000,0000,0000,0000,0000,2025-07-17 13:50,Y,유료,Y,유료,150000,1.16801E+12,400,5,400,5,0,0,0,0,0,,
1495593,선릉로146길 노상공영주차장(구),강남구 청담동 77-27,NS,노상 주차장,1,시간제 주차장,,0,미연계중,1,Y,유료,N,야간 미개방,1000,2000,0000,0000,0000,0000,2023-07-18 16:59,Y,유료,Y,유료,150000,1.16801E+12,400,5,0,0,0,0,0,0,,,
1495594,선릉로132길 노상공영 주차장(구),강남구 청담동 77-84,NS,노상 주차장,1,시간제 주차장,,1,현재~20분이내 연계데이터 존재(현재 주차대수 표현),1,Y,유료,N,야간 미개방,0900,1900,0000,0000,0000,0000,2023-07-20 10:34,Y,유료,Y,유료,150000,1.16801E+12,400,5,400,5,0,0,0,0,,,
1495596,영동대로85길(구),강남구 대치동 1012-15,NS,노상 주차장,1,시간제 주차장,,1,현재~20분이내 연계데이터 존재(현재 주차대수 표현),1,Y,유료,N,야간 미개방,0900,1900,0000,0000,0000,0000,2025-07-17 14:57,Y,유료,Y,유료,150000,1.16801E+12,400,5,400,5,0,0,0,0,,,
1495622,남부순환로397길(구),강남구 대치동 600-13,NS,노상 주차장,1,시간제 주차장,,1,현재~20분이내 연계데이터 존재(현재 주차대수 표현),1,Y,유료,N,야간 미개방,0900,1900,0000,0000,0000,0000,2025-07-17 17:56,Y,유료,Y,유료,120000,1.16801E+12,300,5,300,5,0,0,0,0,,,
1495632,대치동507-3(구),강남구 대치동 507-3,NS,노상 주차장,1,시간제 주차장,,1,현재~20분이내 연계데이터 존재(현재 주차대수 표현),1,Y,유료,N,야간 미개방,0900,1900,0000,0000,0000,0000,2025-07-17 14:11,Y,유료,Y,유료,120000,1.16801E+12,300,5,300,5,0,0,0,0,,,
1495682,영동대로96길(구),강남구 삼성동 172-41,NS,노상 주차장,1,시간제 주차장,,1,현재~20분이내 연계데이터 존재(현재 주차대수 표현),1,Y,유료,N,야간 미개방,0900,1900,0000,0000,0000,0000,2025-07-17 14:53,Y,유료,Y,유료,120000,1.16801E+12,300,5,300,5,0,0,0,0,,,
1495734,언주로147길(구),강남구 논현동 279-22,NS,노상 주차장,1,시간제 주차장,,0,미연계중,1,Y,유료,N,야간 미개방,0900,1900,0000,0000,0000,0000,2025-07-17 17:41,Y,유료,Y,유료,150000,1.16801E+12,400,5,400,5,0,0,0,0,,,
1495777,영동대로85길(구),강남구 대치동 1012-28,NS,노상 주차장,1,시간제 주차장,,1,현재~20분이내 연계데이터 존재(현재 주차대수 표현),1,Y,유료,N,야간 미개방,0900,1900,0000,0000,0000,0000,2025-07-17 14:57,Y,유료,Y,유료,150000,1.16801E+12,400,5,400,5,0,0,0,0,,,
1495907,언주로171길(구),강남구 신사동 668-11,NS,노상 주차장,1,시간제 주차장,,1,현재~20분이내 연계데이터 존재(현재 주차대수 표현),1,Y,유료,N,야간 미개방,0900,1900,0000,0000,0000,0000,2025-07-17 16:14,Y,유료,Y,유료,150000,1.16801E+12,400,5,400,5,0,0,0,0,,,
1496216,압구정고가1 공영주차장(시),강남구 신사동 668-0,NS,노상 주차장,1,시간제 주차장,,1,현재~20분이내 연계데이터 존재(현재 주차대수 표현),1,Y,유료,N,야간 미개방,0800,2100,0900,2100,0900,2100,2026-04-07 11:16,N,무료,N,무료,0,1.16801E+12,810,5,810,5,0,0,0,0,0,37.52619203,127.0283827
1496216,압구정고가1 공영주차장(시),강남구 신사동 668-0,NS,노상 주차장,1,시간제 주차장,,1,현재~20분이내 연계데이터 존재(현재 주차대수 표현),1,Y,유료,N,야간 미개방,0800,2100,0900,2100,0900,2100,2026-04-07 11:16,N,무료,N,무료,0,1.16801E+12,810,5,810,5,0,0,0,0,0,37.526,127.0283693
1496216,압구정고가1 공영주차장(시),강남구 신사동 668-0,NS,노상 주차장,1,시간제 주차장,,1,현재~20분이내 연계데이터 존재(현재 주차대수 표현),1,Y,유료,N,야간 미개방,0800,2100,0900,2100,0900,2100,2026-04-07 11:16,N,무료,N,무료,0,1.16801E+12,810,5,810,5,0,0,0,0,0,37.52615355,127.02838
1496216,압구정고가1 공영주차장(시),강남구 신사동 668-0,NS,노상 주차장,1,시간제 주차장,,1,현재~20분이내 연계데이터 존재(현재 주차대수 표현),1,Y,유료,N,야간 미개방,0800,2100,0900,2100,0900,2100,2026-04-07 11:16,N,무료,N,무료,0,1.16801E+12,810,5,810,5,0,0,0,0,0,37.52607585,127.0284453
1496216,압구정고가1 공영주차장(시),강남구 신사동 668-0,NS,노상 주차장,1,시간제 주차장,,1,현재~20분이내 연계데이터 존재(현재 주차대수 표현),1,Y,유료,N,야간 미개방,0800,2100,0900,2100,0900,2100,2026-04-07 11:16,N,무료,N,무료,0,1.16801E+12,810,5,810,5,0,0,0,0,0,37.52607658,127.0283747
1496216,압구정고가1 공영주차장(시),강남구 신사동 668-0,NS,노상 주차장,1,시간제 주차장,,1,현재~20분이내 연계데이터 존재(현재 주차대수 표현),1,Y,유료,N,야간 미개방,0800,2100,0900,2100,0900,2100,2026-04-07 11:16,N,무료,N,무료,0,1.16801E+12,810,5,810,5,0,0,0,0,0,37.52596112,127.0283666
1496216,압구정고가1 공영주차장(시),강남구 신사동 668-0,NS,노상 주차장,1,시간제 주차장,,1,현재~20분이내 연계데이터 존재(현재 주차대수 표현),1,Y,유료,N,야간 미개방,0800,2100,0900,2100,0900,2100,2026-04-07 11:16,N,무료,N,무료,0,1.16801E+12,810,5,810,5,0,0,0,0,0,37.52619371,127.0284518
1496216,압구정고가1 공영주차장(시),강남구 신사동 668-0,NS,노상 주차장,1,시간제 주차장,,1,현재~20분이내 연계데이터 존재(현재 주차대수 표현),1,Y,유료,N,야간 미개방,0800,2100,0900,2100,0900,2100,2026-04-07 11:16,N,무료,N,무료,0,1.16801E+12,810,5,810,5,0,0,0,0,0,37.52591869,127.0284366
1496216,압구정고가1 공영주차장(시),강남구 신사동 668-0,NS,노상 주차장,1,시간제 주차장,,1,현재~20분이내 연계데이터 존재(현재 주차대수 표현),1,Y,유료,N,야간 미개방,0800,2100,0900,2100,0900,2100,2026-04-07 11:16,N,무료,N,무료,0,1.16801E+12,810,5,810,5,0,0,0,0,0,37.52603656,127.0284431
1496216,압구정고가1 공영주차장(시),강남구 신사동 668-0,NS,노상 주차장,1,시간제 주차장,,1,현재~20분이내 연계데이터 존재(현재 주차대수 표현),1,Y,유료,N,야간 미개방,0800,2100,0900,2100,0900,2100,2026-04-07 11:16,N,무료,N,무료,0,1.16801E+12,810,5,810,5,0,0,0,0,0,37.52623052,127.0283853
1496216,압구정고가1 공영주차장(시),강남구 신사동 668-0,NS,노상 주차장,1,시간제 주차장,,1,현재~20분이내 연계데이터 존재(현재 주차대수 표현),1,Y,유료,N,야간 미개방,0800,2100,0900,2100,0900,2100,2026-04-07 11:16,N,무료,N,무료,0,1.16801E+12,810,5,810,5,0,0,0,0,0,37.52595798,127.0284388
1496216,압구정고가1 공영주차장(시),강남구 신사동 668-0,NS,노상 주차장,1,시간제 주차장,,1,현재~20분이내 연계데이터 존재(현재 주차대수 표현),1,Y,유료,N,야간 미개방,0800,2100,0900,2100,0900,2100,2026-04-07 11:16,N,무료,N,무료,0,1.16801E+12,810,5,810,5,0,0,0,0,0,37.52615442,127.0284496
1496216,압구정고가1 공영주차장(시),강남구 신사동 668-0,NS,노상 주차장,1,시간제 주차장,,1,현재~20분이내 연계데이터 존재(현재 주차대수 표현),1,Y,유료,N,야간 미개방,0800,2100,0900,2100,0900,2100,2026-04-07 11:16,N,무료,N,무료,0,1.16801E+12,810,5,810,5,0,0,0,0,0,37.52592264,127.028364
1496216,압구정고가1 공영주차장(시),강남구 신사동 668-0,NS,노상 주차장,1,시간제 주차장,,1,현재~20분이내 연계데이터 존재(현재 주차대수 표현),1,Y,유료,N,야간 미개방,0800,2100,0900,2100,0900,2100,2026-04-07 11:16,N,무료,N,무료,0,1.16801E+12,810,5,810,5,0,0,0,0,0,37.52603809,127.028372
1496216,압구정고가1 공영주차장(시),강남구 신사동 668-0,NS,노상 주차장,1,시간제 주차장,,1,현재~20분이내 연계데이터 존재(현재 주차대수 표현),1,Y,유료,N,야간 미개방,0800,2100,0900,2100,0900,2100,2026-04-07 11:16,N,무료,N,무료,0,1.16801E+12,810,5,810,5,0,0,0,0,0,37.52611506,127.0283773
1496216,압구정고가1 공영주차장(시),강남구 신사동 668-0,NS,노상 주차장,1,시간제 주차장,,1,현재~20분이내 연계데이터 존재(현재 주차대수 표현),1,Y,유료,N,야간 미개방,0800,2100,0900,2100,0900,2100,2026-04-07 11:16,N,무료,N,무료,0,1.16801E+12,810,5,810,5,0,0,0,0,0,37.52611513,127.0284475
1496216,압구정고가1 공영주차장(시),강남구 신사동 668-0,NS,노상 주차장,1,시간제 주차장,,1,현재~20분이내 연계데이터 존재(현재 주차대수 표현),1,Y,유료,N,야간 미개방,0800,2100,0900,2100,0900,2100,2026-04-07 11:16,N,무료,N,무료,0,1.16801E+12,810,5,810,5,0,0,0,0,0,37.526233,127.028454
1496216,압구정고가1 공영주차장(시),강남구 신사동 668-0,NS,노상 주차장,1,시간제 주차장,,1,현재~20분이내 연계데이터 존재(현재 주차대수 표현),1,Y,유료,N,야간 미개방,0800,2100,0900,2100,0900,2100,2026-04-07 11:16,N,무료,N,무료,0,1.16801E+12,810,5,810,5,0,0,0,0,0,37.526269,127.028388
1496216,압구정고가1 공영주차장(시),강남구 신사동 668-0,NS,노상 주차장,1,시간제 주차장,,1,현재~20분이내 연계데이터 존재(현재 주차대수 표현),1,Y,유료,N,야간 미개방,0800,2100,0900,2100,0900,2100,2026-04-07 11:16,N,무료,N,무료,0,1.16801E+12,810,5,810,5,0,0,0,0,0,37.52599727,127.0284409
1496233,동호대교(남) 공영주차장(시),강남구 압구정동 435-0,NS,노상 주차장,1,시간제 주차장,,1,현재~20분이내 연계데이터 존재(현재 주차대수 표현),1,Y,유료,N,야간 미개방,0900,1900,0900,1900,0000,0000,2026-04-07 11:13,N,무료,Y,유료,105000,1.16801E+12,290,5,290,5,0,0,0,0,0,37.53083746,127.0249096
1496233,동호대교(남) 공영주차장(시),강남구 압구정동 435-0,NS,노상 주차장,1,시간제 주차장,,1,현재~20분이내 연계데이터 존재(현재 주차대수 표현),1,Y,유료,N,야간 미개방,0900,1900,0900,1900,0000,0000,2026-04-07 11:13,N,무료,Y,유료,105000,1.16801E+12,290,5,290,5,0,0,0,0,0,37.53101142,127.0246898
1496233,동호대교(남) 공영주차장(시),강남구 압구정동 435-0,NS,노상 주차장,1,시간제 주차장,,1,현재~20분이내 연계데이터 존재(현재 주차대수 표현),1,Y,유료,N,야간 미개방,0900,1900,0900,1900,0000,0000,2026-04-07 11:13,N,무료,Y,유료,105000,1.16801E+12,290,5,290,5,0,0,0,0,0,37.53096133,127.0248591
1496233,동호대교(남) 공영주차장(시),강남구 압구정동 435-0,NS,노상 주차장,1,시간제 주차장,,1,현재~20분이내 연계데이터 존재(현재 주차대수 표현),1,Y,유료,N,야간 미개방,0900,1900,0900,1900,0000,0000,2026-04-07 11:13,N,무료,Y,유료,105000,1.16801E+12,290,5,290,5,0,0,0,0,0,37.53099965,127.0246643
1496233,동호대교(남) 공영주차장(시),강남구 압구정동 435-0,NS,노상 주차장,1,시간제 주차장,,1,현재~20분이내 연계데이터 존재(현재 주차대수 표현),1,Y,유료,N,야간 미개방,0900,1900,0900,1900,0000,0000,2026-04-07 11:13,N,무료,Y,유료,105000,1.16801E+12,290,5,290,5,0,0,0,0,0,37.53094474,127.0248553
1496233,동호대교(남) 공영주차장(시),강남구 압구정동 435-0,NS,노상 주차장,1,시간제 주차장,,1,현재~20분이내 연계데이터 존재(현재 주차대수 표현),1,Y,유료,N,야간 미개방,0900,1900,0900,1900,0000,0000,2026-04-07 11:13,N,무료,Y,유료,105000,1.16801E+12,290,5,290,5,0,0,0,0,0,37.53076162,127.0247643
1496233,동호대교(남) 공영주차장(시),강남구 압구정동 435-0,NS,노상 주차장,1,시간제 주차장,,1,현재~20분이내 연계데이터 존재(현재 주차대수 표현),1,Y,유료,N,야간 미개방,0900,1900,0900,1900,0000,0000,2026-04-07 11:13,N,무료,Y,유료,105000,1.16801E+12,290,5,290,5,0,0,0,0,0,37.53093819,127.0248074
1496233,동호대교(남) 공영주차장(시),강남구 압구정동 435-0,NS,노상 주차장,1,시간제 주차장,,1,현재~20분이내 연계데이터 존재(현재 주차대수 표현),1,Y,유료,N,야간 미개방,0900,1900,0900,1900,0000,0000,2026-04-07 11:13,N,무료,Y,유료,105000,1.16801E+12,290,5,290,5,0,0,0,0,0,37.53103361,127.0247397
1496233,동호대교(남) 공영주차장(시),강남구 압구정동 435-0,NS,노상 주차장,1,시간제 주차장,,1,현재~20분이내 연계데이터 존재(현재 주차대수 표현),1,Y,유료,N,야간 미개방,0900,1900,0900,1900,0000,0000,2026-04-07 11:13,N,무료,Y,유료,105000,1.16801E+12,290,5,290,5,0,0,0,0,0,37.53083735,127.0249733
1496233,동호대교(남) 공영주차장(시),강남구 압구정동 435-0,NS,노상 주차장,1,시간제 주차장,,1,현재~20분이내 연계데이터 존재(현재 주차대수 표현),1,Y,유료,N,야간 미개방,0900,1900,0900,1900,0000,0000,2026-04-07 11:13,N,무료,Y,유료,105000,1.16801E+12,290,5,290,5,0,0,0,0,0,37.53093639,127.0248949
1496233,동호대교(남) 공영주차장(시),강남구 압구정동 435-0,NS,노상 주차장,1,시간제 주차장,,1,현재~20분이내 연계데이터 존재(현재 주차대수 표현),1,Y,유료,N,야간 미개방,0900,1900,0900,1900,0000,0000,2026-04-07 11:13,N,무료,Y,유료,105000,1.16801E+12,290,5,290,5,0,0,0,0,0,37.53091601,127.0247575
1496233,동호대교(남) 공영주차장(시),강남구 압구정동 435-0,NS,노상 주차장,1,시간제 주차장,,1,현재~20분이내 연계데이터 존재(현재 주차대수 표현),1,Y,유료,N,야간 미개방,0900,1900,0900,1900,0000,0000,2026-04-07 11:13,N,무료,Y,유료,105000,1.16801E+12,290,5,290,5,0,0,0,0,0,37.53106835,127.0248173
1496233,동호대교(남) 공영주차장(시),강남구 압구정동 435-0,NS,노상 주차장,1,시간제 주차장,,1,현재~20분이내 연계데이터 존재(현재 주차대수 표현),1,Y,유료,N,야간 미개방,0900,1900,0900,1900,0000,0000,2026-04-07 11:13,N,무료,Y,유료,105000,1.16801E+12,290,5,290,5,0,0,0,0,0,37.53082477,127.0248509
1496233,동호대교(남) 공영주차장(시),강남구 압구정동 435-0,NS,노상 주차장,1,시간제 주차장,,1,현재~20분이내 연계데이터 존재(현재 주차대수 표현),1,Y,유료,N,야간 미개방,0900,1900,0900,1900,0000,0000,2026-04-07 11:13,N,무료,Y,유료,105000,1.16801E+12,290,5,290,5,0,0,0,0,0,37.5307825,127.0247811
1496233,동호대교(남) 공영주차장(시),강남구 압구정동 435-0,NS,노상 주차장,1,시간제 주차장,,1,현재~20분이내 연계데이터 존재(현재 주차대수 표현),1,Y,유료,N,야간 미개방,0900,1900,0900,1900,0000,0000,2026-04-07 11:13,N,무료,Y,유료,105000,1.16801E+12,290,5,290,5,0,0,0,0,0,37.53083599,127.0248777
1496233,동호대교(남) 공영주차장(시),강남구 압구정동 435-0,NS,노상 주차장,1,시간제 주차장,,1,현재~20분이내 연계데이터 존재(현재 주차대수 표현),1,Y,유료,N,야간 미개방,0900,1900,0900,1900,0000,0000,2026-04-07 11:13,N,무료,Y,유료,105000,1.16801E+12,290,5,290,5,0,0,0,0,0,37.53102238,127.0247144
1496233,동호대교(남) 공영주차장(시),강남구 압구정동 435-0,NS,노상 주차장,1,시간제 주차장,,1,현재~20분이내 연계데이터 존재(현재 주차대수 표현),1,Y,유료,N,야간 미개방,0900,1900,0900,1900,0000,0000,2026-04-07 11:13,N,무료,Y,유료,105000,1.16801E+12,290,5,290,5,0,0,0,0,0,37.53089304,127.0247078
1496233,동호대교(남) 공영주차장(시),강남구 압구정동 435-0,NS,노상 주차장,1,시간제 주차장,,1,현재~20분이내 연계데이터 존재(현재 주차대수 표현),1,Y,유료,N,야간 미개방,0900,1900,0900,1900,0000,0000,2026-04-07 11:13,N,무료,Y,유료,105000,1.16801E+12,290,5,290,5,0,0,0,0,0,37.53098845,127.0246401
1496449,압구정고가2 공영주차장(시),강남구 신사동 668-0,NS,노상 주차장,1,시간제 주차장,,1,현재~20분이내 연계데이터 존재(현재 주차대수 표현),1,Y,유료,N,야간 미개방,0900,2000,0900,2100,0900,2100,2026-04-07 11:17,N,무료,N,무료,0,1.16801E+12,810,5,810,5,0,0,0,0,0,37.52560931,127.0283531
1496449,압구정고가2 공영주차장(시),강남구 신사동 668-0,NS,노상 주차장,1,시간제 주차장,,1,현재~20분이내 연계데이터 존재(현재 주차대수 표현),1,Y,유료,N,야간 미개방,0900,2000,0900,2100,0900,2100,2026-04-07 11:17,N,무료,N,무료,0,1.16801E+12,810,5,810,5,0,0,0,0,0,37.52561438,127.0284365
1496449,압구정고가2 공영주차장(시),강남구 신사동 668-0,NS,노상 주차장,1,시간제 주차장,,1,현재~20분이내 연계데이터 존재(현재 주차대수 표현),1,Y,유료,N,야간 미개방,0900,2000,0900,2100,0900,2100,2026-04-07 11:17,N,무료,N,무료,0,1.16801E+12,810,5,810,5,0,0,0,0,0,37.52557521,127.0283511
1496449,압구정고가2 공영주차장(시),강남구 신사동 668-0,NS,노상 주차장,1,시간제 주차장,,1,현재~20분이내 연계데이터 존재(현재 주차대수 표현),1,Y,유료,N,야간 미개방,0900,2000,0900,2100,0900,2100,2026-04-07 11:17,N,무료,N,무료,0,1.16801E+12,810,5,810,5,0,0,0,0,0,37.52554613,127.0284355
1496449,압구정고가2 공영주차장(시),강남구 신사동 668-0,NS,노상 주차장,1,시간제 주차장,,1,현재~20분이내 연계데이터 존재(현재 주차대수 표현),1,Y,유료,N,야간 미개방,0900,2000,0900,2100,0900,2100,2026-04-07 11:17,N,무료,N,무료,0,1.16801E+12,810,5,810,5,0,0,0,0,0,37.525507,127.028347
1496449,압구정고가2 공영주차장(시),강남구 신사동 668-0,NS,노상 주차장,1,시간제 주차장,,1,현재~20분이내 연계데이터 존재(현재 주차대수 표현),1,Y,유료,N,야간 미개방,0900,2000,0900,2100,0900,2100,2026-04-07 11:17,N,무료,N,무료,0,1.16801E+12,810,5,810,5,0,0,0,0,0,37.52574573,127.0283613
1496449,압구정고가2 공영주차장(시),강남구 신사동 668-0,NS,노상 주차장,1,시간제 주차장,,1,현재~20분이내 연계데이터 존재(현재 주차대수 표현),1,Y,유료,N,야간 미개방,0900,2000,0900,2100,0900,2100,2026-04-07 11:17,N,무료,N,무료,0,1.16801E+12,810,5,810,5,0,0,0,0,0,37.5255411,127.028349
1496449,압구정고가2 공영주차장(시),강남구 신사동 668-0,NS,노상 주차장,1,시간제 주차장,,1,현재~20분이내 연계데이터 존재(현재 주차대수 표현),1,Y,유료,N,야간 미개방,0900,2000,0900,2100,0900,2100,2026-04-07 11:17,N,무료,N,무료,0,1.16801E+12,810,5,810,5,0,0,0,0,0,37.525512,127.028435
1496449,압구정고가2 공영주차장(시),강남구 신사동 668-0,NS,노상 주차장,1,시간제 주차장,,1,현재~20분이내 연계데이터 존재(현재 주차대수 표현),1,Y,유료,N,야간 미개방,0900,2000,0900,2100,0900,2100,2026-04-07 11:17,N,무료,N,무료,0,1.16801E+12,810,5,810,5,0,0,0,0,0,37.52558025,127.028436
1496449,압구정고가2 공영주차장(시),강남구 신사동 668-0,NS,노상 주차장,1,시간제 주차장,,1,현재~20분이내 연계데이터 존재(현재 주차대수 표현),1,Y,유료,N,야간 미개방,0900,2000,0900,2100,0900,2100,2026-04-07 11:17,N,무료,N,무료,0,1.16801E+12,810,5,810,5,0,0,0,0,0,37.52581394,127.0283654
1496449,압구정고가2 공영주차장(시),강남구 신사동 668-0,NS,노상 주차장,1,시간제 주차장,,1,현재~20분이내 연계데이터 존재(현재 주차대수 표현),1,Y,유료,N,야간 미개방,0900,2000,0900,2100,0900,2100,2026-04-07 11:17,N,무료,N,무료,0,1.16801E+12,810,5,810,5,0,0,0,0,0,37.52571675,127.028438
1496449,압구정고가2 공영주차장(시),강남구 신사동 668-0,NS,노상 주차장,1,시간제 주차장,,1,현재~20분이내 연계데이터 존재(현재 주차대수 표현),1,Y,유료,N,야간 미개방,0900,2000,0900,2100,0900,2100,2026-04-07 11:17,N,무료,N,무료,0,1.16801E+12,810,5,810,5,0,0,0,0,0,37.52568263,127.0284375
1496449,압구정고가2 공영주차장(시),강남구 신사동 668-0,NS,노상 주차장,1,시간제 주차장,,1,현재~20분이내 연계데이터 존재(현재 주차대수 표현),1,Y,유료,N,야간 미개방,0900,2000,0900,2100,0900,2100,2026-04-07 11:17,N,무료,N,무료,0,1.16801E+12,810,5,810,5,0,0,0,0,0,37.52577984,127.0283633
1496449,압구정고가2 공영주차장(시),강남구 신사동 668-0,NS,노상 주차장,1,시간제 주차장,,1,현재~20분이내 연계데이터 존재(현재 주차대수 표현),1,Y,유료,N,야간 미개방,0900,2000,0900,2100,0900,2100,2026-04-07 11:17,N,무료,N,무료,0,1.16801E+12,810,5,810,5,0,0,0,0,0,37.525785,127.028439
1496449,압구정고가2 공영주차장(시),강남구 신사동 668-0,NS,노상 주차장,1,시간제 주차장,,1,현재~20분이내 연계데이터 존재(현재 주차대수 표현),1,Y,유료,N,야간 미개방,0900,2000,0900,2100,0900,2100,2026-04-07 11:17,N,무료,N,무료,0,1.16801E+12,810,5,810,5,0,0,0,0,0,37.52567752,127.0283572
1496449,압구정고가2 공영주차장(시),강남구 신사동 668-0,NS,노상 주차장,1,시간제 주차장,,1,현재~20분이내 연계데이터 존재(현재 주차대수 표현),1,Y,유료,N,야간 미개방,0900,2000,0900,2100,0900,2100,2026-04-07 11:17,N,무료,N,무료,0,1.16801E+12,810,5,810,5,0,0,0,0,0,37.5256485,127.028437
1496449,압구정고가2 공영주차장(시),강남구 신사동 668-0,NS,노상 주차장,1,시간제 주차장,,1,현재~20분이내 연계데이터 존재(현재 주차대수 표현),1,Y,유료,N,야간 미개방,0900,2000,0900,2100,0900,2100,2026-04-07 11:17,N,무료,N,무료,0,1.16801E+12,810,5,810,5,0,0,0,0,0,37.52571163,127.0283593
1496449,압구정고가2 공영주차장(시),강남구 신사동 668-0,NS,노상 주차장,1,시간제 주차장,,1,현재~20분이내 연계데이터 존재(현재 주차대수 표현),1,Y,유료,N,야간 미개방,0900,2000,0900,2100,0900,2100,2026-04-07 11:17,N,무료,N,무료,0,1.16801E+12,810,5,810,5,0,0,0,0,0,37.52575088,127.0284385
1496449,압구정고가2 공영주차장(시),강남구 신사동 668-0,NS,노상 주차장,1,시간제 주차장,,1,현재~20분이내 연계데이터 존재(현재 주차대수 표현),1,Y,유료,N,야간 미개방,0900,2000,0900,2100,0900,2100,2026-04-07 11:17,N,무료,N,무료,0,1.16801E+12,810,5,810,5,0,0,0,0,0,37.52564342,127.0283552
1496801,개포주공5단지북측(구),강남구 개포동 186-4 ,NS,노상 주차장,1,시간제 주차장,02-445-8879,0,미연계중,1,Y,유료,N,야간 미개방,0900,1900,0900,1900,0000,0000,2025-07-17 18:10,N,무료,Y,유료,120000,1.16801E+12,300,5,300,5,0,0,0,0,0,,
1499707,대림역2 공영주차장(시),구로구 구로동 73-9,NS,노상 주차장,1,시간제 주차장,,1,현재~20분이내 연계데이터 존재(현재 주차대수 표현),1,Y,유료,N,야간 미개방,0900,1900,0900,1500,0000,0000,2026-04-07 10:51,N,무료,Y,유료,160000,1.15301E+12,400,5,400,5,0,0,0,0,0,37.49578489,126.893714
1499707,대림역2 공영주차장(시),구로구 구로동 73-9,NS,노상 주차장,1,시간제 주차장,,1,현재~20분이내 연계데이터 존재(현재 주차대수 표현),1,Y,유료,N,야간 미개방,0900,1900,0900,1500,0000,0000,2026-04-07 10:51,N,무료,Y,유료,160000,1.15301E+12,400,5,400,5,0,0,0,0,0,37.49607455,126.8936272
1499707,대림역2 공영주차장(시),구로구 구로동 73-9,NS,노상 주차장,1,시간제 주차장,,1,현재~20분이내 연계데이터 존재(현재 주차대수 표현),1,Y,유료,N,야간 미개방,0900,1900,0900,1500,0000,0000,2026-04-07 10:51,N,무료,Y,유료,160000,1.15301E+12,400,5,400,5,0,0,0,0,0,37.49544893,126.8938167
1499707,대림역2 공영주차장(시),구로구 구로동 73-9,NS,노상 주차장,1,시간제 주차장,,1,현재~20분이내 연계데이터 존재(현재 주차대수 표현),1,Y,유료,N,야간 미개방,0900,1900,0900,1500,0000,0000,2026-04-07 10:51,N,무료,Y,유료,160000,1.15301E+12,400,5,400,5,0,0,0,0,0,37.49573728,126.8937281
1499707,대림역2 공영주차장(시),구로구 구로동 73-9,NS,노상 주차장,1,시간제 주차장,,1,현재~20분이내 연계데이터 존재(현재 주차대수 표현),1,Y,유료,N,야간 미개방,0900,1900,0900,1500,0000,0000,2026-04-07 10:51,N,무료,Y,유료,160000,1.15301E+12,400,5,400,5,0,0,0,0,0,37.49597794,126.8936545
1499707,대림역2 공영주차장(시),구로구 구로동 73-9,NS,노상 주차장,1,시간제 주차장,,1,현재~20분이내 연계데이터 존재(현재 주차대수 표현),1,Y,유료,N,야간 미개방,0900,1900,0900,1500,0000,0000,2026-04-07 10:51,N,무료,Y,유료,160000,1.15301E+12,400,5,400,5,0,0,0,0,0,37.49660657,126.893482
1499707,대림역2 공영주차장(시),구로구 구로동 73-9,NS,노상 주차장,1,시간제 주차장,,1,현재~20분이내 연계데이터 존재(현재 주차대수 표현),1,Y,유료,N,야간 미개방,0900,1900,0900,1500,0000,0000,2026-04-07 10:51,N,무료,Y,유료,160000,1.15301E+12,400,5,400,5,0,0,0,0,0,37.49602574,126.8936414
1499707,대림역2 공영주차장(시),구로구 구로동 73-9,NS,노상 주차장,1,시간제 주차장,,1,현재~20분이내 연계데이터 존재(현재 주차대수 표현),1,Y,유료,N,야간 미개방,0900,1900,0900,1500,0000,0000,2026-04-07 10:51,N,무료,Y,유료,160000,1.15301E+12,400,5,400,5,0,0,0,0,0,37.49655857,126.8934938
1499707,대림역2 공영주차장(시),구로구 구로동 73-9,NS,노상 주차장,1,시간제 주차장,,1,현재~20분이내 연계데이터 존재(현재 주차대수 표현),1,Y,유료,N,야간 미개방,0900,1900,0900,1500,0000,0000,2026-04-07 10:51,N,무료,Y,유료,160000,1.15301E+12,400,5,400,5,0,0,0,0,0,37.49535355,126.8938472
1499707,대림역2 공영주차장(시),구로구 구로동 73-9,NS,노상 주차장,1,시간제 주차장,,1,현재~20분이내 연계데이터 존재(현재 주차대수 표현),1,Y,유료,N,야간 미개방,0900,1900,0900,1500,0000,0000,2026-04-07 10:51,N,무료,Y,유료,160000,1.15301E+12,400,5,400,5,0,0,0,0,0,37.4958811,126.8936846
1499707,대림역2 공영주차장(시),구로구 구로동 73-9,NS,노상 주차장,1,시간제 주차장,,1,현재~20분이내 연계데이터 존재(현재 주차대수 표현),1,Y,유료,N,야간 미개방,0900,1900,0900,1500,0000,0000,2026-04-07 10:51,N,무료,Y,유료,160000,1.15301E+12,400,5,400,5,0,0,0,0,0,37.49530513,126.8938633
1499707,대림역2 공영주차장(시),구로구 구로동 73-9,NS,노상 주차장,1,시간제 주차장,,1,현재~20분이내 연계데이터 존재(현재 주차대수 표현),1,Y,유료,N,야간 미개방,0900,1900,0900,1500,0000,0000,2026-04-07 10:51,N,무료,Y,유료,160000,1.15301E+12,400,5,400,5,0,0,0,0,0,37.49568958,126.8937431
1499707,대림역2 공영주차장(시),구로구 구로동 73-9,NS,노상 주차장,1,시간제 주차장,,1,현재~20분이내 연계데이터 존재(현재 주차대수 표현),1,Y,유료,N,야간 미개방,0900,1900,0900,1500,0000,0000,2026-04-07 10:51,N,무료,Y,유료,160000,1.15301E+12,400,5,400,5,0,0,0,0,0,37.49650954,126.8935068
1499707,대림역2 공영주차장(시),구로구 구로동 73-9,NS,노상 주차장,1,시간제 주차장,,1,현재~20분이내 연계데이터 존재(현재 주차대수 표현),1,Y,유료,N,야간 미개방,0900,1900,0900,1500,0000,0000,2026-04-07 10:51,N,무료,Y,유료,160000,1.15301E+12,400,5,400,5,0,0,0,0,0,37.49370015,126.8944444
1499707,대림역2 공영주차장(시),구로구 구로동 73-9,NS,노상 주차장,1,시간제 주차장,,1,현재~20분이내 연계데이터 존재(현재 주차대수 표현),1,Y,유료,N,야간 미개방,0900,1900,0900,1500,0000,0000,2026-04-07 10:51,N,무료,Y,유료,160000,1.15301E+12,400,5,400,5,0,0,0,0,0,37.49612235,126.8936141
1499707,대림역2 공영주차장(시),구로구 구로동 73-9,NS,노상 주차장,1,시간제 주차장,,1,현재~20분이내 연계데이터 존재(현재 주차대수 표현),1,Y,유료,N,야간 미개방,0900,1900,0900,1500,0000,0000,2026-04-07 10:51,N,무료,Y,유료,160000,1.15301E+12,400,5,400,5,0,0,0,0,0,37.49617065,126.8936005
1499707,대림역2 공영주차장(시),구로구 구로동 73-9,NS,노상 주차장,1,시간제 주차장,,1,현재~20분이내 연계데이터 존재(현재 주차대수 표현),1,Y,유료,N,야간 미개방,0900,1900,0900,1500,0000,0000,2026-04-07 10:51,N,무료,Y,유료,160000,1.15301E+12,400,5,400,5,0,0,0,0,0,37.49646154,126.8935186
1499707,대림역2 공영주차장(시),구로구 구로동 73-9,NS,노상 주차장,1,시간제 주차장,,1,현재~20분이내 연계데이터 존재(현재 주차대수 표현),1,Y,유료,N,야간 미개방,0900,1900,0900,1500,0000,0000,2026-04-07 10:51,N,무료,Y,유료,160000,1.15301E+12,400,5,400,5,0,0,0,0,0,37.49636423,126.8935462
1499707,대림역2 공영주차장(시),구로구 구로동 73-9,NS,노상 주차장,1,시간제 주차장,,1,현재~20분이내 연계데이터 존재(현재 주차대수 표현),1,Y,유료,N,야간 미개방,0900,1900,0900,1500,0000,0000,2026-04-07 10:51,N,무료,Y,유료,160000,1.15301E+12,400,5,400,5,0,0,0,0,0,37.49559378,126.8937715
1499707,대림역2 공영주차장(시),구로구 구로동 73-9,NS,노상 주차장,1,시간제 주차장,,1,현재~20분이내 연계데이터 존재(현재 주차대수 표현),1,Y,유료,N,야간 미개방,0900,1900,0900,1500,0000,0000,2026-04-07 10:51,N,무료,Y,유료,160000,1.15301E+12,400,5,400,5,0,0,0,0,0,37.49592921,126.8936699
1499707,대림역2 공영주차장(시),구로구 구로동 73-9,NS,노상 주차장,1,시간제 주차장,,1,현재~20분이내 연계데이터 존재(현재 주차대수 표현),1,Y,유료,N,야간 미개방,0900,1900,0900,1500,0000,0000,2026-04-07 10:51,N,무료,Y,유료,160000,1.15301E+12,400,5,400,5,0,0,0,0,0,37.49549749,126.8938005
1499707,대림역2 공영주차장(시),구로구 구로동 73-9,NS,노상 주차장,1,시간제 주차장,,1,현재~20분이내 연계데이터 존재(현재 주차대수 표현),1,Y,유료,N,야간 미개방,0900,1900,0900,1500,0000,0000,2026-04-07 10:51,N,무료,Y,유료,160000,1.15301E+12,400,5,400,5,0,0,0,0,0,37.49621973,126.8935861
1499707,대림역2 공영주차장(시),구로구 구로동 73-9,NS,노상 주차장,1,시간제 주차장,,1,현재~20분이내 연계데이터 존재(현재 주차대수 표현),1,Y,유료,N,야간 미개방,0900,1900,0900,1500,0000,0000,2026-04-07 10:51,N,무료,Y,유료,160000,1.15301E+12,400,5,400,5,0,0,0,0,0,37.495401,126.8938322
1499707,대림역2 공영주차장(시),구로구 구로동 73-9,NS,노상 주차장,1,시간제 주차장,,1,현재~20분이내 연계데이터 존재(현재 주차대수 표현),1,Y,유료,N,야간 미개방,0900,1900,0900,1500,0000,0000,2026-04-07 10:51,N,무료,Y,유료,160000,1.15301E+12,400,5,400,5,0,0,0,0,0,37.49498319,126.8939716
1499707,대림역2 공영주차장(시),구로구 구로동 73-9,NS,노상 주차장,1,시간제 주차장,,1,현재~20분이내 연계데이터 존재(현재 주차대수 표현),1,Y,유료,N,야간 미개방,0900,1900,0900,1500,0000,0000,2026-04-07 10:51,N,무료,Y,유료,160000,1.15301E+12,400,5,400,5,0,0,0,0,0,37.4963164,126.8935591
1499707,대림역2 공영주차장(시),구로구 구로동 73-9,NS,노상 주차장,1,시간제 주차장,,1,현재~20분이내 연계데이터 존재(현재 주차대수 표현),1,Y,유료,N,야간 미개방,0900,1900,0900,1500,0000,0000,2026-04-07 10:51,N,무료,Y,유료,160000,1.15301E+12,400,5,400,5,0,0,0,0,0,37.49641257,126.8935327
1499707,대림역2 공영주차장(시),구로구 구로동 73-9,NS,노상 주차장,1,시간제 주차장,,1,현재~20분이내 연계데이터 존재(현재 주차대수 표현),1,Y,유료,N,야간 미개방,0900,1900,0900,1500,0000,0000,2026-04-07 10:51,N,무료,Y,유료,160000,1.15301E+12,400,5,400,5,0,0,0,0,0,37.49512714,126.8939235
1499707,대림역2 공영주차장(시),구로구 구로동 73-9,NS,노상 주차장,1,시간제 주차장,,1,현재~20분이내 연계데이터 존재(현재 주차대수 표현),1,Y,유료,N,야간 미개방,0900,1900,0900,1500,0000,0000,2026-04-07 10:51,N,무료,Y,유료,160000,1.15301E+12,400,5,400,5,0,0,0,0,0,37.49554514,126.8937865
1499707,대림역2 공영주차장(시),구로구 구로동 73-9,NS,노상 주차장,1,시간제 주차장,,1,현재~20분이내 연계데이터 존재(현재 주차대수 표현),1,Y,유료,N,야간 미개방,0900,1900,0900,1500,0000,0000,2026-04-07 10:51,N,무료,Y,유료,160000,1.15301E+12,400,5,400,5,0,0,0,0,0,37.49365308,126.8944617
1499707,대림역2 공영주차장(시),구로구 구로동 73-9,NS,노상 주차장,1,시간제 주차장,,1,현재~20분이내 연계데이터 존재(현재 주차대수 표현),1,Y,유료,N,야간 미개방,0900,1900,0900,1500,0000,0000,2026-04-07 10:51,N,무료,Y,유료,160000,1.15301E+12,400,5,400,5,0,0,0,0,0,37.49583349,126.8936987
1499707,대림역2 공영주차장(시),구로구 구로동 73-9,NS,노상 주차장,1,시간제 주차장,,1,현재~20분이내 연계데이터 존재(현재 주차대수 표현),1,Y,유료,N,야간 미개방,0900,1900,0900,1500,0000,0000,2026-04-07 10:51,N,무료,Y,유료,160000,1.15301E+12,400,5,400,5,0,0,0,0,0,37.49564144,126.8937576
1503228,배다리동길 노상공영주차장(구),강서구 화곡동 890-0,NS,노상 주차장,1,시간제 주차장,02-2065-1575,0,미연계중,1,Y,유료,N,야간 미개방,0900,1900,0900,1500,0000,0000,2024-09-11 18:23,N,무료,Y,유료,120000,1.15001E+12,200,5,,,0,0,0,0,,,
1503430,등촌3동 구암길(구),강서구 등촌동 695-0,NS,노상 주차장,1,시간제 주차장,02-1899-5498,0,미연계중,1,Y,유료,N,야간 미개방,0900,1900,0900,1500,0000,0000,2025-04-17 15:07,N,무료,Y,유료,120000,1.15001E+12,250,5,250,5,0,0,0,0,10000,,
1503473,방죽길 노상공영주차장(구),강서구 화곡동 1111-8,NS,노상 주차장,1,시간제 주차장,02-2065-1575,0,미연계중,1,Y,유료,N,야간 미개방,0900,1900,0900,1500,0000,0000,2024-09-11 17:58,N,무료,Y,유료,120000,1.15001E+12,250,5,,,0,0,0,0,,,
1503674,달구지길 노상공영주차장(구),강서구 화곡동 361-1,NS,노상 주차장,3,시간제 + 거주자 주차장,02-2065-1575,0,미연계중,1,Y,유료,N,야간 미개방,0900,1900,0000,0000,0000,0000,2024-09-11 18:27,N,무료,N,무료,120000,1.15001E+12,250,5,,,0,0,0,0,,,
1503981,배다리서길 노상공영주차장(구),강서구 화곡동 949-7,NS,노상 주차장,1,시간제 주차장,02-2065-1575,0,미연계중,1,Y,유료,N,야간 미개방,0900,1900,0900,1500,0000,0000,2024-09-12 9:36,N,무료,Y,유료,120000,1.15001E+12,200,5,,,0,0,0,0,,,
1504402,방신시장 고객주차장(구),강서구 방화동 858-0,NS,노상 주차장,1,시간제 주차장,02-2666-4080,0,미연계중,1,Y,유료,N,야간 미개방,0900,1900,0900,1900,0000,0000,2019-06-10 10:45,N,무료,Y,유료,60000,1.15001E+12,250,5,0,0,0,0,0,0,0,,
1504483,가양3동 황금내공원길(구),강서구 가양동 1485-0,NS,노상 주차장,1,시간제 주차장,02-2607-9113,0,미연계중,1,Y,유료,N,야간 미개방,0900,1900,0900,1500,0000,0000,2019-06-10 10:46,N,무료,Y,유료,50000,1.15001E+12,100,5,100,5,0,0,0,0,5000,,
1504492,꿈나무길 노상공영주차장(구),강서구 등촌동 709-16,NS,노상 주차장,1,시간제 주차장,02-2065-1575,0,미연계중,1,Y,유료,N,야간 미개방,0900,1900,0900,1500,0000,0000,2024-09-11 17:56,N,무료,Y,유료,120000,1.15001E+12,250,5,,,0,0,0,0,,,
1504622,망원 유료 주차장(구),마포구 망원동 394-79,NS,노상 주차장,1,시간제 주차장,,0,미연계중,1,Y,유료,N,야간 미개방,0900,1900,0000,0000,0000,0000,2019-06-10 10:46,Y,유료,Y,유료,100000,1.14401E+12,150,5,150,5,0,0,0,0,0,,
1504664,용강동 노상 공영주차장(구),마포구 용강동 122-15,NS,노상 주차장,1,시간제 주차장,,0,미연계중,1,Y,유료,N,야간 미개방,1200,2200,1200,1800,0000,0000,2019-06-10 10:46,N,무료,Y,유료,0,1.14401E+12,250,5,250,5,0,0,0,0,0,,
1504672,신학대길 노상공영주차장(구),강서구 화곡동 980-19,NS,노상 주차장,1,시간제 주차장,02-2065-1575,0,미연계중,1,Y,유료,N,야간 미개방,0900,1900,0900,1500,0000,0000,2024-09-11 17:59,N,무료,Y,유료,120000,1.15001E+12,250,5,,,0,0,0,0,,,
1505123,경남 공영주차장(구),마포구 서교동 376-5,NS,노상 주차장,1,시간제 주차장,,0,미연계중,1,Y,유료,N,야간 미개방,1100,2100,1100,2100,0000,0000,2019-06-10 10:35,N,무료,Y,유료,150000,1.14401E+12,250,5,250,5,0,0,0,0,0,,
1506891,연남 유료 주차장(구),마포구 연남동 258-3,NS,노상 주차장,1,시간제 주차장,,0,미연계중,1,Y,유료,N,야간 미개방,1000,2100,1000,2100,0000,0000,2019-06-10 10:32,N,무료,Y,유료,150000,1.14401E+12,250,5,250,5,0,0,0,0,0,,
1508823,청기와 유료 주차장(구),마포구 서교동 479-4,NS,노상 주차장,1,시간제 주차장,,0,미연계중,1,Y,유료,N,야간 미개방,1100,2100,0000,0000,0000,0000,2022-01-27 18:44,Y,유료,Y,유료,120000,1.14401E+12,250,5,250,5,0,0,0,0,0,,
1509186,DDP동측(양쪽) 관광버스전용 주차장(시),중구 을지로7가 2-36,NS,노상 주차장,4,버스전용 주차장,02-2290-6449,1,현재~20분이내 연계데이터 존재(현재 주차대수 표현),1,N,무료,N,야간 미개방,0000,0000,0000,0000,0000,0000,2026-04-29 17:10,Y,유료,Y,유료,0,1.11401E+12,0,0,0,0,0,0,0,0,0,37.56616803,127.0116269
1509186,DDP동측(양쪽) 관광버스전용 주차장(시),중구 을지로7가 2-36,NS,노상 주차장,4,버스전용 주차장,02-2290-6449,1,현재~20분이내 연계데이터 존재(현재 주차대수 표현),1,N,무료,N,야간 미개방,0000,0000,0000,0000,0000,0000,2026-04-29 17:10,Y,유료,Y,유료,0,1.11401E+12,0,0,0,0,0,0,0,0,0,37.56627788,127.0118933
1509186,DDP동측(양쪽) 관광버스전용 주차장(시),중구 을지로7가 2-36,NS,노상 주차장,4,버스전용 주차장,02-2290-6449,1,현재~20분이내 연계데이터 존재(현재 주차대수 표현),1,N,무료,N,야간 미개방,0000,0000,0000,0000,0000,0000,2026-04-29 17:10,Y,유료,Y,유료,0,1.11401E+12,0,0,0,0,0,0,0,0,0,37.56603326,127.0110759
1509186,DDP동측(양쪽) 관광버스전용 주차장(시),중구 을지로7가 2-36,NS,노상 주차장,4,버스전용 주차장,02-2290-6449,1,현재~20분이내 연계데이터 존재(현재 주차대수 표현),1,N,무료,N,야간 미개방,0000,0000,0000,0000,0000,0000,2026-04-29 17:10,Y,유료,Y,유료,0,1.11401E+12,0,0,0,0,0,0,0,0,0,37.56590472,127.0105195
1509186,DDP동측(양쪽) 관광버스전용 주차장(시),중구 을지로7가 2-36,NS,노상 주차장,4,버스전용 주차장,02-2290-6449,1,현재~20분이내 연계데이터 존재(현재 주차대수 표현),1,N,무료,N,야간 미개방,0000,0000,0000,0000,0000,0000,2026-04-29 17:10,Y,유료,Y,유료,0,1.11401E+12,0,0,0,0,0,0,0,0,0,37.56621937,127.0117631
1509186,DDP동측(양쪽) 관광버스전용 주차장(시),중구 을지로7가 2-36,NS,노상 주차장,4,버스전용 주차장,02-2290-6449,1,현재~20분이내 연계데이터 존재(현재 주차대수 표현),1,N,무료,N,야간 미개방,0000,0000,0000,0000,0000,0000,2026-04-29 17:10,Y,유료,Y,유료,0,1.11401E+12,0,0,0,0,0,0,0,0,0,37.56597371,127.0107988
1509186,DDP동측(양쪽) 관광버스전용 주차장(시),중구 을지로7가 2-36,NS,노상 주차장,4,버스전용 주차장,02-2290-6449,1,현재~20분이내 연계데이터 존재(현재 주차대수 표현),1,N,무료,N,야간 미개방,0000,0000,0000,0000,0000,0000,2026-04-29 17:10,Y,유료,Y,유료,0,1.11401E+12,0,0,0,0,0,0,0,0,0,37.56609524,127.0113529
1509186,DDP동측(양쪽) 관광버스전용 주차장(시),중구 을지로7가 2-36,NS,노상 주차장,4,버스전용 주차장,02-2290-6449,1,현재~20분이내 연계데이터 존재(현재 주차대수 표현),1,N,무료,N,야간 미개방,0000,0000,0000,0000,0000,0000,2026-04-29 17:10,Y,유료,Y,유료,0,1.11401E+12,0,0,0,0,0,0,0,0,0,37.5658584,127.0103832
1509186,DDP동측(양쪽) 관광버스전용 주차장(시),중구 을지로7가 2-36,NS,노상 주차장,4,버스전용 주차장,02-2290-6449,1,현재~20분이내 연계데이터 존재(현재 주차대수 표현),1,N,무료,N,야간 미개방,0000,0000,0000,0000,0000,0000,2026-04-29 17:10,Y,유료,Y,유료,0,1.11401E+12,0,0,0,0,0,0,0,0,0,37.56594041,127.0106588
1509186,DDP동측(양쪽) 관광버스전용 주차장(시),중구 을지로7가 2-36,NS,노상 주차장,4,버스전용 주차장,02-2290-6449,1,현재~20분이내 연계데이터 존재(현재 주차대수 표현),1,N,무료,N,야간 미개방,0000,0000,0000,0000,0000,0000,2026-04-29 17:10,Y,유료,Y,유료,0,1.11401E+12,0,0,0,0,0,0,0,0,0,37.56607834,127.0104982
1509186,DDP동측(양쪽) 관광버스전용 주차장(시),중구 을지로7가 2-36,NS,노상 주차장,4,버스전용 주차장,02-2290-6449,1,현재~20분이내 연계데이터 존재(현재 주차대수 표현),1,N,무료,N,야간 미개방,0000,0000,0000,0000,0000,0000,2026-04-29 17:10,Y,유료,Y,유료,0,1.11401E+12,0,0,0,0,0,0,0,0,0,37.5660023,127.0109381
1509186,DDP동측(양쪽) 관광버스전용 주차장(시),중구 을지로7가 2-36,NS,노상 주차장,4,버스전용 주차장,02-2290-6449,1,현재~20분이내 연계데이터 존재(현재 주차대수 표현),1,N,무료,N,야간 미개방,0000,0000,0000,0000,0000,0000,2026-04-29 17:10,Y,유료,Y,유료,0,1.11401E+12,0,0,0,0,0,0,0,0,0,37.56590564,127.0101255
1509186,DDP동측(양쪽) 관광버스전용 주차장(시),중구 을지로7가 2-36,NS,노상 주차장,4,버스전용 주차장,02-2290-6449,1,현재~20분이내 연계데이터 존재(현재 주차대수 표현),1,N,무료,N,야간 미개방,0000,0000,0000,0000,0000,0000,2026-04-29 17:10,Y,유료,Y,유료,0,1.11401E+12,0,0,0,0,0,0,0,0,0,37.56598022,127.0102406
1509186,DDP동측(양쪽) 관광버스전용 주차장(시),중구 을지로7가 2-36,NS,노상 주차장,4,버스전용 주차장,02-2290-6449,1,현재~20분이내 연계데이터 존재(현재 주차대수 표현),1,N,무료,N,야간 미개방,0000,0000,0000,0000,0000,0000,2026-04-29 17:10,Y,유료,Y,유료,0,1.11401E+12,0,0,0,0,0,0,0,0,0,37.56634104,127.0120221
1509186,DDP동측(양쪽) 관광버스전용 주차장(시),중구 을지로7가 2-36,NS,노상 주차장,4,버스전용 주차장,02-2290-6449,1,현재~20분이내 연계데이터 존재(현재 주차대수 표현),1,N,무료,N,야간 미개방,0000,0000,0000,0000,0000,0000,2026-04-29 17:10,Y,유료,Y,유료,0,1.11401E+12,0,0,0,0,0,0,0,0,0,37.56606307,127.0112136
1509186,DDP동측(양쪽) 관광버스전용 주차장(시),중구 을지로7가 2-36,NS,노상 주차장,4,버스전용 주차장,02-2290-6449,1,현재~20분이내 연계데이터 존재(현재 주차대수 표현),1,N,무료,N,야간 미개방,0000,0000,0000,0000,0000,0000,2026-04-29 17:10,Y,유료,Y,유료,0,1.11401E+12,0,0,0,0,0,0,0,0,0,37.56612746,127.0114906
1509377,세운대림상가(서측)(구),중구 산림동 207-1,NS,노상 주차장,1,시간제 주차장,02-2280-8360,0,미연계중,1,Y,유료,N,야간 미개방,0900,1900,0900,1500,0000,0000,2023-02-17 16:40,N,무료,Y,유료,250000,1.11402E+12,500,5,500,5,0,0,0,0,0,,
1509662,청계5(동호로_남) 공영주차장(시),중구 방산동 4-47 0,NS,노상 주차장,1,시간제 주차장,,1,현재~20분이내 연계데이터 존재(현재 주차대수 표현),1,Y,유료,N,야간 미개방,0900,1900,0900,1500,0000,0000,2026-04-07 13:47,N,무료,Y,유료,0,1.11402E+12,750,5,750,5,0,0,0,0,0,37.56841363,127.0022737
1509662,청계5(동호로_남) 공영주차장(시),중구 방산동 4-47 0,NS,노상 주차장,1,시간제 주차장,,1,현재~20분이내 연계데이터 존재(현재 주차대수 표현),1,Y,유료,N,야간 미개방,0900,1900,0900,1500,0000,0000,2026-04-07 13:47,N,무료,Y,유료,0,1.11402E+12,750,5,750,5,0,0,0,0,0,37.56912618,127.0022201
1509662,청계5(동호로_남) 공영주차장(시),중구 방산동 4-47 0,NS,노상 주차장,1,시간제 주차장,,1,현재~20분이내 연계데이터 존재(현재 주차대수 표현),1,Y,유료,N,야간 미개방,0900,1900,0900,1500,0000,0000,2026-04-07 13:47,N,무료,Y,유료,0,1.11402E+12,750,5,750,5,0,0,0,0,0,37.56857598,127.0022596
1509662,청계5(동호로_남) 공영주차장(시),중구 방산동 4-47 0,NS,노상 주차장,1,시간제 주차장,,1,현재~20분이내 연계데이터 존재(현재 주차대수 표현),1,Y,유료,N,야간 미개방,0900,1900,0900,1500,0000,0000,2026-04-07 13:47,N,무료,Y,유료,0,1.11402E+12,750,5,750,5,0,0,0,0,0,37.56879529,127.0022417
1509662,청계5(동호로_남) 공영주차장(시),중구 방산동 4-47 0,NS,노상 주차장,1,시간제 주차장,,1,현재~20분이내 연계데이터 존재(현재 주차대수 표현),1,Y,유료,N,야간 미개방,0900,1900,0900,1500,0000,0000,2026-04-07 13:47,N,무료,Y,유료,0,1.11402E+12,750,5,750,5,0,0,0,0,0,37.56863128,127.0022548
1509662,청계5(동호로_남) 공영주차장(시),중구 방산동 4-47 0,NS,노상 주차장,1,시간제 주차장,,1,현재~20분이내 연계데이터 존재(현재 주차대수 표현),1,Y,유료,N,야간 미개방,0900,1900,0900,1500,0000,0000,2026-04-07 13:47,N,무료,Y,유료,0,1.11402E+12,750,5,750,5,0,0,0,0,0,37.56852258,127.0022644
1509662,청계5(동호로_남) 공영주차장(시),중구 방산동 4-47 0,NS,노상 주차장,1,시간제 주차장,,1,현재~20분이내 연계데이터 존재(현재 주차대수 표현),1,Y,유료,N,야간 미개방,0900,1900,0900,1500,0000,0000,2026-04-07 13:47,N,무료,Y,유료,0,1.11402E+12,750,5,750,5,0,0,0,0,0,37.56901569,127.0022301
1509662,청계5(동호로_남) 공영주차장(시),중구 방산동 4-47 0,NS,노상 주차장,1,시간제 주차장,,1,현재~20분이내 연계데이터 존재(현재 주차대수 표현),1,Y,유료,N,야간 미개방,0900,1900,0900,1500,0000,0000,2026-04-07 13:47,N,무료,Y,유료,0,1.11402E+12,750,5,750,5,0,0,0,0,0,37.56868659,127.0022512
1509662,청계5(동호로_남) 공영주차장(시),중구 방산동 4-47 0,NS,노상 주차장,1,시간제 주차장,,1,현재~20분이내 연계데이터 존재(현재 주차대수 표현),1,Y,유료,N,야간 미개방,0900,1900,0900,1500,0000,0000,2026-04-07 13:47,N,무료,Y,유료,0,1.11402E+12,750,5,750,5,0,0,0,0,0,37.56846727,127.0022692
1509662,청계5(동호로_남) 공영주차장(시),중구 방산동 4-47 0,NS,노상 주차장,1,시간제 주차장,,1,현재~20분이내 연계데이터 존재(현재 주차대수 표현),1,Y,유료,N,야간 미개방,0900,1900,0900,1500,0000,0000,2026-04-07 13:47,N,무료,Y,유료,0,1.11402E+12,750,5,750,5,0,0,0,0,0,37.5687419,127.0022465
1509662,청계5(동호로_남) 공영주차장(시),중구 방산동 4-47 0,NS,노상 주차장,1,시간제 주차장,,1,현재~20분이내 연계데이터 존재(현재 주차대수 표현),1,Y,유료,N,야간 미개방,0900,1900,0900,1500,0000,0000,2026-04-07 13:47,N,무료,Y,유료,0,1.11402E+12,750,5,750,5,0,0,0,0,0,37.56907094,127.0022251
1509757,이화여고 앞(구),중구 순화동 1-139,NS,노상 주차장,1,시간제 주차장,02-2280-8360,0,미연계중,1,Y,유료,N,야간 미개방,0900,2000,0900,1600,0000,0000,2023-02-16 17:53,N,무료,Y,유료,180000,1.11402E+12,250,5,250,5,0,0,0,0,0,,
1509853,청계3(창경궁로_남) 공영주차장(시),중구 주교동 123-1 0,NS,노상 주차장,1,시간제 주차장,,1,현재~20분이내 연계데이터 존재(현재 주차대수 표현),1,Y,유료,N,야간 미개방,0900,1900,0900,1500,0000,0000,2026-04-07 13:45,N,무료,Y,유료,0,1.11402E+12,750,5,750,5,0,0,0,0,0,37.56801316,126.9979754
1509853,청계3(창경궁로_남) 공영주차장(시),중구 주교동 123-1 0,NS,노상 주차장,1,시간제 주차장,,1,현재~20분이내 연계데이터 존재(현재 주차대수 표현),1,Y,유료,N,야간 미개방,0900,1900,0900,1500,0000,0000,2026-04-07 13:45,N,무료,Y,유료,0,1.11402E+12,750,5,750,5,0,0,0,0,0,37.56750484,126.9980178
1509853,청계3(창경궁로_남) 공영주차장(시),중구 주교동 123-1 0,NS,노상 주차장,1,시간제 주차장,,1,현재~20분이내 연계데이터 존재(현재 주차대수 표현),1,Y,유료,N,야간 미개방,0900,1900,0900,1500,0000,0000,2026-04-07 13:45,N,무료,Y,유료,0,1.11402E+12,750,5,750,5,0,0,0,0,0,37.56832362,126.9979508
1509853,청계3(창경궁로_남) 공영주차장(시),중구 주교동 123-1 0,NS,노상 주차장,1,시간제 주차장,,1,현재~20분이내 연계데이터 존재(현재 주차대수 표현),1,Y,유료,N,야간 미개방,0900,1900,0900,1500,0000,0000,2026-04-07 13:45,N,무료,Y,유료,0,1.11402E+12,750,5,750,5,0,0,0,0,0,37.56761207,126.9980083
1509853,청계3(창경궁로_남) 공영주차장(시),중구 주교동 123-1 0,NS,노상 주차장,1,시간제 주차장,,1,현재~20분이내 연계데이터 존재(현재 주차대수 표현),1,Y,유료,N,야간 미개방,0900,1900,0900,1500,0000,0000,2026-04-07 13:45,N,무료,Y,유료,0,1.11402E+12,750,5,750,5,0,0,0,0,0,37.5675585,126.9980131
1509853,청계3(창경궁로_남) 공영주차장(시),중구 주교동 123-1 0,NS,노상 주차장,1,시간제 주차장,,1,현재~20분이내 연계데이터 존재(현재 주차대수 표현),1,Y,유료,N,야간 미개방,0900,1900,0900,1500,0000,0000,2026-04-07 13:45,N,무료,Y,유료,0,1.11402E+12,750,5,750,5,0,0,0,0,0,37.56837721,126.9979465
1509853,청계3(창경궁로_남) 공영주차장(시),중구 주교동 123-1 0,NS,노상 주차장,1,시간제 주차장,,1,현재~20분이내 연계데이터 존재(현재 주차대수 표현),1,Y,유료,N,야간 미개방,0900,1900,0900,1500,0000,0000,2026-04-07 13:45,N,무료,Y,유료,0,1.11402E+12,750,5,750,5,0,0,0,0,0,37.56821635,126.9979592
1509853,청계3(창경궁로_남) 공영주차장(시),중구 주교동 123-1 0,NS,노상 주차장,1,시간제 주차장,,1,현재~20분이내 연계데이터 존재(현재 주차대수 표현),1,Y,유료,N,야간 미개방,0900,1900,0900,1500,0000,0000,2026-04-07 13:45,N,무료,Y,유료,0,1.11402E+12,750,5,750,5,0,0,0,0,0,37.56826994,126.9979549
1509853,청계3(창경궁로_남) 공영주차장(시),중구 주교동 123-1 0,NS,노상 주차장,1,시간제 주차장,,1,현재~20분이내 연계데이터 존재(현재 주차대수 표현),1,Y,유료,N,야간 미개방,0900,1900,0900,1500,0000,0000,2026-04-07 13:45,N,무료,Y,유료,0,1.11402E+12,750,5,750,5,0,0,0,0,0,37.56745128,126.9980225
1509853,청계3(창경궁로_남) 공영주차장(시),중구 주교동 123-1 0,NS,노상 주차장,1,시간제 주차장,,1,현재~20분이내 연계데이터 존재(현재 주차대수 표현),1,Y,유료,N,야간 미개방,0900,1900,0900,1500,0000,0000,2026-04-07 13:45,N,무료,Y,유료,0,1.11402E+12,750,5,750,5,0,0,0,0,0,37.56795959,126.9979802
1509853,청계3(창경궁로_남) 공영주차장(시),중구 주교동 123-1 0,NS,노상 주차장,1,시간제 주차장,,1,현재~20분이내 연계데이터 존재(현재 주차대수 표현),1,Y,유료,N,야간 미개방,0900,1900,0900,1500,0000,0000,2026-04-07 13:45,N,무료,Y,유료,0,1.11402E+12,750,5,750,5,0,0,0,0,0,37.56785237,126.9979896
1509853,청계3(창경궁로_남) 공영주차장(시),중구 주교동 123-1 0,NS,노상 주차장,1,시간제 주차장,,1,현재~20분이내 연계데이터 존재(현재 주차대수 표현),1,Y,유료,N,야간 미개방,0900,1900,0900,1500,0000,0000,2026-04-07 13:45,N,무료,Y,유료,0,1.11402E+12,750,5,750,5,0,0,0,0,0,37.56790593,126.9979848
1509934,세운대림상가(동측)(구),중구 산림동 207-2,NS,노상 주차장,1,시간제 주차장,02-2280-8360,0,미연계중,1,Y,유료,N,야간 미개방,0900,1900,0900,1500,0000,0000,2023-02-17 16:55,N,무료,Y,유료,250000,1.11402E+12,500,5,500,5,0,0,0,0,0,,
1510016,청계5(남) 공영주차장(시),중구 을지로6가 17-442 0,NS,노상 주차장,1,시간제 주차장,,0,미연계중,1,Y,유료,N,야간 미개방,0900,1900,0900,1500,0000,0000,2026-04-07 13:46,N,무료,Y,유료,0,1.11401E+12,750,5,750,5,0,0,0,0,0,37.56950919,127.0074366
1510016,청계5(남) 공영주차장(시),중구 을지로6가 17-442 0,NS,노상 주차장,1,시간제 주차장,,0,미연계중,1,Y,유료,N,야간 미개방,0900,1900,0900,1500,0000,0000,2026-04-07 13:46,N,무료,Y,유료,0,1.11401E+12,750,5,750,5,0,0,0,0,0,37.56950204,127.0073071
1510016,청계5(남) 공영주차장(시),중구 을지로6가 17-442 0,NS,노상 주차장,1,시간제 주차장,,0,미연계중,1,Y,유료,N,야간 미개방,0900,1900,0900,1500,0000,0000,2026-04-07 13:46,N,무료,Y,유료,0,1.11401E+12,750,5,750,5,0,0,0,0,0,37.56950592,127.0073718
1510016,청계5(남) 공영주차장(시),중구 을지로6가 17-442 0,NS,노상 주차장,1,시간제 주차장,,0,미연계중,1,Y,유료,N,야간 미개방,0900,1900,0900,1500,0000,0000,2026-04-07 13:46,N,무료,Y,유료,0,1.11401E+12,750,5,750,5,0,0,0,0,0,37.56951246,127.0075017
1510016,청계5(남) 공영주차장(시),중구 을지로6가 17-442 0,NS,노상 주차장,1,시간제 주차장,,0,미연계중,1,Y,유료,N,야간 미개방,0900,1900,0900,1500,0000,0000,2026-04-07 13:46,N,무료,Y,유료,0,1.11401E+12,750,5,750,5,0,0,0,0,0,37.56949907,127.0072419
1510050,당인 유료 주차장(구),마포구 합정동 362-1,NS,노상 주차장,1,시간제 주차장,,0,미연계중,1,Y,유료,N,야간 미개방,1100,2100,0000,0000,0000,0000,2019-06-10 10:29,Y,유료,Y,유료,120000,1.14401E+12,300,5,300,5,0,0,0,0,0,,
1510063,청계5가 공영주차장(시),중구 을지로6가 17-442 0,NS,노상 주차장,1,시간제 주차장,02-2265-3531,0,미연계중,1,Y,유료,N,야간 미개방,0900,1900,0900,1500,0000,0000,2026-04-07 13:57,N,무료,Y,유료,0,1.11401E+12,750,5,750,5,0,0,0,0,0,37.56958029,127.0088539
1510063,청계5가 공영주차장(시),중구 을지로6가 17-442 0,NS,노상 주차장,1,시간제 주차장,02-2265-3531,0,미연계중,1,Y,유료,N,야간 미개방,0900,1900,0900,1500,0000,0000,2026-04-07 13:57,N,무료,Y,유료,0,1.11401E+12,750,5,750,5,0,0,0,0,0,37.56953156,127.007887
1510063,청계5가 공영주차장(시),중구 을지로6가 17-442 0,NS,노상 주차장,1,시간제 주차장,02-2265-3531,0,미연계중,1,Y,유료,N,야간 미개방,0900,1900,0900,1500,0000,0000,2026-04-07 13:57,N,무료,Y,유료,0,1.11401E+12,750,5,750,5,0,0,0,0,0,37.56952203,127.0076941
1510063,청계5가 공영주차장(시),중구 을지로6가 17-442 0,NS,노상 주차장,1,시간제 주차장,02-2265-3531,0,미연계중,1,Y,유료,N,야간 미개방,0900,1900,0900,1500,0000,0000,2026-04-07 13:57,N,무료,Y,유료,0,1.11401E+12,750,5,750,5,0,0,0,0,0,37.56957005,127.0086598
1510063,청계5가 공영주차장(시),중구 을지로6가 17-442 0,NS,노상 주차장,1,시간제 주차장,02-2265-3531,0,미연계중,1,Y,유료,N,야간 미개방,0900,1900,0900,1500,0000,0000,2026-04-07 13:57,N,무료,Y,유료,0,1.11401E+12,750,5,750,5,0,0,0,0,0,37.56956705,127.0085955
1510063,청계5가 공영주차장(시),중구 을지로6가 17-442 0,NS,노상 주차장,1,시간제 주차장,02-2265-3531,0,미연계중,1,Y,유료,N,야간 미개방,0900,1900,0900,1500,0000,0000,2026-04-07 13:57,N,무료,Y,유료,0,1.11401E+12,750,5,750,5,0,0,0,0,0,37.56955719,127.0084027
1510063,청계5가 공영주차장(시),중구 을지로6가 17-442 0,NS,노상 주차장,1,시간제 주차장,02-2265-3531,0,미연계중,1,Y,유료,N,야간 미개방,0900,1900,0900,1500,0000,0000,2026-04-07 13:57,N,무료,Y,유료,0,1.11401E+12,750,5,750,5,0,0,0,0,0,37.56955093,127.0082735
1510063,청계5가 공영주차장(시),중구 을지로6가 17-442 0,NS,노상 주차장,1,시간제 주차장,02-2265-3531,0,미연계중,1,Y,유료,N,야간 미개방,0900,1900,0900,1500,0000,0000,2026-04-07 13:57,N,무료,Y,유료,0,1.11401E+12,750,5,750,5,0,0,0,0,0,37.56958981,127.0090477
1510063,청계5가 공영주차장(시),중구 을지로6가 17-442 0,NS,노상 주차장,1,시간제 주차장,02-2265-3531,0,미연계중,1,Y,유료,N,야간 미개방,0900,1900,0900,1500,0000,0000,2026-04-07 13:57,N,무료,Y,유료,0,1.11401E+12,750,5,750,5,0,0,0,0,0,37.56953489,127.0079517
1510063,청계5가 공영주차장(시),중구 을지로6가 17-442 0,NS,노상 주차장,1,시간제 주차장,02-2265-3531,0,미연계중,1,Y,유료,N,야간 미개방,0900,1900,0900,1500,0000,0000,2026-04-07 13:57,N,무료,Y,유료,0,1.11401E+12,750,5,750,5,0,0,0,0,0,37.56957671,127.0087895
1510063,청계5가 공영주차장(시),중구 을지로6가 17-442 0,NS,노상 주차장,1,시간제 주차장,02-2265-3531,0,미연계중,1,Y,유료,N,야간 미개방,0900,1900,0900,1500,0000,0000,2026-04-07 13:57,N,무료,Y,유료,0,1.11401E+12,750,5,750,5,0,0,0,0,0,37.56951913,127.0076299
1510063,청계5가 공영주차장(시),중구 을지로6가 17-442 0,NS,노상 주차장,1,시간제 주차장,02-2265-3531,0,미연계중,1,Y,유료,N,야간 미개방,0900,1900,0900,1500,0000,0000,2026-04-07 13:57,N,무료,Y,유료,0,1.11401E+12,750,5,750,5,0,0,0,0,0,37.56956362,127.0085312
1510063,청계5가 공영주차장(시),중구 을지로6가 17-442 0,NS,노상 주차장,1,시간제 주차장,02-2265-3531,0,미연계중,1,Y,유료,N,야간 미개방,0900,1900,0900,1500,0000,0000,2026-04-07 13:57,N,무료,Y,유료,0,1.11401E+12,750,5,750,5,0,0,0,0,0,37.56952513,127.0077585
1510063,청계5가 공영주차장(시),중구 을지로6가 17-442 0,NS,노상 주차장,1,시간제 주차장,02-2265-3531,0,미연계중,1,Y,유료,N,야간 미개방,0900,1900,0900,1500,0000,0000,2026-04-07 13:57,N,무료,Y,유료,0,1.11401E+12,750,5,750,5,0,0,0,0,0,37.56956034,127.0084668
1510063,청계5가 공영주차장(시),중구 을지로6가 17-442 0,NS,노상 주차장,1,시간제 주차장,02-2265-3531,0,미연계중,1,Y,유료,N,야간 미개방,0900,1900,0900,1500,0000,0000,2026-04-07 13:57,N,무료,Y,유료,0,1.11401E+12,750,5,750,5,0,0,0,0,0,37.56952846,127.0078229
1510063,청계5가 공영주차장(시),중구 을지로6가 17-442 0,NS,노상 주차장,1,시간제 주차장,02-2265-3531,0,미연계중,1,Y,유료,N,야간 미개방,0900,1900,0900,1500,0000,0000,2026-04-07 13:57,N,무료,Y,유료,0,1.11401E+12,750,5,750,5,0,0,0,0,0,37.56958671,127.008983
1510063,청계5가 공영주차장(시),중구 을지로6가 17-442 0,NS,노상 주차장,1,시간제 주차장,02-2265-3531,0,미연계중,1,Y,유료,N,야간 미개방,0900,1900,0900,1500,0000,0000,2026-04-07 13:57,N,무료,Y,유료,0,1.11401E+12,750,5,750,5,0,0,0,0,0,37.56955398,127.008338
1510063,청계5가 공영주차장(시),중구 을지로6가 17-442 0,NS,노상 주차장,1,시간제 주차장,02-2265-3531,0,미연계중,1,Y,유료,N,야간 미개방,0900,1900,0900,1500,0000,0000,2026-04-07 13:57,N,무료,Y,유료,0,1.11401E+12,750,5,750,5,0,0,0,0,0,37.56951589,127.0075657
1510063,청계5가 공영주차장(시),중구 을지로6가 17-442 0,NS,노상 주차장,1,시간제 주차장,02-2265-3531,0,미연계중,1,Y,유료,N,야간 미개방,0900,1900,0900,1500,0000,0000,2026-04-07 13:57,N,무료,Y,유료,0,1.11401E+12,750,5,750,5,0,0,0,0,0,37.56958338,127.0089183
1510063,청계5가 공영주차장(시),중구 을지로6가 17-442 0,NS,노상 주차장,1,시간제 주차장,02-2265-3531,0,미연계중,1,Y,유료,N,야간 미개방,0900,1900,0900,1500,0000,0000,2026-04-07 13:57,N,무료,Y,유료,0,1.11401E+12,750,5,750,5,0,0,0,0,0,37.56957338,127.0087247
1510112,남평화시장(구),중구 신당동 779-0,NS,노상 주차장,1,시간제 주차장,02-2280-8360,0,미연계중,1,Y,유료,N,야간 미개방,0000,2359,0000,2359,0000,2359,2023-02-17 17:13,N,무료,N,무료,250000,1.11402E+12,500,5,500,5,0,0,0,0,0,,
1510159,맑은내길 노상공영주차장(구),중구 신당동 213-0 0,NS,노상 주차장,1,시간제 주차장,02)2280-8367,0,미연계중,1,Y,유료,N,야간 미개방,0000,2400,0000,2400,0000,2400,2019-06-10 10:30,N,무료,N,무료,250000,1.11402E+12,500,5,500,5,0,0,0,0,0,,
1510350,청계6(신평화시장앞) 공영주차장(시),중구 신당동 217-91 0,NS,노상 주차장,1,시간제 주차장,,1,현재~20분이내 연계데이터 존재(현재 주차대수 표현),1,Y,유료,N,야간 미개방,0900,1900,0900,1500,0000,0000,2026-04-07 13:52,N,무료,Y,유료,0,1.11402E+12,450,5,450,5,0,0,0,0,0,37.569577,127.011183
1510350,청계6(신평화시장앞) 공영주차장(시),중구 신당동 217-91 0,NS,노상 주차장,1,시간제 주차장,,1,현재~20분이내 연계데이터 존재(현재 주차대수 표현),1,Y,유료,N,야간 미개방,0900,1900,0900,1500,0000,0000,2026-04-07 13:52,N,무료,Y,유료,0,1.11402E+12,450,5,450,5,0,0,0,0,0,37.56957284,127.0116905
1510350,청계6(신평화시장앞) 공영주차장(시),중구 신당동 217-91 0,NS,노상 주차장,1,시간제 주차장,,1,현재~20분이내 연계데이터 존재(현재 주차대수 표현),1,Y,유료,N,야간 미개방,0900,1900,0900,1500,0000,0000,2026-04-07 13:52,N,무료,Y,유료,0,1.11402E+12,450,5,450,5,0,0,0,0,0,37.56957215,127.0114317
1510350,청계6(신평화시장앞) 공영주차장(시),중구 신당동 217-91 0,NS,노상 주차장,1,시간제 주차장,,1,현재~20분이내 연계데이터 존재(현재 주차대수 표현),1,Y,유료,N,야간 미개방,0900,1900,0900,1500,0000,0000,2026-04-07 13:52,N,무료,Y,유료,0,1.11402E+12,450,5,450,5,0,0,0,0,0,37.56957219,127.011496
1510350,청계6(신평화시장앞) 공영주차장(시),중구 신당동 217-91 0,NS,노상 주차장,1,시간제 주차장,,1,현재~20분이내 연계데이터 존재(현재 주차대수 표현),1,Y,유료,N,야간 미개방,0900,1900,0900,1500,0000,0000,2026-04-07 13:52,N,무료,Y,유료,0,1.11402E+12,450,5,450,5,0,0,0,0,0,37.56957257,127.0115605
1510350,청계6(신평화시장앞) 공영주차장(시),중구 신당동 217-91 0,NS,노상 주차장,1,시간제 주차장,,1,현재~20분이내 연계데이터 존재(현재 주차대수 표현),1,Y,유료,N,야간 미개방,0900,1900,0900,1500,0000,0000,2026-04-07 13:52,N,무료,Y,유료,0,1.11402E+12,450,5,450,5,0,0,0,0,0,37.56957236,127.0117553
1510350,청계6(신평화시장앞) 공영주차장(시),중구 신당동 217-91 0,NS,노상 주차장,1,시간제 주차장,,1,현재~20분이내 연계데이터 존재(현재 주차대수 표현),1,Y,유료,N,야간 미개방,0900,1900,0900,1500,0000,0000,2026-04-07 13:52,N,무료,Y,유료,0,1.11402E+12,450,5,450,5,0,0,0,0,0,37.569574,127.01164
1510496,청계6(동평화) 공영주차장(시),중구 신당동 217-91 0,NS,노상 주차장,1,시간제 주차장,,1,현재~20분이내 연계데이터 존재(현재 주차대수 표현),1,Y,유료,N,야간 미개방,0900,0100,0900,1500,0000,0000,2026-04-07 13:51,N,무료,Y,유료,0,1.11402E+12,450,5,450,5,0,0,0,0,0,37.56958163,127.0130979
1510496,청계6(동평화) 공영주차장(시),중구 신당동 217-91 0,NS,노상 주차장,1,시간제 주차장,,1,현재~20분이내 연계데이터 존재(현재 주차대수 표현),1,Y,유료,N,야간 미개방,0900,0100,0900,1500,0000,0000,2026-04-07 13:51,N,무료,Y,유료,0,1.11402E+12,450,5,450,5,0,0,0,0,0,37.56958258,127.0131631
1510496,청계6(동평화) 공영주차장(시),중구 신당동 217-91 0,NS,노상 주차장,1,시간제 주차장,,1,현재~20분이내 연계데이터 존재(현재 주차대수 표현),1,Y,유료,N,야간 미개방,0900,0100,0900,1500,0000,0000,2026-04-07 13:51,N,무료,Y,유료,0,1.11402E+12,450,5,450,5,0,0,0,0,0,37.56958238,127.013228
1510496,청계6(동평화) 공영주차장(시),중구 신당동 217-91 0,NS,노상 주차장,1,시간제 주차장,,1,현재~20분이내 연계데이터 존재(현재 주차대수 표현),1,Y,유료,N,야간 미개방,0900,0100,0900,1500,0000,0000,2026-04-07 13:51,N,무료,Y,유료,0,1.11402E+12,450,5,450,5,0,0,0,0,0,37.56958177,127.0129664
1510496,청계6(동평화) 공영주차장(시),중구 신당동 217-91 0,NS,노상 주차장,1,시간제 주차장,,1,현재~20분이내 연계데이터 존재(현재 주차대수 표현),1,Y,유료,N,야간 미개방,0900,0100,0900,1500,0000,0000,2026-04-07 13:51,N,무료,Y,유료,0,1.11402E+12,450,5,450,5,0,0,0,0,0,37.56958228,127.0132934
1510496,청계6(동평화) 공영주차장(시),중구 신당동 217-91 0,NS,노상 주차장,1,시간제 주차장,,1,현재~20분이내 연계데이터 존재(현재 주차대수 표현),1,Y,유료,N,야간 미개방,0900,0100,0900,1500,0000,0000,2026-04-07 13:51,N,무료,Y,유료,0,1.11402E+12,450,5,450,5,0,0,0,0,0,37.56958176,127.013032
1510632,청계5(방산동) 공영주차장(시),중구 방산동 52-1,NS,노상 주차장,1,시간제 주차장,,0,미연계중,1,Y,유료,N,야간 미개방,0900,0100,0900,1500,0000,0000,2026-04-07 13:48,N,무료,Y,유료,0,1.11402E+12,750,5,750,5,0,0,0,0,0,37.56947978,127.0048004
1510632,청계5(방산동) 공영주차장(시),중구 방산동 52-1,NS,노상 주차장,1,시간제 주차장,,0,미연계중,1,Y,유료,N,야간 미개방,0900,0100,0900,1500,0000,0000,2026-04-07 13:48,N,무료,Y,유료,0,1.11402E+12,750,5,750,5,0,0,0,0,0,37.56948025,127.0049287
1510632,청계5(방산동) 공영주차장(시),중구 방산동 52-1,NS,노상 주차장,1,시간제 주차장,,0,미연계중,1,Y,유료,N,야간 미개방,0900,0100,0900,1500,0000,0000,2026-04-07 13:48,N,무료,Y,유료,0,1.11402E+12,750,5,750,5,0,0,0,0,0,37.56947908,127.0030111
1510632,청계5(방산동) 공영주차장(시),중구 방산동 52-1,NS,노상 주차장,1,시간제 주차장,,0,미연계중,1,Y,유료,N,야간 미개방,0900,0100,0900,1500,0000,0000,2026-04-07 13:48,N,무료,Y,유료,0,1.11402E+12,750,5,750,5,0,0,0,0,0,37.56948189,127.0055058
1510632,청계5(방산동) 공영주차장(시),중구 방산동 52-1,NS,노상 주차장,1,시간제 주차장,,0,미연계중,1,Y,유료,N,야간 미개방,0900,0100,0900,1500,0000,0000,2026-04-07 13:48,N,무료,Y,유료,0,1.11402E+12,750,5,750,5,0,0,0,0,0,37.56947824,127.0027531
1510632,청계5(방산동) 공영주차장(시),중구 방산동 52-1,NS,노상 주차장,1,시간제 주차장,,0,미연계중,1,Y,유료,N,야간 미개방,0900,0100,0900,1500,0000,0000,2026-04-07 13:48,N,무료,Y,유료,0,1.11402E+12,750,5,750,5,0,0,0,0,0,37.56947833,127.0028182
1510632,청계5(방산동) 공영주차장(시),중구 방산동 52-1,NS,노상 주차장,1,시간제 주차장,,0,미연계중,1,Y,유료,N,야간 미개방,0900,0100,0900,1500,0000,0000,2026-04-07 13:48,N,무료,Y,유료,0,1.11402E+12,750,5,750,5,0,0,0,0,0,37.56947984,127.0034634
1510632,청계5(방산동) 공영주차장(시),중구 방산동 52-1,NS,노상 주차장,1,시간제 주차장,,0,미연계중,1,Y,유료,N,야간 미개방,0900,0100,0900,1500,0000,0000,2026-04-07 13:48,N,무료,Y,유료,0,1.11402E+12,750,5,750,5,0,0,0,0,0,37.56948225,127.0055699
1510632,청계5(방산동) 공영주차장(시),중구 방산동 52-1,NS,노상 주차장,1,시간제 주차장,,0,미연계중,1,Y,유료,N,야간 미개방,0900,0100,0900,1500,0000,0000,2026-04-07 13:48,N,무료,Y,유료,0,1.11402E+12,750,5,750,5,0,0,0,0,0,37.56947861,127.0031408
1510632,청계5(방산동) 공영주차장(시),중구 방산동 52-1,NS,노상 주차장,1,시간제 주차장,,0,미연계중,1,Y,유료,N,야간 미개방,0900,0100,0900,1500,0000,0000,2026-04-07 13:48,N,무료,Y,유료,0,1.11402E+12,750,5,750,5,0,0,0,0,0,37.56947881,127.002947
1510632,청계5(방산동) 공영주차장(시),중구 방산동 52-1,NS,노상 주차장,1,시간제 주차장,,0,미연계중,1,Y,유료,N,야간 미개방,0900,0100,0900,1500,0000,0000,2026-04-07 13:48,N,무료,Y,유료,0,1.11402E+12,750,5,750,5,0,0,0,0,0,37.56948107,127.005121
1510632,청계5(방산동) 공영주차장(시),중구 방산동 52-1,NS,노상 주차장,1,시간제 주차장,,0,미연계중,1,Y,유료,N,야간 미개방,0900,0100,0900,1500,0000,0000,2026-04-07 13:48,N,무료,Y,유료,0,1.11402E+12,750,5,750,5,0,0,0,0,0,37.56948233,127.0057624
1510632,청계5(방산동) 공영주차장(시),중구 방산동 52-1,NS,노상 주차장,1,시간제 주차장,,0,미연계중,1,Y,유료,N,야간 미개방,0900,0100,0900,1500,0000,0000,2026-04-07 13:48,N,무료,Y,유료,0,1.11402E+12,750,5,750,5,0,0,0,0,0,37.56948249,127.006212
1510632,청계5(방산동) 공영주차장(시),중구 방산동 52-1,NS,노상 주차장,1,시간제 주차장,,0,미연계중,1,Y,유료,N,야간 미개방,0900,0100,0900,1500,0000,0000,2026-04-07 13:48,N,무료,Y,유료,0,1.11402E+12,750,5,750,5,0,0,0,0,0,37.56948166,127.0053775
1510632,청계5(방산동) 공영주차장(시),중구 방산동 52-1,NS,노상 주차장,1,시간제 주차장,,0,미연계중,1,Y,유료,N,야간 미개방,0900,0100,0900,1500,0000,0000,2026-04-07 13:48,N,무료,Y,유료,0,1.11402E+12,750,5,750,5,0,0,0,0,0,37.56947989,127.0048646
1510632,청계5(방산동) 공영주차장(시),중구 방산동 52-1,NS,노상 주차장,1,시간제 주차장,,0,미연계중,1,Y,유료,N,야간 미개방,0900,0100,0900,1500,0000,0000,2026-04-07 13:48,N,무료,Y,유료,0,1.11402E+12,750,5,750,5,0,0,0,0,0,37.56948177,127.0054416
1510632,청계5(방산동) 공영주차장(시),중구 방산동 52-1,NS,노상 주차장,1,시간제 주차장,,0,미연계중,1,Y,유료,N,야간 미개방,0900,0100,0900,1500,0000,0000,2026-04-07 13:48,N,무료,Y,유료,0,1.11402E+12,750,5,750,5,0,0,0,0,0,37.56948224,127.0056341
1510632,청계5(방산동) 공영주차장(시),중구 방산동 52-1,NS,노상 주차장,1,시간제 주차장,,0,미연계중,1,Y,유료,N,야간 미개방,0900,0100,0900,1500,0000,0000,2026-04-07 13:48,N,무료,Y,유료,0,1.11402E+12,750,5,750,5,0,0,0,0,0,37.56948272,127.0058903
1510632,청계5(방산동) 공영주차장(시),중구 방산동 52-1,NS,노상 주차장,1,시간제 주차장,,0,미연계중,1,Y,유료,N,야간 미개방,0900,0100,0900,1500,0000,0000,2026-04-07 13:48,N,무료,Y,유료,0,1.11402E+12,750,5,750,5,0,0,0,0,0,37.56948272,127.0059543
1510632,청계5(방산동) 공영주차장(시),중구 방산동 52-1,NS,노상 주차장,1,시간제 주차장,,0,미연계중,1,Y,유료,N,야간 미개방,0900,0100,0900,1500,0000,0000,2026-04-07 13:48,N,무료,Y,유료,0,1.11402E+12,750,5,750,5,0,0,0,0,0,37.5694793,127.0046724
1510632,청계5(방산동) 공영주차장(시),중구 방산동 52-1,NS,노상 주차장,1,시간제 주차장,,0,미연계중,1,Y,유료,N,야간 미개방,0900,0100,0900,1500,0000,0000,2026-04-07 13:48,N,무료,Y,유료,0,1.11402E+12,750,5,750,5,0,0,0,0,0,37.56948233,127.0056983
1510632,청계5(방산동) 공영주차장(시),중구 방산동 52-1,NS,노상 주차장,1,시간제 주차장,,0,미연계중,1,Y,유료,N,야간 미개방,0900,0100,0900,1500,0000,0000,2026-04-07 13:48,N,무료,Y,유료,0,1.11402E+12,750,5,750,5,0,0,0,0,0,37.56948048,127.004993
1510632,청계5(방산동) 공영주차장(시),중구 방산동 52-1,NS,노상 주차장,1,시간제 주차장,,0,미연계중,1,Y,유료,N,야간 미개방,0900,0100,0900,1500,0000,0000,2026-04-07 13:48,N,무료,Y,유료,0,1.11402E+12,750,5,750,5,0,0,0,0,0,37.56947852,127.0030756
1510632,청계5(방산동) 공영주차장(시),중구 방산동 52-1,NS,노상 주차장,1,시간제 주차장,,0,미연계중,1,Y,유료,N,야간 미개방,0900,0100,0900,1500,0000,0000,2026-04-07 13:48,N,무료,Y,유료,0,1.11402E+12,750,5,750,5,0,0,0,0,0,37.56948273,127.0061473
1510632,청계5(방산동) 공영주차장(시),중구 방산동 52-1,NS,노상 주차장,1,시간제 주차장,,0,미연계중,1,Y,유료,N,야간 미개방,0900,0100,0900,1500,0000,0000,2026-04-07 13:48,N,무료,Y,유료,0,1.11402E+12,750,5,750,5,0,0,0,0,0,37.56947945,127.0033988
1510632,청계5(방산동) 공영주차장(시),중구 방산동 52-1,NS,노상 주차장,1,시간제 주차장,,0,미연계중,1,Y,유료,N,야간 미개방,0900,0100,0900,1500,0000,0000,2026-04-07 13:48,N,무료,Y,유료,0,1.11402E+12,750,5,750,5,0,0,0,0,0,37.56947909,127.0032695
1510632,청계5(방산동) 공영주차장(시),중구 방산동 52-1,NS,노상 주차장,1,시간제 주차장,,0,미연계중,1,Y,유료,N,야간 미개방,0900,0100,0900,1500,0000,0000,2026-04-07 13:48,N,무료,Y,유료,0,1.11402E+12,750,5,750,5,0,0,0,0,0,37.56948283,127.0060184
1510632,청계5(방산동) 공영주차장(시),중구 방산동 52-1,NS,노상 주차장,1,시간제 주차장,,0,미연계중,1,Y,유료,N,야간 미개방,0900,0100,0900,1500,0000,0000,2026-04-07 13:48,N,무료,Y,유료,0,1.11402E+12,750,5,750,5,0,0,0,0,0,37.56947993,127.0035276
1510632,청계5(방산동) 공영주차장(시),중구 방산동 52-1,NS,노상 주차장,1,시간제 주차장,,0,미연계중,1,Y,유료,N,야간 미개방,0900,0100,0900,1500,0000,0000,2026-04-07 13:48,N,무료,Y,유료,0,1.11402E+12,750,5,750,5,0,0,0,0,0,37.56947871,127.0028828
1510632,청계5(방산동) 공영주차장(시),중구 방산동 52-1,NS,노상 주차장,1,시간제 주차장,,0,미연계중,1,Y,유료,N,야간 미개방,0900,0100,0900,1500,0000,0000,2026-04-07 13:48,N,무료,Y,유료,0,1.11402E+12,750,5,750,5,0,0,0,0,0,37.56947936,127.0033337
1510632,청계5(방산동) 공영주차장(시),중구 방산동 52-1,NS,노상 주차장,1,시간제 주차장,,0,미연계중,1,Y,유료,N,야간 미개방,0900,0100,0900,1500,0000,0000,2026-04-07 13:48,N,무료,Y,유료,0,1.11402E+12,750,5,750,5,0,0,0,0,0,37.56948258,127.0058263
1510632,청계5(방산동) 공영주차장(시),중구 방산동 52-1,NS,노상 주차장,1,시간제 주차장,,0,미연계중,1,Y,유료,N,야간 미개방,0900,0100,0900,1500,0000,0000,2026-04-07 13:48,N,무료,Y,유료,0,1.11402E+12,750,5,750,5,0,0,0,0,0,37.56947899,127.0032053
1510632,청계5(방산동) 공영주차장(시),중구 방산동 52-1,NS,노상 주차장,1,시간제 주차장,,0,미연계중,1,Y,유료,N,야간 미개방,0900,0100,0900,1500,0000,0000,2026-04-07 13:48,N,무료,Y,유료,0,1.11402E+12,750,5,750,5,0,0,0,0,0,37.56948273,127.0060826
1510632,청계5(방산동) 공영주차장(시),중구 방산동 52-1,NS,노상 주차장,1,시간제 주차장,,0,미연계중,1,Y,유료,N,야간 미개방,0900,0100,0900,1500,0000,0000,2026-04-07 13:48,N,무료,Y,유료,0,1.11402E+12,750,5,750,5,0,0,0,0,0,37.56947942,127.0047363
1510632,청계5(방산동) 공영주차장(시),중구 방산동 52-1,NS,노상 주차장,1,시간제 주차장,,0,미연계중,1,Y,유료,N,야간 미개방,0900,0100,0900,1500,0000,0000,2026-04-07 13:48,N,무료,Y,유료,0,1.11402E+12,750,5,750,5,0,0,0,0,0,37.56948084,127.0050571
1510632,청계5(방산동) 공영주차장(시),중구 방산동 52-1,NS,노상 주차장,1,시간제 주차장,,0,미연계중,1,Y,유료,N,야간 미개방,0900,0100,0900,1500,0000,0000,2026-04-07 13:48,N,무료,Y,유료,0,1.11402E+12,750,5,750,5,0,0,0,0,0,37.56948142,127.0053134
1510726,코오롱빌딩 옆(구),중구 태평로1가 31-0,NS,노상 주차장,1,시간제 주차장,02-2280-8360,0,미연계중,1,Y,유료,N,야간 미개방,0900,2100,0900,1800,0000,0000,2023-02-16 17:54,N,무료,Y,유료,250000,1.11401E+12,600,5,600,5,0,0,0,0,0,,
1510781,조선호텔 앞(구),중구 소공동 87-3 0,NS,노상 주차장,1,시간제 주차장,02-2280-8360,0,미연계중,1,Y,유료,N,야간 미개방,0900,2100,0900,1800,0000,0000,2023-02-16 17:46,N,무료,Y,유료,250000,1.11401E+12,600,5,600,5,0,0,0,0,0,,
1511112,청소년회관 뒤 노상 공영주차장(구),중구 수표동 50-1 0,NS,노상 주차장,1,시간제 주차장,,0,미연계중,1,Y,유료,N,야간 미개방,0800,2200,0900,2200,0000,0000,2019-06-10 10:35,N,무료,Y,유료,250000,1.11401E+12,500,5,500,5,0,0,0,0,0,,
1511583,소파길노상 공영주차장(시),중구 회현동1가 1-19,NS,노상 주차장,1,시간제 주차장,,0,미연계중,1,Y,유료,N,야간 미개방,0900,2100,0900,2100,0900,2100,2026-04-07 13:41,N,무료,N,무료,0,1.11401E+12,340,5,340,5,0,0,0,0,0,,
1511592,소파길노상 공영주차장(시),중구 회현동1가 1-19,NS,노상 주차장,1,시간제 주차장,,0,미연계중,1,Y,유료,N,야간 미개방,0900,2100,0900,2100,0900,2100,2026-04-07 13:41,N,무료,N,무료,0,1.11401E+12,340,5,340,5,0,0,0,0,0,37.55599952,126.9838725
1511592,소파길노상 공영주차장(시),중구 회현동1가 1-19,NS,노상 주차장,1,시간제 주차장,,0,미연계중,1,Y,유료,N,야간 미개방,0900,2100,0900,2100,0900,2100,2026-04-07 13:41,N,무료,N,무료,0,1.11401E+12,340,5,340,5,0,0,0,0,0,37.55631366,126.9841165
1511592,소파길노상 공영주차장(시),중구 회현동1가 1-19,NS,노상 주차장,1,시간제 주차장,,0,미연계중,1,Y,유료,N,야간 미개방,0900,2100,0900,2100,0900,2100,2026-04-07 13:41,N,무료,N,무료,0,1.11401E+12,340,5,340,5,0,0,0,0,0,37.55602515,126.9838822
1511592,소파길노상 공영주차장(시),중구 회현동1가 1-19,NS,노상 주차장,1,시간제 주차장,,0,미연계중,1,Y,유료,N,야간 미개방,0900,2100,0900,2100,0900,2100,2026-04-07 13:41,N,무료,N,무료,0,1.11401E+12,340,5,340,5,0,0,0,0,0,37.55597568,126.9838613
1511592,소파길노상 공영주차장(시),중구 회현동1가 1-19,NS,노상 주차장,1,시간제 주차장,,0,미연계중,1,Y,유료,N,야간 미개방,0900,2100,0900,2100,0900,2100,2026-04-07 13:41,N,무료,N,무료,0,1.11401E+12,340,5,340,5,0,0,0,0,0,37.55609965,126.9839137
1511592,소파길노상 공영주차장(시),중구 회현동1가 1-19,NS,노상 주차장,1,시간제 주차장,,0,미연계중,1,Y,유료,N,야간 미개방,0900,2100,0900,2100,0900,2100,2026-04-07 13:41,N,무료,N,무료,0,1.11401E+12,340,5,340,5,0,0,0,0,0,37.55629165,126.9840572
1511592,소파길노상 공영주차장(시),중구 회현동1가 1-19,NS,노상 주차장,1,시간제 주차장,,0,미연계중,1,Y,유료,N,야간 미개방,0900,2100,0900,2100,0900,2100,2026-04-07 13:41,N,무료,N,무료,0,1.11401E+12,340,5,340,5,0,0,0,0,0,37.55586564,126.9838365
1511592,소파길노상 공영주차장(시),중구 회현동1가 1-19,NS,노상 주차장,1,시간제 주차장,,0,미연계중,1,Y,유료,N,야간 미개방,0900,2100,0900,2100,0900,2100,2026-04-07 13:41,N,무료,N,무료,0,1.11401E+12,340,5,340,5,0,0,0,0,0,37.55605018,126.9838927
1511592,소파길노상 공영주차장(시),중구 회현동1가 1-19,NS,노상 주차장,1,시간제 주차장,,0,미연계중,1,Y,유료,N,야간 미개방,0900,2100,0900,2100,0900,2100,2026-04-07 13:41,N,무료,N,무료,0,1.11401E+12,340,5,340,5,0,0,0,0,0,37.55572936,126.9838378
1511592,소파길노상 공영주차장(시),중구 회현동1가 1-19,NS,노상 주차장,1,시간제 주차장,,0,미연계중,1,Y,유료,N,야간 미개방,0900,2100,0900,2100,0900,2100,2026-04-07 13:41,N,무료,N,무료,0,1.11401E+12,340,5,340,5,0,0,0,0,0,37.55631925,126.9841524
1511592,소파길노상 공영주차장(시),중구 회현동1가 1-19,NS,노상 주차장,1,시간제 주차장,,0,미연계중,1,Y,유료,N,야간 미개방,0900,2100,0900,2100,0900,2100,2026-04-07 13:41,N,무료,N,무료,0,1.11401E+12,340,5,340,5,0,0,0,0,0,37.55607461,126.9839032
1511592,소파길노상 공영주차장(시),중구 회현동1가 1-19,NS,노상 주차장,1,시간제 주차장,,0,미연계중,1,Y,유료,N,야간 미개방,0900,2100,0900,2100,0900,2100,2026-04-07 13:41,N,무료,N,무료,0,1.11401E+12,340,5,340,5,0,0,0,0,0,37.55589141,126.9838386
1511592,소파길노상 공영주차장(시),중구 회현동1가 1-19,NS,노상 주차장,1,시간제 주차장,,0,미연계중,1,Y,유료,N,야간 미개방,0900,2100,0900,2100,0900,2100,2026-04-07 13:41,N,무료,N,무료,0,1.11401E+12,340,5,340,5,0,0,0,0,0,37.55570135,126.9838385
1511592,소파길노상 공영주차장(시),중구 회현동1가 1-19,NS,노상 주차장,1,시간제 주차장,,0,미연계중,1,Y,유료,N,야간 미개방,0900,2100,0900,2100,0900,2100,2026-04-07 13:41,N,무료,N,무료,0,1.11401E+12,340,5,340,5,0,0,0,0,0,37.55630355,126.984086
1511592,소파길노상 공영주차장(시),중구 회현동1가 1-19,NS,노상 주차장,1,시간제 주차장,,0,미연계중,1,Y,유료,N,야간 미개방,0900,2100,0900,2100,0900,2100,2026-04-07 13:41,N,무료,N,무료,0,1.11401E+12,340,5,340,5,0,0,0,0,0,37.55578448,126.9838334
1511592,소파길노상 공영주차장(시),중구 회현동1가 1-19,NS,노상 주차장,1,시간제 주차장,,0,미연계중,1,Y,유료,N,야간 미개방,0900,2100,0900,2100,0900,2100,2026-04-07 13:41,N,무료,N,무료,0,1.11401E+12,340,5,340,5,0,0,0,0,0,37.55575809,126.9838355
1511592,소파길노상 공영주차장(시),중구 회현동1가 1-19,NS,노상 주차장,1,시간제 주차장,,0,미연계중,1,Y,유료,N,야간 미개방,0900,2100,0900,2100,0900,2100,2026-04-07 13:41,N,무료,N,무료,0,1.11401E+12,340,5,340,5,0,0,0,0,0,37.55567325,126.9838367
1511592,소파길노상 공영주차장(시),중구 회현동1가 1-19,NS,노상 주차장,1,시간제 주차장,,0,미연계중,1,Y,유료,N,야간 미개방,0900,2100,0900,2100,0900,2100,2026-04-07 13:41,N,무료,N,무료,0,1.11401E+12,340,5,340,5,0,0,0,0,0,37.55583942,126.983835
1511592,소파길노상 공영주차장(시),중구 회현동1가 1-19,NS,노상 주차장,1,시간제 주차장,,0,미연계중,1,Y,유료,N,야간 미개방,0900,2100,0900,2100,0900,2100,2026-04-07 13:41,N,무료,N,무료,0,1.11401E+12,340,5,340,5,0,0,0,0,0,37.55581308,126.983833
1511592,소파길노상 공영주차장(시),중구 회현동1가 1-19,NS,노상 주차장,1,시간제 주차장,,0,미연계중,1,Y,유료,N,야간 미개방,0900,2100,0900,2100,0900,2100,2026-04-07 13:41,N,무료,N,무료,0,1.11401E+12,340,5,340,5,0,0,0,0,0,37.55592104,126.9838426
1511592,소파길노상 공영주차장(시),중구 회현동1가 1-19,NS,노상 주차장,1,시간제 주차장,,0,미연계중,1,Y,유료,N,야간 미개방,0900,2100,0900,2100,0900,2100,2026-04-07 13:41,N,무료,N,무료,0,1.11401E+12,340,5,340,5,0,0,0,0,0,37.55564592,126.9838363
1511639,국제화재빌딩 옆(구),중구 남대문로5가 145-0,NS,노상 주차장,1,시간제 주차장,02-2280-8360,0,미연계중,1,Y,유료,N,야간 미개방,0900,2000,0900,1600,0000,0000,2023-02-16 17:49,N,무료,Y,유료,250000,1.11401E+12,500,5,500,5,0,0,0,0,0,,
1511816,마른내길 공영주차장(시),중구 인현동1가 87-10,NS,노상 주차장,1,시간제 주차장,02-2274-2009,1,현재~20분이내 연계데이터 존재(현재 주차대수 표현),1,Y,유료,N,야간 미개방,0900,1900,0900,1500,0000,0000,2026-04-07 11:29,N,무료,Y,유료,0,1.11402E+12,680,5,680,5,0,0,0,0,0,37.56440034,126.9935754
1511816,마른내길 공영주차장(시),중구 인현동1가 87-10,NS,노상 주차장,1,시간제 주차장,02-2274-2009,1,현재~20분이내 연계데이터 존재(현재 주차대수 표현),1,Y,유료,N,야간 미개방,0900,1900,0900,1500,0000,0000,2026-04-07 11:29,N,무료,Y,유료,0,1.11402E+12,680,5,680,5,0,0,0,0,0,37.56435611,126.9945267
1511816,마른내길 공영주차장(시),중구 인현동1가 87-10,NS,노상 주차장,1,시간제 주차장,02-2274-2009,1,현재~20분이내 연계데이터 존재(현재 주차대수 표현),1,Y,유료,N,야간 미개방,0900,1900,0900,1500,0000,0000,2026-04-07 11:29,N,무료,Y,유료,0,1.11402E+12,680,5,680,5,0,0,0,0,0,37.56430117,126.996371
1511816,마른내길 공영주차장(시),중구 인현동1가 87-10,NS,노상 주차장,1,시간제 주차장,02-2274-2009,1,현재~20분이내 연계데이터 존재(현재 주차대수 표현),1,Y,유료,N,야간 미개방,0900,1900,0900,1500,0000,0000,2026-04-07 11:29,N,무료,Y,유료,0,1.11402E+12,680,5,680,5,0,0,0,0,0,37.56425887,126.9948035
1511816,마른내길 공영주차장(시),중구 인현동1가 87-10,NS,노상 주차장,1,시간제 주차장,02-2274-2009,1,현재~20분이내 연계데이터 존재(현재 주차대수 표현),1,Y,유료,N,야간 미개방,0900,1900,0900,1500,0000,0000,2026-04-07 11:29,N,무료,Y,유료,0,1.11402E+12,680,5,680,5,0,0,0,0,0,37.56437415,126.9977828
1511816,마른내길 공영주차장(시),중구 인현동1가 87-10,NS,노상 주차장,1,시간제 주차장,02-2274-2009,1,현재~20분이내 연계데이터 존재(현재 주차대수 표현),1,Y,유료,N,야간 미개방,0900,1900,0900,1500,0000,0000,2026-04-07 11:29,N,무료,Y,유료,0,1.11402E+12,680,5,680,5,0,0,0,0,0,37.56436177,126.9943983
1511816,마른내길 공영주차장(시),중구 인현동1가 87-10,NS,노상 주차장,1,시간제 주차장,02-2274-2009,1,현재~20분이내 연계데이터 존재(현재 주차대수 표현),1,Y,유료,N,야간 미개방,0900,1900,0900,1500,0000,0000,2026-04-07 11:29,N,무료,Y,유료,0,1.11402E+12,680,5,680,5,0,0,0,0,0,37.56430391,126.9964352
1511816,마른내길 공영주차장(시),중구 인현동1가 87-10,NS,노상 주차장,1,시간제 주차장,02-2274-2009,1,현재~20분이내 연계데이터 존재(현재 주차대수 표현),1,Y,유료,N,야간 미개방,0900,1900,0900,1500,0000,0000,2026-04-07 11:29,N,무료,Y,유료,0,1.11402E+12,680,5,680,5,0,0,0,0,0,37.56431487,126.996692
1511816,마른내길 공영주차장(시),중구 인현동1가 87-10,NS,노상 주차장,1,시간제 주차장,02-2274-2009,1,현재~20분이내 연계데이터 존재(현재 주차대수 표현),1,Y,유료,N,야간 미개방,0900,1900,0900,1500,0000,0000,2026-04-07 11:29,N,무료,Y,유료,0,1.11402E+12,680,5,680,5,0,0,0,0,0,37.5642708,126.9945749
1511816,마른내길 공영주차장(시),중구 인현동1가 87-10,NS,노상 주차장,1,시간제 주차장,02-2274-2009,1,현재~20분이내 연계데이터 존재(현재 주차대수 표현),1,Y,유료,N,야간 미개방,0900,1900,0900,1500,0000,0000,2026-04-07 11:29,N,무료,Y,유료,0,1.11402E+12,680,5,680,5,0,0,0,0,0,37.5642402,126.9951233
1511816,마른내길 공영주차장(시),중구 인현동1가 87-10,NS,노상 주차장,1,시간제 주차장,02-2274-2009,1,현재~20분이내 연계데이터 존재(현재 주차대수 표현),1,Y,유료,N,야간 미개방,0900,1900,0900,1500,0000,0000,2026-04-07 11:29,N,무료,Y,유료,0,1.11402E+12,680,5,680,5,0,0,0,0,0,37.56430939,126.9965636
1511816,마른내길 공영주차장(시),중구 인현동1가 87-10,NS,노상 주차장,1,시간제 주차장,02-2274-2009,1,현재~20분이내 연계데이터 존재(현재 주차대수 표현),1,Y,유료,N,야간 미개방,0900,1900,0900,1500,0000,0000,2026-04-07 11:29,N,무료,Y,유료,0,1.11402E+12,680,5,680,5,0,0,0,0,0,37.56438964,126.9937674
1511816,마른내길 공영주차장(시),중구 인현동1가 87-10,NS,노상 주차장,1,시간제 주차장,02-2274-2009,1,현재~20분이내 연계데이터 존재(현재 주차대수 표현),1,Y,유료,N,야간 미개방,0900,1900,0900,1500,0000,0000,2026-04-07 11:29,N,무료,Y,유료,0,1.11402E+12,680,5,680,5,0,0,0,0,0,37.56425589,126.9948678
1511816,마른내길 공영주차장(시),중구 인현동1가 87-10,NS,노상 주차장,1,시간제 주차장,02-2274-2009,1,현재~20분이내 연계데이터 존재(현재 주차대수 표현),1,Y,유료,N,야간 미개방,0900,1900,0900,1500,0000,0000,2026-04-07 11:29,N,무료,Y,유료,0,1.11402E+12,680,5,680,5,0,0,0,0,0,37.56431447,126.9937159
1511816,마른내길 공영주차장(시),중구 인현동1가 87-10,NS,노상 주차장,1,시간제 주차장,02-2274-2009,1,현재~20분이내 연계데이터 존재(현재 주차대수 표현),1,Y,유료,N,야간 미개방,0900,1900,0900,1500,0000,0000,2026-04-07 11:29,N,무료,Y,유료,0,1.11402E+12,680,5,680,5,0,0,0,0,0,37.56437669,126.9978471
1511816,마른내길 공영주차장(시),중구 인현동1가 87-10,NS,노상 주차장,1,시간제 주차장,02-2274-2009,1,현재~20분이내 연계데이터 존재(현재 주차대수 표현),1,Y,유료,N,야간 미개방,0900,1900,0900,1500,0000,0000,2026-04-07 11:29,N,무료,Y,유료,0,1.11402E+12,680,5,680,5,0,0,0,0,0,37.56434052,126.9948736
1511816,마른내길 공영주차장(시),중구 인현동1가 87-10,NS,노상 주차장,1,시간제 주차장,02-2274-2009,1,현재~20분이내 연계데이터 존재(현재 주차대수 표현),1,Y,유료,N,야간 미개방,0900,1900,0900,1500,0000,0000,2026-04-07 11:29,N,무료,Y,유료,0,1.11402E+12,680,5,680,5,0,0,0,0,0,37.56439314,126.9937035
1511816,마른내길 공영주차장(시),중구 인현동1가 87-10,NS,노상 주차장,1,시간제 주차장,02-2274-2009,1,현재~20분이내 연계데이터 존재(현재 주차대수 표현),1,Y,유료,N,야간 미개방,0900,1900,0900,1500,0000,0000,2026-04-07 11:29,N,무료,Y,유료,0,1.11402E+12,680,5,680,5,0,0,0,0,0,37.56427378,126.9945106
1511816,마른내길 공영주차장(시),중구 인현동1가 87-10,NS,노상 주차장,1,시간제 주차장,02-2274-2009,1,현재~20분이내 연계데이터 존재(현재 주차대수 표현),1,Y,유료,N,야간 미개방,0900,1900,0900,1500,0000,0000,2026-04-07 11:29,N,무료,Y,유료,0,1.11402E+12,680,5,680,5,0,0,0,0,0,37.56431098,126.9937798
1511816,마른내길 공영주차장(시),중구 인현동1가 87-10,NS,노상 주차장,1,시간제 주차장,02-2274-2009,1,현재~20분이내 연계데이터 존재(현재 주차대수 표현),1,Y,유료,N,야간 미개방,0900,1900,0900,1500,0000,0000,2026-04-07 11:29,N,무료,Y,유료,0,1.11402E+12,680,5,680,5,0,0,0,0,0,37.56433754,126.9949379
1511816,마른내길 공영주차장(시),중구 인현동1가 87-10,NS,노상 주차장,1,시간제 주차장,02-2274-2009,1,현재~20분이내 연계데이터 존재(현재 주차대수 표현),1,Y,유료,N,야간 미개방,0900,1900,0900,1500,0000,0000,2026-04-07 11:29,N,무료,Y,유료,0,1.11402E+12,680,5,680,5,0,0,0,0,0,37.56432709,126.9934648
1511816,마른내길 공영주차장(시),중구 인현동1가 87-10,NS,노상 주차장,1,시간제 주차장,02-2274-2009,1,현재~20분이내 연계데이터 존재(현재 주차대수 표현),1,Y,유료,N,야간 미개방,0900,1900,0900,1500,0000,0000,2026-04-07 11:29,N,무료,Y,유료,0,1.11402E+12,680,5,680,5,0,0,0,0,0,37.56438589,126.9938317
1511816,마른내길 공영주차장(시),중구 인현동1가 87-10,NS,노상 주차장,1,시간제 주차장,02-2274-2009,1,현재~20분이내 연계데이터 존재(현재 주차대수 표현),1,Y,유료,N,야간 미개방,0900,1900,0900,1500,0000,0000,2026-04-07 11:29,N,무료,Y,유료,0,1.11402E+12,680,5,680,5,0,0,0,0,0,37.56433412,126.9933363
1511816,마른내길 공영주차장(시),중구 인현동1가 87-10,NS,노상 주차장,1,시간제 주차장,02-2274-2009,1,현재~20분이내 연계데이터 존재(현재 주차대수 표현),1,Y,유료,N,야간 미개방,0900,1900,0900,1500,0000,0000,2026-04-07 11:29,N,무료,Y,유료,0,1.11402E+12,680,5,680,5,0,0,0,0,0,37.56426185,126.9947392
1511816,마른내길 공영주차장(시),중구 인현동1가 87-10,NS,노상 주차장,1,시간제 주차장,02-2274-2009,1,현재~20분이내 연계데이터 존재(현재 주차대수 표현),1,Y,유료,N,야간 미개방,0900,1900,0900,1500,0000,0000,2026-04-07 11:29,N,무료,Y,유료,0,1.11402E+12,680,5,680,5,0,0,0,0,0,37.56430723,126.9938441
1511816,마른내길 공영주차장(시),중구 인현동1가 87-10,NS,노상 주차장,1,시간제 주차장,02-2274-2009,1,현재~20분이내 연계데이터 존재(현재 주차대수 표현),1,Y,유료,N,야간 미개방,0900,1900,0900,1500,0000,0000,2026-04-07 11:29,N,무료,Y,유료,0,1.11402E+12,680,5,680,5,0,0,0,0,0,37.564351,126.9946572
1511816,마른내길 공영주차장(시),중구 인현동1가 87-10,NS,노상 주차장,1,시간제 주차장,02-2274-2009,1,현재~20분이내 연계데이터 존재(현재 주차대수 표현),1,Y,유료,N,야간 미개방,0900,1900,0900,1500,0000,0000,2026-04-07 11:29,N,무료,Y,유료,0,1.11402E+12,680,5,680,5,0,0,0,0,0,37.56435879,126.9944627
1511816,마른내길 공영주차장(시),중구 인현동1가 87-10,NS,노상 주차장,1,시간제 주차장,02-2274-2009,1,현재~20분이내 연계데이터 존재(현재 주차대수 표현),1,Y,유료,N,야간 미개방,0900,1900,0900,1500,0000,0000,2026-04-07 11:29,N,무료,Y,유료,0,1.11402E+12,680,5,680,5,0,0,0,0,0,37.56430665,126.9964994
1511816,마른내길 공영주차장(시),중구 인현동1가 87-10,NS,노상 주차장,1,시간제 주차장,02-2274-2009,1,현재~20분이내 연계데이터 존재(현재 주차대수 표현),1,Y,유료,N,야간 미개방,0900,1900,0900,1500,0000,0000,2026-04-07 11:29,N,무료,Y,유료,0,1.11402E+12,680,5,680,5,0,0,0,0,0,37.56431213,126.9966278
1511816,마른내길 공영주차장(시),중구 인현동1가 87-10,NS,노상 주차장,1,시간제 주차장,02-2274-2009,1,현재~20분이내 연계데이터 존재(현재 주차대수 표현),1,Y,유료,N,야간 미개방,0900,1900,0900,1500,0000,0000,2026-04-07 11:29,N,무료,Y,유료,0,1.11402E+12,680,5,680,5,0,0,0,0,0,37.56439659,126.9936396
1511816,마른내길 공영주차장(시),중구 인현동1가 87-10,NS,노상 주차장,1,시간제 주차장,02-2274-2009,1,현재~20분이내 연계데이터 존재(현재 주차대수 표현),1,Y,유료,N,야간 미개방,0900,1900,0900,1500,0000,0000,2026-04-07 11:29,N,무료,Y,유료,0,1.11402E+12,680,5,680,5,0,0,0,0,0,37.56433766,126.993271
1511816,마른내길 공영주차장(시),중구 인현동1가 87-10,NS,노상 주차장,1,시간제 주차장,02-2274-2009,1,현재~20분이내 연계데이터 존재(현재 주차대수 표현),1,Y,유료,N,야간 미개방,0900,1900,0900,1500,0000,0000,2026-04-07 11:29,N,무료,Y,유료,0,1.11402E+12,680,5,680,5,0,0,0,0,0,37.56435338,126.9945906
1511816,마른내길 공영주차장(시),중구 인현동1가 87-10,NS,노상 주차장,1,시간제 주차장,02-2274-2009,1,현재~20분이내 연계데이터 존재(현재 주차대수 표현),1,Y,유료,N,야간 미개방,0900,1900,0900,1500,0000,0000,2026-04-07 11:29,N,무료,Y,유료,0,1.11402E+12,680,5,680,5,0,0,0,0,0,37.56433062,126.9934002
1511971,남산파출소 공영주차장(시),중구 회현동1가 1-16,NS,노상 주차장,1,시간제 주차장,,0,미연계중,1,Y,유료,N,야간 미개방,0900,1900,0900,1500,0000,0000,2026-04-07 13:42,N,무료,Y,유료,,1.11401E+12,340,5,340,5,0,0,0,0,,37.55482813,126.9820832
1511971,남산파출소 공영주차장(시),중구 회현동1가 1-16,NS,노상 주차장,1,시간제 주차장,,0,미연계중,1,Y,유료,N,야간 미개방,0900,1900,0900,1500,0000,0000,2026-04-07 13:42,N,무료,Y,유료,,1.11401E+12,340,5,340,5,0,0,0,0,,37.55484972,126.9820248
1511971,남산파출소 공영주차장(시),중구 회현동1가 1-16,NS,노상 주차장,1,시간제 주차장,,0,미연계중,1,Y,유료,N,야간 미개방,0900,1900,0900,1500,0000,0000,2026-04-07 13:42,N,무료,Y,유료,,1.11401E+12,340,5,340,5,0,0,0,0,,37.55486044,126.9819955
1511971,남산파출소 공영주차장(시),중구 회현동1가 1-16,NS,노상 주차장,1,시간제 주차장,,0,미연계중,1,Y,유료,N,야간 미개방,0900,1900,0900,1500,0000,0000,2026-04-07 13:42,N,무료,Y,유료,,1.11401E+12,340,5,340,5,0,0,0,0,,37.55493529,126.9817913
1511971,남산파출소 공영주차장(시),중구 회현동1가 1-16,NS,노상 주차장,1,시간제 주차장,,0,미연계중,1,Y,유료,N,야간 미개방,0900,1900,0900,1500,0000,0000,2026-04-07 13:42,N,무료,Y,유료,,1.11401E+12,340,5,340,5,0,0,0,0,,37.55490333,126.9818787
1511971,남산파출소 공영주차장(시),중구 회현동1가 1-16,NS,노상 주차장,1,시간제 주차장,,0,미연계중,1,Y,유료,N,야간 미개방,0900,1900,0900,1500,0000,0000,2026-04-07 13:42,N,무료,Y,유료,,1.11401E+12,340,5,340,5,0,0,0,0,,37.55495673,126.9817329
1511971,남산파출소 공영주차장(시),중구 회현동1가 1-16,NS,노상 주차장,1,시간제 주차장,,0,미연계중,1,Y,유료,N,야간 미개방,0900,1900,0900,1500,0000,0000,2026-04-07 13:42,N,무료,Y,유료,,1.11401E+12,340,5,340,5,0,0,0,0,,37.55487116,126.9819664
1511971,남산파출소 공영주차장(시),중구 회현동1가 1-16,NS,노상 주차장,1,시간제 주차장,,0,미연계중,1,Y,유료,N,야간 미개방,0900,1900,0900,1500,0000,0000,2026-04-07 13:42,N,무료,Y,유료,,1.11401E+12,340,5,340,5,0,0,0,0,,37.55483885,126.9820539
1511971,남산파출소 공영주차장(시),중구 회현동1가 1-16,NS,노상 주차장,1,시간제 주차장,,0,미연계중,1,Y,유료,N,야간 미개방,0900,1900,0900,1500,0000,0000,2026-04-07 13:42,N,무료,Y,유료,,1.11401E+12,340,5,340,5,0,0,0,0,,37.55491405,126.9818496
1511971,남산파출소 공영주차장(시),중구 회현동1가 1-16,NS,노상 주차장,1,시간제 주차장,,0,미연계중,1,Y,유료,N,야간 미개방,0900,1900,0900,1500,0000,0000,2026-04-07 13:42,N,무료,Y,유료,,1.11401E+12,340,5,340,5,0,0,0,0,,37.55494601,126.9817622
1511971,남산파출소 공영주차장(시),중구 회현동1가 1-16,NS,노상 주차장,1,시간제 주차장,,0,미연계중,1,Y,유료,N,야간 미개방,0900,1900,0900,1500,0000,0000,2026-04-07 13:42,N,무료,Y,유료,,1.11401E+12,340,5,340,5,0,0,0,0,,37.55488189,126.9819371
1511971,남산파출소 공영주차장(시),중구 회현동1가 1-16,NS,노상 주차장,1,시간제 주차장,,0,미연계중,1,Y,유료,N,야간 미개방,0900,1900,0900,1500,0000,0000,2026-04-07 13:42,N,무료,Y,유료,,1.11401E+12,340,5,340,5,0,0,0,0,,37.55489261,126.981908
1511971,남산파출소 공영주차장(시),중구 회현동1가 1-16,NS,노상 주차장,1,시간제 주차장,,0,미연계중,1,Y,유료,N,야간 미개방,0900,1900,0900,1500,0000,0000,2026-04-07 13:42,N,무료,Y,유료,,1.11401E+12,340,5,340,5,0,0,0,0,,37.55492478,126.9818203
1512008,남대문피혁상가 남측(구),중구 봉래동1가 83-0,NS,노상 주차장,1,시간제 주차장,02-2280-8360,0,미연계중,1,Y,유료,N,야간 미개방,0900,2000,0900,1600,0000,0000,2023-02-16 17:43,N,무료,Y,유료,250000,1.11401E+12,500,5,500,5,0,0,0,0,,,
1512095,남산공원 소파로 관광버스전용 주차장(시),중구 남창동 205-107,NS,노상 주차장,4,버스전용 주차장,02-2290-6449,1,현재~20분이내 연계데이터 존재(현재 주차대수 표현),1,N,무료,N,야간 미개방,0000,0000,0000,0000,0000,0000,2026-04-07 13:34,Y,유료,Y,유료,0,1.11401E+12,0,0,0,0,0,0,0,0,0,37.55604371,126.9778484
1512095,남산공원 소파로 관광버스전용 주차장(시),중구 남창동 205-107,NS,노상 주차장,4,버스전용 주차장,02-2290-6449,1,현재~20분이내 연계데이터 존재(현재 주차대수 표현),1,N,무료,N,야간 미개방,0000,0000,0000,0000,0000,0000,2026-04-07 13:34,Y,유료,Y,유료,0,1.11401E+12,0,0,0,0,0,0,0,0,0,37.55605482,126.9791448
1512095,남산공원 소파로 관광버스전용 주차장(시),중구 남창동 205-107,NS,노상 주차장,4,버스전용 주차장,02-2290-6449,1,현재~20분이내 연계데이터 존재(현재 주차대수 표현),1,N,무료,N,야간 미개방,0000,0000,0000,0000,0000,0000,2026-04-07 13:34,Y,유료,Y,유료,0,1.11401E+12,0,0,0,0,0,0,0,0,0,37.55553088,126.9801437
1512095,남산공원 소파로 관광버스전용 주차장(시),중구 남창동 205-107,NS,노상 주차장,4,버스전용 주차장,02-2290-6449,1,현재~20분이내 연계데이터 존재(현재 주차대수 표현),1,N,무료,N,야간 미개방,0000,0000,0000,0000,0000,0000,2026-04-07 13:34,Y,유료,Y,유료,0,1.11401E+12,0,0,0,0,0,0,0,0,0,37.55608213,126.9782047
1512095,남산공원 소파로 관광버스전용 주차장(시),중구 남창동 205-107,NS,노상 주차장,4,버스전용 주차장,02-2290-6449,1,현재~20분이내 연계데이터 존재(현재 주차대수 표현),1,N,무료,N,야간 미개방,0000,0000,0000,0000,0000,0000,2026-04-07 13:34,Y,유료,Y,유료,0,1.11401E+12,0,0,0,0,0,0,0,0,0,37.5560562,126.9779668
1512095,남산공원 소파로 관광버스전용 주차장(시),중구 남창동 205-107,NS,노상 주차장,4,버스전용 주차장,02-2290-6449,1,현재~20분이내 연계데이터 존재(현재 주차대수 표현),1,N,무료,N,야간 미개방,0000,0000,0000,0000,0000,0000,2026-04-07 13:34,Y,유료,Y,유료,0,1.11401E+12,0,0,0,0,0,0,0,0,0,37.55610802,126.9784432
1512095,남산공원 소파로 관광버스전용 주차장(시),중구 남창동 205-107,NS,노상 주차장,4,버스전용 주차장,02-2290-6449,1,현재~20분이내 연계데이터 존재(현재 주차대수 표현),1,N,무료,N,야간 미개방,0000,0000,0000,0000,0000,0000,2026-04-07 13:34,Y,유료,Y,유료,0,1.11401E+12,0,0,0,0,0,0,0,0,0,37.55611823,126.9785627
1512095,남산공원 소파로 관광버스전용 주차장(시),중구 남창동 205-107,NS,노상 주차장,4,버스전용 주차장,02-2290-6449,1,현재~20분이내 연계데이터 존재(현재 주차대수 표현),1,N,무료,N,야간 미개방,0000,0000,0000,0000,0000,0000,2026-04-07 13:34,Y,유료,Y,유료,0,1.11401E+12,0,0,0,0,0,0,0,0,0,37.55612835,126.9789236
1512095,남산공원 소파로 관광버스전용 주차장(시),중구 남창동 205-107,NS,노상 주차장,4,버스전용 주차장,02-2290-6449,1,현재~20분이내 연계데이터 존재(현재 주차대수 표현),1,N,무료,N,야간 미개방,0000,0000,0000,0000,0000,0000,2026-04-07 13:34,Y,유료,Y,유료,0,1.11401E+12,0,0,0,0,0,0,0,0,0,37.55563606,126.9799446
1512095,남산공원 소파로 관광버스전용 주차장(시),중구 남창동 205-107,NS,노상 주차장,4,버스전용 주차장,02-2290-6449,1,현재~20분이내 연계데이터 존재(현재 주차대수 표현),1,N,무료,N,야간 미개방,0000,0000,0000,0000,0000,0000,2026-04-07 13:34,Y,유료,Y,유료,0,1.11401E+12,0,0,0,0,0,0,0,0,0,37.55609507,126.9783239
1512095,남산공원 소파로 관광버스전용 주차장(시),중구 남창동 205-107,NS,노상 주차장,4,버스전용 주차장,02-2290-6449,1,현재~20분이내 연계데이터 존재(현재 주차대수 표현),1,N,무료,N,야간 미개방,0000,0000,0000,0000,0000,0000,2026-04-07 13:34,Y,유료,Y,유료,0,1.11401E+12,0,0,0,0,0,0,0,0,0,37.5557413,126.9797459
1512095,남산공원 소파로 관광버스전용 주차장(시),중구 남창동 205-107,NS,노상 주차장,4,버스전용 주차장,02-2290-6449,1,현재~20분이내 연계데이터 존재(현재 주차대수 표현),1,N,무료,N,야간 미개방,0000,0000,0000,0000,0000,0000,2026-04-07 13:34,Y,유료,Y,유료,0,1.11401E+12,0,0,0,0,0,0,0,0,0,37.55579383,126.9796461
1512095,남산공원 소파로 관광버스전용 주차장(시),중구 남창동 205-107,NS,노상 주차장,4,버스전용 주차장,02-2290-6449,1,현재~20분이내 연계데이터 존재(현재 주차대수 표현),1,N,무료,N,야간 미개방,0000,0000,0000,0000,0000,0000,2026-04-07 13:34,Y,유료,Y,유료,0,1.11401E+12,0,0,0,0,0,0,0,0,0,37.55595263,126.9793472
1512095,남산공원 소파로 관광버스전용 주차장(시),중구 남창동 205-107,NS,노상 주차장,4,버스전용 주차장,02-2290-6449,1,현재~20분이내 연계데이터 존재(현재 주차대수 표현),1,N,무료,N,야간 미개방,0000,0000,0000,0000,0000,0000,2026-04-07 13:34,Y,유료,Y,유료,0,1.11401E+12,0,0,0,0,0,0,0,0,0,37.55568869,126.979845
1512095,남산공원 소파로 관광버스전용 주차장(시),중구 남창동 205-107,NS,노상 주차장,4,버스전용 주차장,02-2290-6449,1,현재~20분이내 연계데이터 존재(현재 주차대수 표현),1,N,무료,N,야간 미개방,0000,0000,0000,0000,0000,0000,2026-04-07 13:34,Y,유료,Y,유료,0,1.11401E+12,0,0,0,0,0,0,0,0,0,37.55612453,126.9786823
1512095,남산공원 소파로 관광버스전용 주차장(시),중구 남창동 205-107,NS,노상 주차장,4,버스전용 주차장,02-2290-6449,1,현재~20분이내 연계데이터 존재(현재 주차대수 표현),1,N,무료,N,야간 미개방,0000,0000,0000,0000,0000,0000,2026-04-07 13:34,Y,유료,Y,유료,0,1.11401E+12,0,0,0,0,0,0,0,0,0,37.55613113,126.9788015
1512095,남산공원 소파로 관광버스전용 주차장(시),중구 남창동 205-107,NS,노상 주차장,4,버스전용 주차장,02-2290-6449,1,현재~20분이내 연계데이터 존재(현재 주차대수 표현),1,N,무료,N,야간 미개방,0000,0000,0000,0000,0000,0000,2026-04-07 13:34,Y,유료,Y,유료,0,1.11401E+12,0,0,0,0,0,0,0,0,0,37.5558474,126.9795458
1512095,남산공원 소파로 관광버스전용 주차장(시),중구 남창동 205-107,NS,노상 주차장,4,버스전용 주차장,02-2290-6449,1,현재~20분이내 연계데이터 존재(현재 주차대수 표현),1,N,무료,N,야간 미개방,0000,0000,0000,0000,0000,0000,2026-04-07 13:34,Y,유료,Y,유료,0,1.11401E+12,0,0,0,0,0,0,0,0,0,37.55558354,126.9800439
1512095,남산공원 소파로 관광버스전용 주차장(시),중구 남창동 205-107,NS,노상 주차장,4,버스전용 주차장,02-2290-6449,1,현재~20분이내 연계데이터 존재(현재 주차대수 표현),1,N,무료,N,야간 미개방,0000,0000,0000,0000,0000,0000,2026-04-07 13:34,Y,유료,Y,유료,0,1.11401E+12,0,0,0,0,0,0,0,0,0,37.5560995,126.9790399
1512095,남산공원 소파로 관광버스전용 주차장(시),중구 남창동 205-107,NS,노상 주차장,4,버스전용 주차장,02-2290-6449,1,현재~20분이내 연계데이터 존재(현재 주차대수 표현),1,N,무료,N,야간 미개방,0000,0000,0000,0000,0000,0000,2026-04-07 13:34,Y,유료,Y,유료,0,1.11401E+12,0,0,0,0,0,0,0,0,0,37.55600591,126.979248
1512095,남산공원 소파로 관광버스전용 주차장(시),중구 남창동 205-107,NS,노상 주차장,4,버스전용 주차장,02-2290-6449,1,현재~20분이내 연계데이터 존재(현재 주차대수 표현),1,N,무료,N,야간 미개방,0000,0000,0000,0000,0000,0000,2026-04-07 13:34,Y,유료,Y,유료,0,1.11401E+12,0,0,0,0,0,0,0,0,0,37.55589989,126.9794466
1512125,청계8가 공영주차장(시),중구 흥인동 162-1 0,NS,노상 주차장,1,시간제 주차장,,1,현재~20분이내 연계데이터 존재(현재 주차대수 표현),1,Y,유료,N,야간 미개방,0900,1900,0900,1500,0000,0000,2026-04-07 11:40,N,무료,Y,유료,0,1.11402E+12,500,5,500,5,0,0,0,0,0,37.56992275,127.0170551
1512125,청계8가 공영주차장(시),중구 흥인동 162-1 0,NS,노상 주차장,1,시간제 주차장,,1,현재~20분이내 연계데이터 존재(현재 주차대수 표현),1,Y,유료,N,야간 미개방,0900,1900,0900,1500,0000,0000,2026-04-07 11:40,N,무료,Y,유료,0,1.11402E+12,500,5,500,5,0,0,0,0,0,37.56998551,127.0172362
1512125,청계8가 공영주차장(시),중구 흥인동 162-1 0,NS,노상 주차장,1,시간제 주차장,,1,현재~20분이내 연계데이터 존재(현재 주차대수 표현),1,Y,유료,N,야간 미개방,0900,1900,0900,1500,0000,0000,2026-04-07 11:40,N,무료,Y,유료,0,1.11402E+12,500,5,500,5,0,0,0,0,0,37.56996584,127.0171752
1512125,청계8가 공영주차장(시),중구 흥인동 162-1 0,NS,노상 주차장,1,시간제 주차장,,1,현재~20분이내 연계데이터 존재(현재 주차대수 표현),1,Y,유료,N,야간 미개방,0900,1900,0900,1500,0000,0000,2026-04-07 11:40,N,무료,Y,유료,0,1.11402E+12,500,5,500,5,0,0,0,0,0,37.57002852,127.0173572
1512125,청계8가 공영주차장(시),중구 흥인동 162-1 0,NS,노상 주차장,1,시간제 주차장,,1,현재~20분이내 연계데이터 존재(현재 주차대수 표현),1,Y,유료,N,야간 미개방,0900,1900,0900,1500,0000,0000,2026-04-07 11:40,N,무료,Y,유료,0,1.11402E+12,500,5,500,5,0,0,0,0,0,37.56988145,127.0169319
1512125,청계8가 공영주차장(시),중구 흥인동 162-1 0,NS,노상 주차장,1,시간제 주차장,,1,현재~20분이내 연계데이터 존재(현재 주차대수 표현),1,Y,유료,N,야간 미개방,0900,1900,0900,1500,0000,0000,2026-04-07 11:40,N,무료,Y,유료,0,1.11402E+12,500,5,500,5,0,0,0,0,0,37.5699437,127.0171158
1512125,청계8가 공영주차장(시),중구 흥인동 162-1 0,NS,노상 주차장,1,시간제 주차장,,1,현재~20분이내 연계데이터 존재(현재 주차대수 표현),1,Y,유료,N,야간 미개방,0900,1900,0900,1500,0000,0000,2026-04-07 11:40,N,무료,Y,유료,0,1.11402E+12,500,5,500,5,0,0,0,0,0,37.56986254,127.0168696
1512125,청계8가 공영주차장(시),중구 흥인동 162-1 0,NS,노상 주차장,1,시간제 주차장,,1,현재~20분이내 연계데이터 존재(현재 주차대수 표현),1,Y,유료,N,야간 미개방,0900,1900,0900,1500,0000,0000,2026-04-07 11:40,N,무료,Y,유료,0,1.11402E+12,500,5,500,5,0,0,0,0,0,37.56990167,127.016994
1512125,청계8가 공영주차장(시),중구 흥인동 162-1 0,NS,노상 주차장,1,시간제 주차장,,1,현재~20분이내 연계데이터 존재(현재 주차대수 표현),1,Y,유료,N,야간 미개방,0900,1900,0900,1500,0000,0000,2026-04-07 11:40,N,무료,Y,유료,0,1.11402E+12,500,5,500,5,0,0,0,0,0,37.57000613,127.0172976
1512129,청계3(동호로) 공영주차장(시),중구 방산동 4-47 0,NS,노상 주차장,1,시간제 주차장,,1,현재~20분이내 연계데이터 존재(현재 주차대수 표현),1,Y,유료,N,야간 미개방,0900,1900,0900,1500,0000,0000,2026-04-07 13:44,N,무료,Y,유료,0,1.11402E+12,750,5,750,5,0,0,0,0,0,37.56888658,127.0019806
1512129,청계3(동호로) 공영주차장(시),중구 방산동 4-47 0,NS,노상 주차장,1,시간제 주차장,,1,현재~20분이내 연계데이터 존재(현재 주차대수 표현),1,Y,유료,N,야간 미개방,0900,1900,0900,1500,0000,0000,2026-04-07 13:44,N,무료,Y,유료,0,1.11402E+12,750,5,750,5,0,0,0,0,0,37.5686183,127.0020013
1512129,청계3(동호로) 공영주차장(시),중구 방산동 4-47 0,NS,노상 주차장,1,시간제 주차장,,1,현재~20분이내 연계데이터 존재(현재 주차대수 표현),1,Y,유료,N,야간 미개방,0900,1900,0900,1500,0000,0000,2026-04-07 13:44,N,무료,Y,유료,0,1.11402E+12,750,5,750,5,0,0,0,0,0,37.56916478,127.0019567
1512129,청계3(동호로) 공영주차장(시),중구 방산동 4-47 0,NS,노상 주차장,1,시간제 주차장,,1,현재~20분이내 연계데이터 존재(현재 주차대수 표현),1,Y,유료,N,야간 미개방,0900,1900,0900,1500,0000,0000,2026-04-07 13:44,N,무료,Y,유료,0,1.11402E+12,750,5,750,5,0,0,0,0,0,37.56883289,127.0019846
1512129,청계3(동호로) 공영주차장(시),중구 방산동 4-47 0,NS,노상 주차장,1,시간제 주차장,,1,현재~20분이내 연계데이터 존재(현재 주차대수 표현),1,Y,유료,N,야간 미개방,0900,1900,0900,1500,0000,0000,2026-04-07 13:44,N,무료,Y,유료,0,1.11402E+12,750,5,750,5,0,0,0,0,0,37.56877926,127.001989
1512129,청계3(동호로) 공영주차장(시),중구 방산동 4-47 0,NS,노상 주차장,1,시간제 주차장,,1,현재~20분이내 연계데이터 존재(현재 주차대수 표현),1,Y,유료,N,야간 미개방,0900,1900,0900,1500,0000,0000,2026-04-07 13:44,N,무료,Y,유료,0,1.11402E+12,750,5,750,5,0,0,0,0,0,37.56872567,127.0019932
1512129,청계3(동호로) 공영주차장(시),중구 방산동 4-47 0,NS,노상 주차장,1,시간제 주차장,,1,현재~20분이내 연계데이터 존재(현재 주차대수 표현),1,Y,유료,N,야간 미개방,0900,1900,0900,1500,0000,0000,2026-04-07 13:44,N,무료,Y,유료,0,1.11402E+12,750,5,750,5,0,0,0,0,0,37.56851102,127.0020096
1512129,청계3(동호로) 공영주차장(시),중구 방산동 4-47 0,NS,노상 주차장,1,시간제 주차장,,1,현재~20분이내 연계데이터 존재(현재 주차대수 표현),1,Y,유료,N,야간 미개방,0900,1900,0900,1500,0000,0000,2026-04-07 13:44,N,무료,Y,유료,0,1.11402E+12,750,5,750,5,0,0,0,0,0,37.56828861,127.0020265
1512129,청계3(동호로) 공영주차장(시),중구 방산동 4-47 0,NS,노상 주차장,1,시간제 주차장,,1,현재~20분이내 연계데이터 존재(현재 주차대수 표현),1,Y,유료,N,야간 미개방,0900,1900,0900,1500,0000,0000,2026-04-07 13:44,N,무료,Y,유료,0,1.11402E+12,750,5,750,5,0,0,0,0,0,37.56856471,127.0020055
1512129,청계3(동호로) 공영주차장(시),중구 방산동 4-47 0,NS,노상 주차장,1,시간제 주차장,,1,현재~20분이내 연계데이터 존재(현재 주차대수 표현),1,Y,유료,N,야간 미개방,0900,1900,0900,1500,0000,0000,2026-04-07 13:44,N,무료,Y,유료,0,1.11402E+12,750,5,750,5,0,0,0,0,0,37.56823502,127.0020307
1512129,청계3(동호로) 공영주차장(시),중구 방산동 4-47 0,NS,노상 주차장,1,시간제 주차장,,1,현재~20분이내 연계데이터 존재(현재 주차대수 표현),1,Y,유료,N,야간 미개방,0900,1900,0900,1500,0000,0000,2026-04-07 13:44,N,무료,Y,유료,0,1.11402E+12,750,5,750,5,0,0,0,0,0,37.56867198,127.0019972
1512129,청계3(동호로) 공영주차장(시),중구 방산동 4-47 0,NS,노상 주차장,1,시간제 주차장,,1,현재~20분이내 연계데이터 존재(현재 주차대수 표현),1,Y,유료,N,야간 미개방,0900,1900,0900,1500,0000,0000,2026-04-07 13:44,N,무료,Y,유료,0,1.11402E+12,750,5,750,5,0,0,0,0,0,37.56921838,127.0019525
1512147,뉴국제호텔 앞(구),중구 무교동 18-0,NS,노상 주차장,1,시간제 주차장,02-2280-8360,0,미연계중,1,Y,유료,N,야간 미개방,0900,2100,0900,1800,0000,0000,2024-08-02 17:37,N,무료,Y,유료,250000,1.11401E+12,600,5,600,5,0,0,0,0,0,,
1512161,소파로케이블카앞 관광버스전용 주차장(시),중구 회현동1가 1-15,NS,노상 주차장,4,버스전용 주차장,02-2290-6449,1,현재~20분이내 연계데이터 존재(현재 주차대수 표현),1,N,무료,N,야간 미개방,0000,0000,0000,0000,0000,0000,2026-04-07 13:36,Y,유료,Y,유료,0,1.11401E+12,0,0,0,0,0,0,0,0,0,37.55519966,126.9837428
1512161,소파로케이블카앞 관광버스전용 주차장(시),중구 회현동1가 1-15,NS,노상 주차장,4,버스전용 주차장,02-2290-6449,1,현재~20분이내 연계데이터 존재(현재 주차대수 표현),1,N,무료,N,야간 미개방,0000,0000,0000,0000,0000,0000,2026-04-07 13:36,Y,유료,Y,유료,0,1.11401E+12,0,0,0,0,0,0,0,0,0,37.5551304,126.9836902
1512225,진양상가노상공영주차장(구),중구 인현동2가 181-0 0,NS,노상 주차장,1,시간제 주차장,02)2280-8367,0,미연계중,1,Y,유료,N,야간 미개방,0900,1900,0900,500,0000,0000,2019-06-10 10:29,N,무료,Y,유료,250000,1.11401E+12,500,5,500,5,0,0,0,0,0,,
1512340,중곡복개천 공영주차장(B)(구),광진구 중곡동 277-20,NS,노상 주차장,1,시간제 주차장,02-2049-4535,0,미연계중,1,Y,유료,N,야간 미개방,0900,1800,0900,1500,0000,0000,2019-06-10 10:29,N,무료,Y,유료,100000,1.12151E+12,200,5,200,5,0,0,0,0,0,,
1512341,중곡복개천 공영주차장(구),광진구 중곡동 150-196,NS,노상 주차장,1,시간제 주차장,02-2049-4535,0,미연계중,1,Y,유료,N,야간 미개방,0900,1800,0900,1500,0000,0000,2019-06-10 10:29,N,무료,Y,유료,100000,1.12151E+12,200,5,200,5,0,0,0,0,0,,
1513907,신성시장길공영노상주차장(구),광진구 중곡동 83-16,NS,노상 주차장,1,시간제 주차장,02-456-2591,0,미연계중,1,Y,유료,N,야간 미개방,0900,1800,0900,1500,0000,0000,2019-06-10 10:58,N,무료,Y,유료,100000,1.12151E+12,250,5,250,5,0,0,0,0,0,,
1515928,송림 기사식당길 공영주차장(구),광진구 자양동 794-0,NS,노상 주차장,1,시간제 주차장,02-2049-4540,0,미연계중,1,Y,유료,N,야간 미개방,0900,1800,0900,1500,0000,0000,2019-06-10 10:57,N,무료,Y,유료,90000,1.12151E+12,200,5,200,5,0,0,0,0,0,,
1521355,천호2동제2(구),강동구 천호동 431-2,NS,노상 주차장,1,시간제 주차장,,0,미연계중,1,Y,유료,N,야간 미개방,0900,2000,0900,2000,0900,2000,2019-06-10 10:57,N,무료,N,무료,0,1.17401E+12,250,5,0,0,0,0,0,0,0,,
1522168,주양쇼핑앞 노상주차장(구),강동구 명일동 51-1,NS,노상 주차장,3,시간제 + 거주자 주차장,,0,미연계중,1,Y,유료,N,야간 미개방,0900,1800,0000,0000,0000,0000,2023-12-22 17:28,N,무료,N,무료,,1.17401E+12,250,5,3000,60,0,0,0,0,,,
1522176,주양쇼핑옆 노상주차장(구),강동구 명일동 47-21,NS,노상 주차장,3,시간제 + 거주자 주차장,,0,미연계중,1,Y,유료,N,야간 미개방,0900,1800,0000,0000,0000,0000,2023-12-22 15:49,N,무료,N,무료,,1.17401E+12,250,5,3000,60,0,0,0,0,0,,
1525590,가산중앞(구),금천구 독산동 300-26,NS,노상 주차장,1,시간제 주차장,,0,미연계중,1,Y,유료,N,야간 미개방,0830,1900,0000,0000,0000,0000,2019-06-10 10:55,Y,유료,Y,유료,130000,1.15451E+12,250,5,0,0,0,0,0,0,15000,,
1526725,가산디지털환승(구),금천구 가산동 35-2,NS,노상 주차장,1,시간제 주차장,,0,미연계중,1,Y,유료,N,야간 미개방,0830,1900,0000,0000,0000,0000,2019-06-10 10:52,Y,유료,Y,유료,65000,1.15451E+12,150,5,0,0,0,0,0,0,10000,,
1526743,LG텔레콤(구),금천구 가산동 60-36,NS,노상 주차장,1,시간제 주차장,,0,미연계중,1,Y,유료,N,야간 미개방,0830,1900,1000,1800,1000,1900,2019-06-10 10:52,N,무료,N,무료,130000,1.15451E+12,250,5,0,0,0,0,0,0,15000,,
1526747,SJ테크노빌(구),금천구 가산동 60-19,NS,노상 주차장,1,시간제 주차장,,0,미연계중,1,Y,유료,N,야간 미개방,0830,1900,1000,1800,1000,1900,2019-06-10 10:52,N,무료,N,무료,130000,1.15451E+12,250,5,0,0,0,0,0,0,15000,,
1527979,사조냉장-무등실업(구),금천구 독산동 303-2,NS,노상 주차장,1,시간제 주차장,,0,미연계중,1,Y,유료,N,야간 미개방,0830,1900,0000,0000,0000,0000,2019-06-10 10:50,Y,유료,Y,유료,130000,1.15451E+12,250,5,0,0,0,0,0,0,15000,,
1530271,방배중앙로 노상공영주차장(구),서초구 방배동 760-3,NS,노상 주차장,1,시간제 주차장,080-703-6000,0,미연계중,1,Y,유료,N,야간 미개방,1000,2000,0000,0000,0000,0000,2026-04-27 9:56,Y,유료,Y,유료,0,1.16501E+12,250,5,250,5,0,0,0,0,0,,
1536637,마장축산물시장 남문(구),성동구 마장동 805-0,NS,노상 주차장,1,시간제 주차장,,0,미연계중,1,Y,유료,N,야간 미개방,0900,1900,0900,1500,0000,0000,2019-06-10 11:18,N,무료,Y,유료,80000,1.12001E+12,250,5,250,5,0,0,0,0,10000,,
1538694,성수역 3번출구 앞(구),성동구 성수동2가 276-5,NS,노상 주차장,1,시간제 주차장,02-2204-7970,0,미연계중,1,Y,유료,N,야간 미개방,0900,1800,0900,1500,0000,0000,2021-08-20 13:37,N,무료,Y,유료,80000,1.12001E+12,250,5,250,5,0,0,0,0,10000,,
1538796,장한평자동차시장 노상공영주차장(구),성동구 용답동 225-13,NS,노상 주차장,1,시간제 주차장,,0,미연계중,1,Y,유료,N,야간 미개방,0900,1900,0900,1500,0000,0000,2019-06-10 11:02,N,무료,Y,유료,80000,1.12001E+12,250,5,250,5,0,0,0,0,10000,,
1538943,KT성수분국 앞(구),성동구 성수동2가 277-43,NS,노상 주차장,1,시간제 주차장,,0,미연계중,1,Y,유료,N,야간 미개방,0900,1800,0900,1500,0000,0000,2021-08-20 11:29,N,무료,Y,유료,80000,1.12001E+12,250,5,250,5,0,0,0,0,10000,,
1538950,"신정1,3동 복개(구)",양천구 신정동 1031-0,NS,노상 주차장,1,시간제 주차장,02-2645-1158,0,미연계중,1,Y,유료,N,야간 미개방,0900,1900,0900,1300,0000,0000,2019-06-10 11:03,N,무료,Y,유료,70000,1.14701E+12,150,5,300,10,0,0,0,0,9000,,
1538954,파리공원(구),양천구 목동 906-1,NS,노상 주차장,1,시간제 주차장,,0,미연계중,1,Y,유료,N,야간 미개방,0900,1900,0900,1500,0000,0000,2019-06-10 11:03,N,무료,Y,유료,0,1.14701E+12,150,5,150,5,0,0,0,0,0,,
1538961,신정4동길(구),양천구 신정동 902-0,NS,노상 주차장,1,시간제 주차장,02-2695-8597,0,미연계중,1,Y,유료,N,야간 미개방,0900,1900,0900,1300,0000,0000,2019-06-10 11:03,N,무료,Y,유료,130000,1.14701E+12,150,5,300,10,0,0,0,0,9000,,
1540609,신월1동저지복개2구역(구),양천구 신월동 90-1,NS,노상 주차장,1,시간제 주차장,02-2698-1386,0,미연계중,1,Y,유료,N,야간 미개방,0900,1900,0900,1300,0000,0000,2019-06-10 11:02,N,무료,Y,유료,70000,1.14701E+12,150,5,300,10,0,0,0,0,9000,,
1540689,청계8(남) 공영주차장(시),성동구 상왕십리동 12-47,NS,노상 주차장,1,시간제 주차장,02-2274-2009,1,현재~20분이내 연계데이터 존재(현재 주차대수 표현),1,Y,유료,N,야간 미개방,0900,1900,0900,1500,0000,0000,2026-04-07 11:39,N,무료,Y,유료,150000,1.12001E+12,450,5,450,5,0,0,0,0,0,37.56994305,127.0285368
1540689,청계8(남) 공영주차장(시),성동구 상왕십리동 12-47,NS,노상 주차장,1,시간제 주차장,02-2274-2009,1,현재~20분이내 연계데이터 존재(현재 주차대수 표현),1,Y,유료,N,야간 미개방,0900,1900,0900,1500,0000,0000,2026-04-07 11:39,N,무료,Y,유료,150000,1.12001E+12,450,5,450,5,0,0,0,0,0,37.56966691,127.02953
1540689,청계8(남) 공영주차장(시),성동구 상왕십리동 12-47,NS,노상 주차장,1,시간제 주차장,02-2274-2009,1,현재~20분이내 연계데이터 존재(현재 주차대수 표현),1,Y,유료,N,야간 미개방,0900,1900,0900,1500,0000,0000,2026-04-07 11:39,N,무료,Y,유료,150000,1.12001E+12,450,5,450,5,0,0,0,0,0,37.57113461,127.0243643
1540689,청계8(남) 공영주차장(시),성동구 상왕십리동 12-47,NS,노상 주차장,1,시간제 주차장,02-2274-2009,1,현재~20분이내 연계데이터 존재(현재 주차대수 표현),1,Y,유료,N,야간 미개방,0900,1900,0900,1500,0000,0000,2026-04-07 11:39,N,무료,Y,유료,150000,1.12001E+12,450,5,450,5,0,0,0,0,0,37.56949163,127.0310929
1540689,청계8(남) 공영주차장(시),성동구 상왕십리동 12-47,NS,노상 주차장,1,시간제 주차장,02-2274-2009,1,현재~20분이내 연계데이터 존재(현재 주차대수 표현),1,Y,유료,N,야간 미개방,0900,1900,0900,1500,0000,0000,2026-04-07 11:39,N,무료,Y,유료,150000,1.12001E+12,450,5,450,5,0,0,0,0,0,37.57124569,127.0239851
1540689,청계8(남) 공영주차장(시),성동구 상왕십리동 12-47,NS,노상 주차장,1,시간제 주차장,02-2274-2009,1,현재~20분이내 연계데이터 존재(현재 주차대수 표현),1,Y,유료,N,야간 미개방,0900,1900,0900,1500,0000,0000,2026-04-07 11:39,N,무료,Y,유료,150000,1.12001E+12,450,5,450,5,0,0,0,0,0,37.57042673,127.0268535
1540689,청계8(남) 공영주차장(시),성동구 상왕십리동 12-47,NS,노상 주차장,1,시간제 주차장,02-2274-2009,1,현재~20분이내 연계데이터 존재(현재 주차대수 표현),1,Y,유료,N,야간 미개방,0900,1900,0900,1500,0000,0000,2026-04-07 11:39,N,무료,Y,유료,150000,1.12001E+12,450,5,450,5,0,0,0,0,0,37.57022784,127.0275426
1540689,청계8(남) 공영주차장(시),성동구 상왕십리동 12-47,NS,노상 주차장,1,시간제 주차장,02-2274-2009,1,현재~20분이내 연계데이터 존재(현재 주차대수 표현),1,Y,유료,N,야간 미개방,0900,1900,0900,1500,0000,0000,2026-04-07 11:39,N,무료,Y,유료,150000,1.12001E+12,450,5,450,5,0,0,0,0,0,37.57105793,127.0246277
1540689,청계8(남) 공영주차장(시),성동구 상왕십리동 12-47,NS,노상 주차장,1,시간제 주차장,02-2274-2009,1,현재~20분이내 연계데이터 존재(현재 주차대수 표현),1,Y,유료,N,야간 미개방,0900,1900,0900,1500,0000,0000,2026-04-07 11:39,N,무료,Y,유료,150000,1.12001E+12,450,5,450,5,0,0,0,0,0,37.56947993,127.0306898
1540689,청계8(남) 공영주차장(시),성동구 상왕십리동 12-47,NS,노상 주차장,1,시간제 주차장,02-2274-2009,1,현재~20분이내 연계데이터 존재(현재 주차대수 표현),1,Y,유료,N,야간 미개방,0900,1900,0900,1500,0000,0000,2026-04-07 11:39,N,무료,Y,유료,150000,1.12001E+12,450,5,450,5,0,0,0,0,0,37.57111555,127.0244304
1540689,청계8(남) 공영주차장(시),성동구 상왕십리동 12-47,NS,노상 주차장,1,시간제 주차장,02-2274-2009,1,현재~20분이내 연계데이터 존재(현재 주차대수 표현),1,Y,유료,N,야간 미개방,0900,1900,0900,1500,0000,0000,2026-04-07 11:39,N,무료,Y,유료,150000,1.12001E+12,450,5,450,5,0,0,0,0,0,37.57013219,127.0278747
1540689,청계8(남) 공영주차장(시),성동구 상왕십리동 12-47,NS,노상 주차장,1,시간제 주차장,02-2274-2009,1,현재~20분이내 연계데이터 존재(현재 주차대수 표현),1,Y,유료,N,야간 미개방,0900,1900,0900,1500,0000,0000,2026-04-07 11:39,N,무료,Y,유료,150000,1.12001E+12,450,5,450,5,0,0,0,0,0,37.56968917,127.032102
1540689,청계8(남) 공영주차장(시),성동구 상왕십리동 12-47,NS,노상 주차장,1,시간제 주차장,02-2274-2009,1,현재~20분이내 연계데이터 존재(현재 주차대수 표현),1,Y,유료,N,야간 미개방,0900,1900,0900,1500,0000,0000,2026-04-07 11:39,N,무료,Y,유료,150000,1.12001E+12,450,5,450,5,0,0,0,0,0,37.57128857,127.0238544
1540689,청계8(남) 공영주차장(시),성동구 상왕십리동 12-47,NS,노상 주차장,1,시간제 주차장,02-2274-2009,1,현재~20분이내 연계데이터 존재(현재 주차대수 표현),1,Y,유료,N,야간 미개방,0900,1900,0900,1500,0000,0000,2026-04-07 11:39,N,무료,Y,유료,150000,1.12001E+12,450,5,450,5,0,0,0,0,0,37.57005221,127.0281475
1540689,청계8(남) 공영주차장(시),성동구 상왕십리동 12-47,NS,노상 주차장,1,시간제 주차장,02-2274-2009,1,현재~20분이내 연계데이터 존재(현재 주차대수 표현),1,Y,유료,N,야간 미개방,0900,1900,0900,1500,0000,0000,2026-04-07 11:39,N,무료,Y,유료,150000,1.12001E+12,450,5,450,5,0,0,0,0,0,37.56949519,127.0311603
1540689,청계8(남) 공영주차장(시),성동구 상왕십리동 12-47,NS,노상 주차장,1,시간제 주차장,02-2274-2009,1,현재~20분이내 연계데이터 존재(현재 주차대수 표현),1,Y,유료,N,야간 미개방,0900,1900,0900,1500,0000,0000,2026-04-07 11:39,N,무료,Y,유료,150000,1.12001E+12,450,5,450,5,0,0,0,0,0,37.56996095,127.0284724
1540689,청계8(남) 공영주차장(시),성동구 상왕십리동 12-47,NS,노상 주차장,1,시간제 주차장,02-2274-2009,1,현재~20분이내 연계데이터 존재(현재 주차대수 표현),1,Y,유료,N,야간 미개방,0900,1900,0900,1500,0000,0000,2026-04-07 11:39,N,무료,Y,유료,150000,1.12001E+12,450,5,450,5,0,0,0,0,0,37.56970941,127.0321679
1540689,청계8(남) 공영주차장(시),성동구 상왕십리동 12-47,NS,노상 주차장,1,시간제 주차장,02-2274-2009,1,현재~20분이내 연계데이터 존재(현재 주차대수 표현),1,Y,유료,N,야간 미개방,0900,1900,0900,1500,0000,0000,2026-04-07 11:39,N,무료,Y,유료,150000,1.12001E+12,450,5,450,5,0,0,0,0,0,37.57035077,127.0271156
1540689,청계8(남) 공영주차장(시),성동구 상왕십리동 12-47,NS,노상 주차장,1,시간제 주차장,02-2274-2009,1,현재~20분이내 연계데이터 존재(현재 주차대수 표현),1,Y,유료,N,야간 미개방,0900,1900,0900,1500,0000,0000,2026-04-07 11:39,N,무료,Y,유료,150000,1.12001E+12,450,5,450,5,0,0,0,0,0,37.56960013,127.0297912
1540689,청계8(남) 공영주차장(시),성동구 상왕십리동 12-47,NS,노상 주차장,1,시간제 주차장,02-2274-2009,1,현재~20분이내 연계데이터 존재(현재 주차대수 표현),1,Y,유료,N,야간 미개방,0900,1900,0900,1500,0000,0000,2026-04-07 11:39,N,무료,Y,유료,150000,1.12001E+12,450,5,450,5,0,0,0,0,0,37.56964958,127.0295935
1540689,청계8(남) 공영주차장(시),성동구 상왕십리동 12-47,NS,노상 주차장,1,시간제 주차장,02-2274-2009,1,현재~20분이내 연계데이터 존재(현재 주차대수 표현),1,Y,유료,N,야간 미개방,0900,1900,0900,1500,0000,0000,2026-04-07 11:39,N,무료,Y,유료,150000,1.12001E+12,450,5,450,5,0,0,0,0,0,37.56999733,127.0283437
1540689,청계8(남) 공영주차장(시),성동구 상왕십리동 12-47,NS,노상 주차장,1,시간제 주차장,02-2274-2009,1,현재~20분이내 연계데이터 존재(현재 주차대수 표현),1,Y,유료,N,야간 미개방,0900,1900,0900,1500,0000,0000,2026-04-07 11:39,N,무료,Y,유료,150000,1.12001E+12,450,5,450,5,0,0,0,0,0,37.56982614,127.0289389
1540689,청계8(남) 공영주차장(시),성동구 상왕십리동 12-47,NS,노상 주차장,1,시간제 주차장,02-2274-2009,1,현재~20분이내 연계데이터 존재(현재 주차대수 표현),1,Y,유료,N,야간 미개방,0900,1900,0900,1500,0000,0000,2026-04-07 11:39,N,무료,Y,유료,150000,1.12001E+12,450,5,450,5,0,0,0,0,0,37.57120709,127.0241163
1540689,청계8(남) 공영주차장(시),성동구 상왕십리동 12-47,NS,노상 주차장,1,시간제 주차장,02-2274-2009,1,현재~20분이내 연계데이터 존재(현재 주차대수 표현),1,Y,유료,N,야간 미개방,0900,1900,0900,1500,0000,0000,2026-04-07 11:39,N,무료,Y,유료,150000,1.12001E+12,450,5,450,5,0,0,0,0,0,37.56956771,127.0316363
1540689,청계8(남) 공영주차장(시),성동구 상왕십리동 12-47,NS,노상 주차장,1,시간제 주차장,02-2274-2009,1,현재~20분이내 연계데이터 존재(현재 주차대수 표현),1,Y,유료,N,야간 미개방,0900,1900,0900,1500,0000,0000,2026-04-07 11:39,N,무료,Y,유료,150000,1.12001E+12,450,5,450,5,0,0,0,0,0,37.56965106,127.0319702
1540689,청계8(남) 공영주차장(시),성동구 상왕십리동 12-47,NS,노상 주차장,1,시간제 주차장,02-2274-2009,1,현재~20분이내 연계데이터 존재(현재 주차대수 표현),1,Y,유료,N,야간 미개방,0900,1900,0900,1500,0000,0000,2026-04-07 11:39,N,무료,Y,유료,150000,1.12001E+12,450,5,450,5,0,0,0,0,0,37.57003431,127.0282134
1540689,청계8(남) 공영주차장(시),성동구 상왕십리동 12-47,NS,노상 주차장,1,시간제 주차장,02-2274-2009,1,현재~20분이내 연계데이터 존재(현재 주차대수 표현),1,Y,유료,N,야간 미개방,0900,1900,0900,1500,0000,0000,2026-04-07 11:39,N,무료,Y,유료,150000,1.12001E+12,450,5,450,5,0,0,0,0,0,37.57040831,127.0269194
1540689,청계8(남) 공영주차장(시),성동구 상왕십리동 12-47,NS,노상 주차장,1,시간제 주차장,02-2274-2009,1,현재~20분이내 연계데이터 존재(현재 주차대수 표현),1,Y,유료,N,야간 미개방,0900,1900,0900,1500,0000,0000,2026-04-07 11:39,N,무료,Y,유료,150000,1.12001E+12,450,5,450,5,0,0,0,0,0,37.56948495,127.030895
1540689,청계8(남) 공영주차장(시),성동구 상왕십리동 12-47,NS,노상 주차장,1,시간제 주차장,02-2274-2009,1,현재~20분이내 연계데이터 존재(현재 주차대수 표현),1,Y,유료,N,야간 미개방,0900,1900,0900,1500,0000,0000,2026-04-07 11:39,N,무료,Y,유료,150000,1.12001E+12,450,5,450,5,0,0,0,0,0,37.57001582,127.0282785
1540689,청계8(남) 공영주차장(시),성동구 상왕십리동 12-47,NS,노상 주차장,1,시간제 주차장,02-2274-2009,1,현재~20분이내 연계데이터 존재(현재 주차대수 표현),1,Y,유료,N,야간 미개방,0900,1900,0900,1500,0000,0000,2026-04-07 11:39,N,무료,Y,유료,150000,1.12001E+12,450,5,450,5,0,0,0,0,0,37.5703699,127.0270508
1540689,청계8(남) 공영주차장(시),성동구 상왕십리동 12-47,NS,노상 주차장,1,시간제 주차장,02-2274-2009,1,현재~20분이내 연계데이터 존재(현재 주차대수 표현),1,Y,유료,N,야간 미개방,0900,1900,0900,1500,0000,0000,2026-04-07 11:39,N,무료,Y,유료,150000,1.12001E+12,450,5,450,5,0,0,0,0,0,37.569582,127.0317007
1540689,청계8(남) 공영주차장(시),성동구 상왕십리동 12-47,NS,노상 주차장,1,시간제 주차장,02-2274-2009,1,현재~20분이내 연계데이터 존재(현재 주차대수 표현),1,Y,유료,N,야간 미개방,0900,1900,0900,1500,0000,0000,2026-04-07 11:39,N,무료,Y,유료,150000,1.12001E+12,450,5,450,5,0,0,0,0,0,37.56948109,127.0308261
1540689,청계8(남) 공영주차장(시),성동구 상왕십리동 12-47,NS,노상 주차장,1,시간제 주차장,02-2274-2009,1,현재~20분이내 연계데이터 존재(현재 주차대수 표현),1,Y,유료,N,야간 미개방,0900,1900,0900,1500,0000,0000,2026-04-07 11:39,N,무료,Y,유료,150000,1.12001E+12,450,5,450,5,0,0,0,0,0,37.56958462,127.0298555
1540689,청계8(남) 공영주차장(시),성동구 상왕십리동 12-47,NS,노상 주차장,1,시간제 주차장,02-2274-2009,1,현재~20분이내 연계데이터 존재(현재 주차대수 표현),1,Y,유료,N,야간 미개방,0900,1900,0900,1500,0000,0000,2026-04-07 11:39,N,무료,Y,유료,150000,1.12001E+12,450,5,450,5,0,0,0,0,0,37.57066837,127.0259826
1540689,청계8(남) 공영주차장(시),성동구 상왕십리동 12-47,NS,노상 주차장,1,시간제 주차장,02-2274-2009,1,현재~20분이내 연계데이터 존재(현재 주차대수 표현),1,Y,유료,N,야간 미개방,0900,1900,0900,1500,0000,0000,2026-04-07 11:39,N,무료,Y,유료,150000,1.12001E+12,450,5,450,5,0,0,0,0,0,37.56968418,127.0294644
1540689,청계8(남) 공영주차장(시),성동구 상왕십리동 12-47,NS,노상 주차장,1,시간제 주차장,02-2274-2009,1,현재~20분이내 연계데이터 존재(현재 주차대수 표현),1,Y,유료,N,야간 미개방,0900,1900,0900,1500,0000,0000,2026-04-07 11:39,N,무료,Y,유료,150000,1.12001E+12,450,5,450,5,0,0,0,0,0,37.56950946,127.0312951
1540689,청계8(남) 공영주차장(시),성동구 상왕십리동 12-47,NS,노상 주차장,1,시간제 주차장,02-2274-2009,1,현재~20분이내 연계데이터 존재(현재 주차대수 표현),1,Y,유료,N,야간 미개방,0900,1900,0900,1500,0000,0000,2026-04-07 11:39,N,무료,Y,유료,150000,1.12001E+12,450,5,450,5,0,0,0,0,0,37.56954629,127.031506
1540689,청계8(남) 공영주차장(시),성동구 상왕십리동 12-47,NS,노상 주차장,1,시간제 주차장,02-2274-2009,1,현재~20분이내 연계데이터 존재(현재 주차대수 표현),1,Y,유료,N,야간 미개방,0900,1900,0900,1500,0000,0000,2026-04-07 11:39,N,무료,Y,유료,150000,1.12001E+12,450,5,450,5,0,0,0,0,0,37.570293,127.0273133
1540689,청계8(남) 공영주차장(시),성동구 상왕십리동 12-47,NS,노상 주차장,1,시간제 주차장,02-2274-2009,1,현재~20분이내 연계데이터 존재(현재 주차대수 표현),1,Y,유료,N,야간 미개방,0900,1900,0900,1500,0000,0000,2026-04-07 11:39,N,무료,Y,유료,150000,1.12001E+12,450,5,450,5,0,0,0,0,0,37.56955581,127.0315704
1540689,청계8(남) 공영주차장(시),성동구 상왕십리동 12-47,NS,노상 주차장,1,시간제 주차장,02-2274-2009,1,현재~20분이내 연계데이터 존재(현재 주차대수 표현),1,Y,유료,N,야간 미개방,0900,1900,0900,1500,0000,0000,2026-04-07 11:39,N,무료,Y,유료,150000,1.12001E+12,450,5,450,5,0,0,0,0,0,37.56967011,127.0320361
1540689,청계8(남) 공영주차장(시),성동구 상왕십리동 12-47,NS,노상 주차장,1,시간제 주차장,02-2274-2009,1,현재~20분이내 연계데이터 존재(현재 주차대수 표현),1,Y,유료,N,야간 미개방,0900,1900,0900,1500,0000,0000,2026-04-07 11:39,N,무료,Y,유료,150000,1.12001E+12,450,5,450,5,0,0,0,0,0,37.56984463,127.0288752
1540689,청계8(남) 공영주차장(시),성동구 상왕십리동 12-47,NS,노상 주차장,1,시간제 주차장,02-2274-2009,1,현재~20분이내 연계데이터 존재(현재 주차대수 표현),1,Y,유료,N,야간 미개방,0900,1900,0900,1500,0000,0000,2026-04-07 11:39,N,무료,Y,유료,150000,1.12001E+12,450,5,450,5,0,0,0,0,0,37.57096583,127.0249412
1540689,청계8(남) 공영주차장(시),성동구 상왕십리동 12-47,NS,노상 주차장,1,시간제 주차장,02-2274-2009,1,현재~20분이내 연계데이터 존재(현재 주차대수 표현),1,Y,유료,N,야간 미개방,0900,1900,0900,1500,0000,0000,2026-04-07 11:39,N,무료,Y,유료,150000,1.12001E+12,450,5,450,5,0,0,0,0,0,37.57118824,127.024181
1540689,청계8(남) 공영주차장(시),성동구 상왕십리동 12-47,NS,노상 주차장,1,시간제 주차장,02-2274-2009,1,현재~20분이내 연계데이터 존재(현재 주차대수 표현),1,Y,유료,N,야간 미개방,0900,1900,0900,1500,0000,0000,2026-04-07 11:39,N,무료,Y,유료,150000,1.12001E+12,450,5,450,5,0,0,0,0,0,37.57092531,127.0250856
1540689,청계8(남) 공영주차장(시),성동구 상왕십리동 12-47,NS,노상 주차장,1,시간제 주차장,02-2274-2009,1,현재~20분이내 연계데이터 존재(현재 주차대수 표현),1,Y,유료,N,야간 미개방,0900,1900,0900,1500,0000,0000,2026-04-07 11:39,N,무료,Y,유료,150000,1.12001E+12,450,5,450,5,0,0,0,0,0,37.57024745,127.027473
1540689,청계8(남) 공영주차장(시),성동구 상왕십리동 12-47,NS,노상 주차장,1,시간제 주차장,02-2274-2009,1,현재~20분이내 연계데이터 존재(현재 주차대수 표현),1,Y,유료,N,야간 미개방,0900,1900,0900,1500,0000,0000,2026-04-07 11:39,N,무료,Y,유료,150000,1.12001E+12,450,5,450,5,0,0,0,0,0,37.57031229,127.0272469
1540689,청계8(남) 공영주차장(시),성동구 상왕십리동 12-47,NS,노상 주차장,1,시간제 주차장,02-2274-2009,1,현재~20분이내 연계데이터 존재(현재 주차대수 표현),1,Y,유료,N,야간 미개방,0900,1900,0900,1500,0000,0000,2026-04-07 11:39,N,무료,Y,유료,150000,1.12001E+12,450,5,450,5,0,0,0,0,0,37.57014999,127.0278105
1540689,청계8(남) 공영주차장(시),성동구 상왕십리동 12-47,NS,노상 주차장,1,시간제 주차장,02-2274-2009,1,현재~20분이내 연계데이터 존재(현재 주차대수 표현),1,Y,유료,N,야간 미개방,0900,1900,0900,1500,0000,0000,2026-04-07 11:39,N,무료,Y,유료,150000,1.12001E+12,450,5,450,5,0,0,0,0,0,37.56997884,127.0284066
1540689,청계8(남) 공영주차장(시),성동구 상왕십리동 12-47,NS,노상 주차장,1,시간제 주차장,02-2274-2009,1,현재~20분이내 연계데이터 존재(현재 주차대수 표현),1,Y,유료,N,야간 미개방,0900,1900,0900,1500,0000,0000,2026-04-07 11:39,N,무료,Y,유료,150000,1.12001E+12,450,5,450,5,0,0,0,0,0,37.56970146,127.0293987
1540689,청계8(남) 공영주차장(시),성동구 상왕십리동 12-47,NS,노상 주차장,1,시간제 주차장,02-2274-2009,1,현재~20분이내 연계데이터 존재(현재 주차대수 표현),1,Y,유료,N,야간 미개방,0900,1900,0900,1500,0000,0000,2026-04-07 11:39,N,무료,Y,유료,150000,1.12001E+12,450,5,450,5,0,0,0,0,0,37.57109603,127.0244974
1540689,청계8(남) 공영주차장(시),성동구 상왕십리동 12-47,NS,노상 주차장,1,시간제 주차장,02-2274-2009,1,현재~20분이내 연계데이터 존재(현재 주차대수 표현),1,Y,유료,N,야간 미개방,0900,1900,0900,1500,0000,0000,2026-04-07 11:39,N,무료,Y,유료,150000,1.12001E+12,450,5,450,5,0,0,0,0,0,37.56959748,127.0317651
1540689,청계8(남) 공영주차장(시),성동구 상왕십리동 12-47,NS,노상 주차장,1,시간제 주차장,02-2274-2009,1,현재~20분이내 연계데이터 존재(현재 주차대수 표현),1,Y,유료,N,야간 미개방,0900,1900,0900,1500,0000,0000,2026-04-07 11:39,N,무료,Y,유료,150000,1.12001E+12,450,5,450,5,0,0,0,0,0,37.57107723,127.0245618
1540689,청계8(남) 공영주차장(시),성동구 상왕십리동 12-47,NS,노상 주차장,1,시간제 주차장,02-2274-2009,1,현재~20분이내 연계데이터 존재(현재 주차대수 표현),1,Y,유료,N,야간 미개방,0900,1900,0900,1500,0000,0000,2026-04-07 11:39,N,무료,Y,유료,150000,1.12001E+12,450,5,450,5,0,0,0,0,0,37.57060722,127.0261918
1540689,청계8(남) 공영주차장(시),성동구 상왕십리동 12-47,NS,노상 주차장,1,시간제 주차장,02-2274-2009,1,현재~20분이내 연계데이터 존재(현재 주차대수 표현),1,Y,유료,N,야간 미개방,0900,1900,0900,1500,0000,0000,2026-04-07 11:39,N,무료,Y,유료,150000,1.12001E+12,450,5,450,5,0,0,0,0,0,37.56950113,127.0312262
1540689,청계8(남) 공영주차장(시),성동구 상왕십리동 12-47,NS,노상 주차장,1,시간제 주차장,02-2274-2009,1,현재~20분이내 연계데이터 존재(현재 주차대수 표현),1,Y,유료,N,야간 미개방,0900,1900,0900,1500,0000,0000,2026-04-07 11:39,N,무료,Y,유료,150000,1.12001E+12,450,5,450,5,0,0,0,0,0,37.56947991,127.0307572
1540689,청계8(남) 공영주차장(시),성동구 상왕십리동 12-47,NS,노상 주차장,1,시간제 주차장,02-2274-2009,1,현재~20분이내 연계데이터 존재(현재 주차대수 표현),1,Y,유료,N,야간 미개방,0900,1900,0900,1500,0000,0000,2026-04-07 11:39,N,무료,Y,유료,150000,1.12001E+12,450,5,450,5,0,0,0,0,0,37.57056946,127.0263252
1540689,청계8(남) 공영주차장(시),성동구 상왕십리동 12-47,NS,노상 주차장,1,시간제 주차장,02-2274-2009,1,현재~20분이내 연계데이터 존재(현재 주차대수 표현),1,Y,유료,N,야간 미개방,0900,1900,0900,1500,0000,0000,2026-04-07 11:39,N,무료,Y,유료,150000,1.12001E+12,450,5,450,5,0,0,0,0,0,37.56992397,127.028602
1540689,청계8(남) 공영주차장(시),성동구 상왕십리동 12-47,NS,노상 주차장,1,시간제 주차장,02-2274-2009,1,현재~20분이내 연계데이터 존재(현재 주차대수 표현),1,Y,유료,N,야간 미개방,0900,1900,0900,1500,0000,0000,2026-04-07 11:39,N,무료,Y,유료,150000,1.12001E+12,450,5,450,5,0,0,0,0,0,37.57122662,127.0240504
1540689,청계8(남) 공영주차장(시),성동구 상왕십리동 12-47,NS,노상 주차장,1,시간제 주차장,02-2274-2009,1,현재~20분이내 연계데이터 존재(현재 주차대수 표현),1,Y,유료,N,야간 미개방,0900,1900,0900,1500,0000,0000,2026-04-07 11:39,N,무료,Y,유료,150000,1.12001E+12,450,5,450,5,0,0,0,0,0,37.56986253,127.0288108
1540689,청계8(남) 공영주차장(시),성동구 상왕십리동 12-47,NS,노상 주차장,1,시간제 주차장,02-2274-2009,1,현재~20분이내 연계데이터 존재(현재 주차대수 표현),1,Y,유료,N,야간 미개방,0900,1900,0900,1500,0000,0000,2026-04-07 11:39,N,무료,Y,유료,150000,1.12001E+12,450,5,450,5,0,0,0,0,0,37.5703894,127.0269847
1540689,청계8(남) 공영주차장(시),성동구 상왕십리동 12-47,NS,노상 주차장,1,시간제 주차장,02-2274-2009,1,현재~20분이내 연계데이터 존재(현재 주차대수 표현),1,Y,유료,N,야간 미개방,0900,1900,0900,1500,0000,0000,2026-04-07 11:39,N,무료,Y,유료,150000,1.12001E+12,450,5,450,5,0,0,0,0,0,37.5709444,127.0250144
1540689,청계8(남) 공영주차장(시),성동구 상왕십리동 12-47,NS,노상 주차장,1,시간제 주차장,02-2274-2009,1,현재~20분이내 연계데이터 존재(현재 주차대수 표현),1,Y,유료,N,야간 미개방,0900,1900,0900,1500,0000,0000,2026-04-07 11:39,N,무료,Y,유료,150000,1.12001E+12,450,5,450,5,0,0,0,0,0,37.56952017,127.031361
1540689,청계8(남) 공영주차장(시),성동구 상왕십리동 12-47,NS,노상 주차장,1,시간제 주차장,02-2274-2009,1,현재~20분이내 연계데이터 존재(현재 주차대수 표현),1,Y,유료,N,야간 미개방,0900,1900,0900,1500,0000,0000,2026-04-07 11:39,N,무료,Y,유료,150000,1.12001E+12,450,5,450,5,0,0,0,0,0,37.56961622,127.0297247
1540689,청계8(남) 공영주차장(시),성동구 상왕십리동 12-47,NS,노상 주차장,1,시간제 주차장,02-2274-2009,1,현재~20분이내 연계데이터 존재(현재 주차대수 표현),1,Y,유료,N,야간 미개방,0900,1900,0900,1500,0000,0000,2026-04-07 11:39,N,무료,Y,유료,150000,1.12001E+12,450,5,450,5,0,0,0,0,0,37.56963201,127.0319028
1540689,청계8(남) 공영주차장(시),성동구 상왕십리동 12-47,NS,노상 주차장,1,시간제 주차장,02-2274-2009,1,현재~20분이내 연계데이터 존재(현재 주차대수 표현),1,Y,유료,N,야간 미개방,0900,1900,0900,1500,0000,0000,2026-04-07 11:39,N,무료,Y,유료,150000,1.12001E+12,450,5,450,5,0,0,0,0,0,37.56963291,127.0296598
1540689,청계8(남) 공영주차장(시),성동구 상왕십리동 12-47,NS,노상 주차장,1,시간제 주차장,02-2274-2009,1,현재~20분이내 연계데이터 존재(현재 주차대수 표현),1,Y,유료,N,야간 미개방,0900,1900,0900,1500,0000,0000,2026-04-07 11:39,N,무료,Y,유료,150000,1.12001E+12,450,5,450,5,0,0,0,0,0,37.56948114,127.0306194
1540689,청계8(남) 공영주차장(시),성동구 상왕십리동 12-47,NS,노상 주차장,1,시간제 주차장,02-2274-2009,1,현재~20분이내 연계데이터 존재(현재 주차대수 표현),1,Y,유료,N,야간 미개방,0900,1900,0900,1500,0000,0000,2026-04-07 11:39,N,무료,Y,유료,150000,1.12001E+12,450,5,450,5,0,0,0,0,0,37.56971813,127.0293323
1540689,청계8(남) 공영주차장(시),성동구 상왕십리동 12-47,NS,노상 주차장,1,시간제 주차장,02-2274-2009,1,현재~20분이내 연계데이터 존재(현재 주차대수 표현),1,Y,유료,N,야간 미개방,0900,1900,0900,1500,0000,0000,2026-04-07 11:39,N,무료,Y,유료,150000,1.12001E+12,450,5,450,5,0,0,0,0,0,37.57126664,127.0239183
1540689,청계8(남) 공영주차장(시),성동구 상왕십리동 12-47,NS,노상 주차장,1,시간제 주차장,02-2274-2009,1,현재~20분이내 연계데이터 존재(현재 주차대수 표현),1,Y,유료,N,야간 미개방,0900,1900,0900,1500,0000,0000,2026-04-07 11:39,N,무료,Y,유료,150000,1.12001E+12,450,5,450,5,0,0,0,0,0,37.57115425,127.0242976
1540689,청계8(남) 공영주차장(시),성동구 상왕십리동 12-47,NS,노상 주차장,1,시간제 주차장,02-2274-2009,1,현재~20분이내 연계데이터 존재(현재 주차대수 표현),1,Y,유료,N,야간 미개방,0900,1900,0900,1500,0000,0000,2026-04-07 11:39,N,무료,Y,유료,150000,1.12001E+12,450,5,450,5,0,0,0,0,0,37.57033145,127.0271814
1540689,청계8(남) 공영주차장(시),성동구 상왕십리동 12-47,NS,노상 주차장,1,시간제 주차장,02-2274-2009,1,현재~20분이내 연계데이터 존재(현재 주차대수 표현),1,Y,유료,N,야간 미개방,0900,1900,0900,1500,0000,0000,2026-04-07 11:39,N,무료,Y,유료,150000,1.12001E+12,450,5,450,5,0,0,0,0,0,37.57058808,127.0262582
1540689,청계8(남) 공영주차장(시),성동구 상왕십리동 12-47,NS,노상 주차장,1,시간제 주차장,02-2274-2009,1,현재~20분이내 연계데이터 존재(현재 주차대수 표현),1,Y,유료,N,야간 미개방,0900,1900,0900,1500,0000,0000,2026-04-07 11:39,N,무료,Y,유료,150000,1.12001E+12,450,5,450,5,0,0,0,0,0,37.57068817,127.0259152
1540759,양천경찰서 노상공영주차장(구),양천구 신정동 322-3,NS,노상 주차장,1,시간제 주차장,02-2644-1386,0,미연계중,1,Y,유료,N,야간 미개방,0900,1900,0900,1500,0000,0000,2023-12-07 18:42,N,무료,Y,유료,70000,1.14701E+12,150,5,0,0,0,0,0,0,9000,,
1540766,신월5동복개주차장(구),양천구 신월동 53-2,NS,노상 주차장,1,시간제 주차장,,0,미연계중,1,Y,유료,N,야간 미개방,0900,1900,0900,1300,0000,0000,2019-06-10 11:03,N,무료,Y,유료,70000,1.14701E+12,150,5,300,10,0,0,0,0,0,,
1540785,양천공원옆(구),양천구 신정동 320-3,NS,노상 주차장,1,시간제 주차장,,0,미연계중,1,Y,유료,N,야간 미개방,0900,1900,0900,1300,0000,0000,2019-06-10 11:03,N,무료,Y,유료,70000,1.14701E+12,150,5,150,5,0,0,0,0,0,,
1540806,양천구청 노상공영주차장(구),양천구 신정동 321-3,NS,노상 주차장,1,시간제 주차장,02-2644-1386,0,미연계중,1,Y,유료,N,야간 미개방,0900,1900,0900,1500,0000,0000,2023-12-07 18:40,N,무료,Y,유료,70000,1.14701E+12,150,5,0,0,0,0,0,0,9000,,
1540868,법안정사 공영주차장(구),양천구 목동 907-1,NS,노상 주차장,1,시간제 주차장,02-2644-1386,0,미연계중,1,Y,유료,N,야간 미개방,0900,1900,0900,1500,0000,0000,2023-12-06 18:05,N,무료,Y,유료,100000,1.14701E+12,150,5,0,0,0,0,0,0,9000,,
1542854,KBS별관뒤 노상주차장(구),영등포구 여의도동 4-5,NS,노상 주차장,1,시간제 주차장,02-2650-1436,0,미연계중,1,Y,유료,N,야간 미개방,0900,1900,0900,1500,0000,0000,2020-09-09 16:03,N,무료,Y,유료,200000,1.15601E+12,500,5,500,5,0,0,0,0,36000,,
1542963,도림고가 노상주차장(구),영등포구 문래동1가 39-1,NS,노상 주차장,3,시간제 + 거주자 주차장,02-2650-1436,0,미연계중,1,Y,유료,N,야간 미개방,0900,1900,0900,1500,0000,0000,2020-09-09 18:15,N,무료,N,무료,50000,1.15601E+12,100,5,200,10,0,0,0,0,,,
1543091,교보생명옆 노상주차장(구),영등포구 당산동2가 21-26,NS,노상 주차장,3,시간제 + 거주자 주차장,02-2650-1436,0,미연계중,1,Y,유료,N,야간 미개방,0900,1900,0900,1500,0000,0000,2019-06-10 11:01,N,무료,N,무료,100000,1.15601E+12,250,5,300,10,0,0,0,0,15000,,
1543175,교보생명 앞 노상주차장(구),영등포구 양평동1가 71-0,NS,노상 주차장,3,시간제 + 거주자 주차장,02-2650-1436,0,미연계중,1,Y,유료,N,야간 미개방,0900,1900,0900,1500,0000,0000,2019-06-10 11:01,N,무료,N,무료,100000,1.15601E+12,250,5,500,10,0,0,0,0,15000,,
1543176,문래동주민센터 앞 노상주차장(구),영등포구 문래동3가 55-16,NS,노상 주차장,3,시간제 + 거주자 주차장,02-2650-1436,0,미연계중,1,Y,유료,N,야간 미개방,0900,1900,0900,1500,0000,0000,2019-06-10 11:01,N,무료,N,무료,100000,1.15601E+12,500,10,500,10,0,0,0,0,15000,,
1543204,동문굿모닝탑 앞 노상공영주차장(구),양천구 신정동 324-3,NS,노상 주차장,1,시간제 주차장,,0,미연계중,1,Y,유료,N,야간 미개방,0900,1900,0000,0000,0000,0000,2023-12-07 18:44,Y,유료,Y,유료,70000,1.14701E+12,150,5,0,0,0,0,0,0,0,,
1543279,산업은행앞 노상주차장(구),영등포구 여의도동 16-0,NS,노상 주차장,1,시간제 주차장,02-2650-1436,0,미연계중,1,Y,유료,N,야간 미개방,0900,1900,0900,1500,0000,0000,2020-09-09 16:37,N,무료,Y,유료,200000,1.15601E+12,500,5,500,5,0,0,0,0,36000,,
1543292,MBC방송국뒤 노상주차장(구),영등포구 여의도동 3-1,NS,노상 주차장,1,시간제 주차장,02-2650-1436,0,미연계중,1,Y,유료,N,야간 미개방,0900,1900,0900,1500,0000,0000,2020-09-09 18:04,N,무료,Y,유료,200000,1.15601E+12,500,5,1000,10,0,0,0,0,36000,,
1543307,KBS본관 앞 노상주차장(구),영등포구 여의도동 1-7,NS,노상 주차장,1,시간제 주차장,02-2650-1436,0,미연계중,1,Y,유료,N,야간 미개방,0900,1900,0900,1500,0000,0000,2020-09-09 17:09,N,무료,Y,유료,200000,1.15601E+12,500,5,1000,10,0,0,0,0,36000,,
1543332,성애병원 앞 노상주차장(구),영등포구 신길동 451-2,NS,노상 주차장,1,시간제 주차장,02-2650-1436,0,미연계중,1,Y,유료,N,야간 미개방,0900,1900,0900,1500,0000,0000,2020-09-10 11:11,N,무료,Y,유료,100000,1.15601E+12,250,5,500,10,0,0,0,0,0,,
1545129,삼환아파트 앞 노상주차장(구),영등포구 문래동4가 41-0,NS,노상 주차장,3,시간제 + 거주자 주차장,02-2650-1436,0,미연계중,1,Y,유료,N,야간 미개방,0900,1900,0900,1500,0000,0000,2019-06-10 11:00,N,무료,N,무료,100000,1.15601E+12,250,5,500,10,0,0,0,0,15000,,
1545155,진주아파트 옆 노상주차장(구),영등포구 여의도동 54-4,NS,노상 주차장,1,시간제 주차장,02-2650-1436,0,미연계중,1,Y,유료,N,야간 미개방,0900,1900,0900,1500,0000,0000,2020-09-04 11:37,N,무료,Y,유료,200000,1.15601E+12,500,5,1000,10,0,0,0,0,36000,,
1545190,대신시장 노상주차장(구),영등포구 신길동 116-15,NS,노상 주차장,3,시간제 + 거주자 주차장,02-2650-1436,0,미연계중,1,Y,유료,N,야간 미개방,0900,1900,0900,1500,0000,0000,2020-09-10 11:19,N,무료,N,무료,50000,1.15601E+12,100,5,200,10,0,0,0,0,6000,,
1545231,중소기업중앙회 앞 노상주차장(구),영등포구 여의도동 1-5,NS,노상 주차장,1,시간제 주차장,02-2650-1436,0,미연계중,1,Y,유료,N,야간 미개방,0900,1900,0900,1500,0000,0000,2020-09-09 11:19,N,무료,Y,유료,200000,1.15601E+12,500,5,1000,10,0,0,0,0,36000,,
1545252,문래1동 공영주차장(시),영등포구 문래동3가 54-12,NS,노상 주차장,1,시간제 주차장,,1,현재~20분이내 연계데이터 존재(현재 주차대수 표현),1,Y,유료,N,야간 미개방,0900,1900,0900,1500,0000,0000,2026-04-07 11:02,N,무료,Y,유료,,1.15601E+12,130,5,130,5,0,0,0,0,,37.51356362,126.8970597
1545252,문래1동 공영주차장(시),영등포구 문래동3가 54-12,NS,노상 주차장,1,시간제 주차장,,1,현재~20분이내 연계데이터 존재(현재 주차대수 표현),1,Y,유료,N,야간 미개방,0900,1900,0900,1500,0000,0000,2026-04-07 11:02,N,무료,Y,유료,,1.15601E+12,130,5,130,5,0,0,0,0,,37.51354019,126.896996
1545252,문래1동 공영주차장(시),영등포구 문래동3가 54-12,NS,노상 주차장,1,시간제 주차장,,1,현재~20분이내 연계데이터 존재(현재 주차대수 표현),1,Y,유료,N,야간 미개방,0900,1900,0900,1500,0000,0000,2026-04-07 11:02,N,무료,Y,유료,,1.15601E+12,130,5,130,5,0,0,0,0,,37.51351439,126.8969428
1545252,문래1동 공영주차장(시),영등포구 문래동3가 54-12,NS,노상 주차장,1,시간제 주차장,,1,현재~20분이내 연계데이터 존재(현재 주차대수 표현),1,Y,유료,N,야간 미개방,0900,1900,0900,1500,0000,0000,2026-04-07 11:02,N,무료,Y,유료,,1.15601E+12,130,5,130,5,0,0,0,0,,37.51355189,126.8972682
1545252,문래1동 공영주차장(시),영등포구 문래동3가 54-12,NS,노상 주차장,1,시간제 주차장,,1,현재~20분이내 연계데이터 존재(현재 주차대수 표현),1,Y,유료,N,야간 미개방,0900,1900,0900,1500,0000,0000,2026-04-07 11:02,N,무료,Y,유료,,1.15601E+12,130,5,130,5,0,0,0,0,,37.51352729,126.8969679
1545252,문래1동 공영주차장(시),영등포구 문래동3가 54-12,NS,노상 주차장,1,시간제 주차장,,1,현재~20분이내 연계데이터 존재(현재 주차대수 표현),1,Y,유료,N,야간 미개방,0900,1900,0900,1500,0000,0000,2026-04-07 11:02,N,무료,Y,유료,,1.15601E+12,130,5,130,5,0,0,0,0,,37.51356811,126.8971517
1545252,문래1동 공영주차장(시),영등포구 문래동3가 54-12,NS,노상 주차장,1,시간제 주차장,,1,현재~20분이내 연계데이터 존재(현재 주차대수 표현),1,Y,유료,N,야간 미개방,0900,1900,0900,1500,0000,0000,2026-04-07 11:02,N,무료,Y,유료,,1.15601E+12,130,5,130,5,0,0,0,0,,37.51356187,126.8972307
1545252,문래1동 공영주차장(시),영등포구 문래동3가 54-12,NS,노상 주차장,1,시간제 주차장,,1,현재~20분이내 연계데이터 존재(현재 주차대수 표현),1,Y,유료,N,야간 미개방,0900,1900,0900,1500,0000,0000,2026-04-07 11:02,N,무료,Y,유료,,1.15601E+12,130,5,130,5,0,0,0,0,,37.5135531,126.8970301
1545252,문래1동 공영주차장(시),영등포구 문래동3가 54-12,NS,노상 주차장,1,시간제 주차장,,1,현재~20분이내 연계데이터 존재(현재 주차대수 표현),1,Y,유료,N,야간 미개방,0900,1900,0900,1500,0000,0000,2026-04-07 11:02,N,무료,Y,유료,,1.15601E+12,130,5,130,5,0,0,0,0,,37.51356803,126.8971892
1545252,문래1동 공영주차장(시),영등포구 문래동3가 54-12,NS,노상 주차장,1,시간제 주차장,,1,현재~20분이내 연계데이터 존재(현재 주차대수 표현),1,Y,유료,N,야간 미개방,0900,1900,0900,1500,0000,0000,2026-04-07 11:02,N,무료,Y,유료,,1.15601E+12,130,5,130,5,0,0,0,0,,37.51348979,126.8968926
1545252,문래1동 공영주차장(시),영등포구 문래동3가 54-12,NS,노상 주차장,1,시간제 주차장,,1,현재~20분이내 연계데이터 존재(현재 주차대수 표현),1,Y,유료,N,야간 미개방,0900,1900,0900,1500,0000,0000,2026-04-07 11:02,N,무료,Y,유료,,1.15601E+12,130,5,130,5,0,0,0,0,,37.51349911,126.8969177
1545353,여의도백화점 앞 노상주차장(구),영등포구 여의도동 3-5,NS,노상 주차장,1,시간제 주차장,02-2650-1436,0,미연계중,1,Y,유료,N,야간 미개방,0900,1900,0900,1500,0000,0000,2020-09-09 11:08,N,무료,Y,유료,200000,1.15601E+12,500,5,1000,10,0,0,0,0,36000,,
1545366,경호빌딩앞 노상주차장(구),영등포구 여의도동 25-0,NS,노상 주차장,1,시간제 주차장,02-2650 -1436,0,미연계중,1,Y,유료,N,야간 미개방,0900,1900,0900,1500,0000,0000,2020-09-09 16:32,N,무료,Y,유료,200000,1.15601E+12,500,5,1000,10,0,0,0,0,36000,,
1545399,교보생명 앞 노상주차장(구),영등포구 당산동2가 71-0,NS,노상 주차장,3,시간제 + 거주자 주차장,02-2650-1436,0,미연계중,1,Y,유료,N,야간 미개방,0900,1900,0900,1500,0000,0000,2019-06-10 11:01,N,무료,N,무료,100000,1.15601E+12,250,5,500,10,0,0,0,0,15000,,
1545408,KBS별관옆 노상주차장(구),영등포구 여의도동 4-4,NS,노상 주차장,1,시간제 주차장,02-2650-1436,0,미연계중,1,Y,유료,N,야간 미개방,0900,1900,0900,1500,0000,0000,2020-09-09 16:09,N,무료,Y,유료,200000,1.15601E+12,500,5,1000,10,0,0,0,0,36000,,
1545410,국민은행앞 노상주차장(구),영등포구 여의도동 15-22,NS,노상 주차장,1,시간제 주차장,02-2650-1436,0,미연계중,1,Y,유료,N,야간 미개방,0900,1900,0900,1500,0000,0000,2020-09-09 16:33,N,무료,Y,유료,200000,1.15601E+12,500,5,1000,10,0,0,0,0,36000,,
1545468,양남사거리 앞 노상주차장(구),영등포구 당산동2가 30-0,NS,노상 주차장,3,시간제 + 거주자 주차장,02-2650-1436,0,미연계중,1,Y,유료,N,야간 미개방,0900,1900,0900,1500,0000,0000,2019-06-10 11:01,N,무료,N,무료,100000,1.15601E+12,250,5,250,5,0,0,0,0,15000,,
1545494,영등포중앙시장 노상주차장(구),영등포구 영등포동7가 5-1,NS,노상 주차장,3,시간제 + 거주자 주차장,02-2634-1308,0,미연계중,1,Y,유료,N,야간 미개방,0900,1900,0900,1500,0000,0000,2019-06-10 11:02,N,무료,N,무료,50000,1.15601E+12,100,5,200,10,0,0,0,0,6000,,
1545832,벽산디지털밸리앞 노상주차장(구),영등포구 문래동5가 5-0,NS,노상 주차장,3,시간제 + 거주자 주차장,02-2650-1436,0,미연계중,1,Y,유료,N,야간 미개방,0900,1900,0900,1500,0000,0000,2019-06-10 11:02,N,무료,N,무료,100000,1.15601E+12,500,5,500,10,0,0,0,0,15000,,
1548692,경남아파트 앞 노상주차장(구),영등포구 당산동3가 56-0,NS,노상 주차장,3,시간제 + 거주자 주차장,02-2650-1436,0,미연계중,1,Y,유료,N,야간 미개방,0900,1900,0900,1500,0000,0000,2019-06-10 11:25,N,무료,N,무료,50000,1.15601E+12,100,5,200,10,0,0,0,0,6000,,
1549619,이촌로54길(구),용산구 이촌동 302-31,NS,노상 주차장,1,시간제 주차장,02-749-5314,0,미연계중,1,Y,유료,N,야간 미개방,1100,2100,1100,1700,0000,0000,2019-10-07 16:33,N,무료,Y,유료,0,1.11701E+12,250,5,250,5,0,0,0,0,0,,
1549662,장충단로(한남광장) 관광버스전용 주차장(시),용산구 한남동 9-19,NS,노상 주차장,4,버스전용 주차장,02-2290-6449,1,현재~20분이내 연계데이터 존재(현재 주차대수 표현),1,N,무료,N,야간 미개방,0000,0000,0000,0000,0000,0000,2026-04-07 13:36,Y,유료,Y,유료,0,1.11701E+12,0,0,0,0,0,0,0,0,0,37.54738352,127.002699
1549662,장충단로(한남광장) 관광버스전용 주차장(시),용산구 한남동 9-19,NS,노상 주차장,4,버스전용 주차장,02-2290-6449,1,현재~20분이내 연계데이터 존재(현재 주차대수 표현),1,N,무료,N,야간 미개방,0000,0000,0000,0000,0000,0000,2026-04-07 13:36,Y,유료,Y,유료,0,1.11701E+12,0,0,0,0,0,0,0,0,0,37.54735334,127.0026562
1549662,장충단로(한남광장) 관광버스전용 주차장(시),용산구 한남동 9-19,NS,노상 주차장,4,버스전용 주차장,02-2290-6449,1,현재~20분이내 연계데이터 존재(현재 주차대수 표현),1,N,무료,N,야간 미개방,0000,0000,0000,0000,0000,0000,2026-04-07 13:36,Y,유료,Y,유료,0,1.11701E+12,0,0,0,0,0,0,0,0,0,37.54736853,127.0026775
1549662,장충단로(한남광장) 관광버스전용 주차장(시),용산구 한남동 9-19,NS,노상 주차장,4,버스전용 주차장,02-2290-6449,1,현재~20분이내 연계데이터 존재(현재 주차대수 표현),1,N,무료,N,야간 미개방,0000,0000,0000,0000,0000,0000,2026-04-07 13:36,Y,유료,Y,유료,0,1.11701E+12,0,0,0,0,0,0,0,0,0,37.547311,127.0025828
1549662,장충단로(한남광장) 관광버스전용 주차장(시),용산구 한남동 9-19,NS,노상 주차장,4,버스전용 주차장,02-2290-6449,1,현재~20분이내 연계데이터 존재(현재 주차대수 표현),1,N,무료,N,야간 미개방,0000,0000,0000,0000,0000,0000,2026-04-07 13:36,Y,유료,Y,유료,0,1.11701E+12,0,0,0,0,0,0,0,0,0,37.54733865,127.0026346
1551329,경남아파트 앞 노상주차장(구),영등포구 영등포동7가 56-0,NS,노상 주차장,3,시간제 + 거주자 주차장,02-2650-1436,0,미연계중,1,Y,유료,N,야간 미개방,0900,1900,0900,1500,0000,0000,2019-06-10 11:24,N,무료,N,무료,50000,1.15601E+12,100,5,200,10,0,0,0,0,6000,,
1551423,신흥증권앞 노상주차장(구),영등포구 여의도동 2-4,NS,노상 주차장,1,시간제 주차장,02-2650-1436,0,미연계중,1,Y,유료,N,야간 미개방,0900,1900,0900,1500,0000,0000,2020-09-09 10:43,N,무료,Y,유료,200000,1.15601E+12,500,5,500,5,0,0,0,0,36000,,
1551803,경도상가앞 노상주차장(구),영등포구 여의도동 44-0,NS,노상 주차장,1,시간제 주차장,02-2650-1436,0,미연계중,1,Y,유료,N,야간 미개방,0900,1900,0900,1500,0000,0000,2020-09-09 16:31,N,무료,Y,유료,200000,1.15601E+12,500,5,1000,10,0,0,0,0,36000,,
1552993,상봉복개(구),중랑구 상봉동 399-4,NS,노상 주차장,1,시간제 주차장,02-2272-8821,0,미연계중,1,Y,유료,N,야간 미개방,0900,1900,0900,1500,0000,0000,2021-07-06 11:17,N,무료,Y,유료,0,1.12601E+12,400,5,400,5,0,0,0,0,0,,
1552996,묵중안공영주차장(구),중랑구 묵동 250-39,NS,노상 주차장,3,시간제 + 거주자 주차장,,0,미연계중,1,Y,유료,N,야간 미개방,0900,1900,0900,1500,0000,0000,2019-06-10 11:22,N,무료,N,무료,0,1.12601E+12,250,5,250,5,0,0,0,0,0,,
1554685,묵중안공영주차장(구),중랑구 중화동 250-39,NS,노상 주차장,3,시간제 + 거주자 주차장,,0,미연계중,1,Y,유료,N,야간 미개방,0900,1900,0900,1500,0000,0000,2019-06-10 11:28,N,무료,N,무료,0,1.12601E+12,250,5,250,5,0,0,0,0,0,,
1554862,중화동(구),중랑구 중화동 61-2,NS,노상 주차장,1,시간제 주차장,,0,미연계중,1,Y,유료,N,야간 미개방,0900,1900,0900,1500,0000,0000,2021-07-06 13:27,N,무료,Y,유료,0,1.12601E+12,100,5,100,5,0,0,0,0,0,,
1554869,우림시장공영주차장(구),중랑구 망우동 486-10,NS,노상 주차장,1,시간제 주차장,02-436-3598,0,미연계중,1,Y,유료,N,야간 미개방,0900,1900,0900,1500,0000,0000,2019-06-10 11:22,N,무료,Y,유료,0,1.12601E+12,250,5,250,5,0,0,0,0,0,,
1554895,나들목공영주차장(구),중랑구 중화동 304-36,NS,노상 주차장,3,시간제 + 거주자 주차장,02-438-7210,0,미연계중,1,Y,유료,N,야간 미개방,0900,1900,0900,1500,0000,0000,2019-06-10 11:22,N,무료,N,무료,0,1.12601E+12,250,5,250,5,0,0,0,0,0,,
1554946,동부갯 공영주차장(구),중랑구 망우동 487-1,NS,노상 주차장,1,시간제 주차장,02-438-7209,0,미연계중,1,Y,유료,N,야간 미개방,0900,1900,0900,1500,0000,0000,2019-06-10 11:22,N,무료,Y,유료,0,1.12601E+12,250,5,250,5,0,0,0,0,0,,
1556710,매화공영주차장(구),중랑구 상봉동 85-41,NS,노상 주차장,1,시간제 주차장,02-438-7210,0,미연계중,1,Y,유료,N,야간 미개방,0900,1900,0900,1500,0000,0000,2019-06-10 11:22,N,무료,Y,유료,0,1.12601E+12,250,5,250,5,0,0,0,0,0,,
1556726,맛솜씨공영주차장(구),중랑구 망우동 490-21,NS,노상 주차장,1,시간제 주차장,,0,미연계중,1,Y,유료,N,야간 미개방,0900,1900,0900,1500,0000,0000,2019-06-10 11:22,N,무료,Y,유료,0,1.12601E+12,250,5,250,5,0,0,0,0,0,,
1556767,주막거리공영주차장(구),중랑구 상봉동 127-19,NS,노상 주차장,1,시간제 주차장,02-438-7210,0,미연계중,1,Y,유료,N,야간 미개방,0900,1900,0900,1500,0000,0000,2019-06-10 11:22,N,무료,Y,유료,0,1.12601E+12,250,5,250,5,0,0,0,0,0,,
1561583,양남사거리 앞 노상주차장(구),영등포구 양평동1가 30-0,NS,노상 주차장,3,시간제 + 거주자 주차장,02-2650-1436,0,미연계중,1,Y,유료,N,야간 미개방,0900,1900,0900,1500,0000,0000,2019-06-10 11:22,N,무료,N,무료,100000,1.15601E+12,250,5,250,5,0,0,0,0,15000,,
1561760,태양빌딩앞 노상주차장(구),영등포구 여의도동 4-4,NS,노상 주차장,1,시간제 주차장,02-2650-1436,0,미연계중,1,Y,유료,N,야간 미개방,0900,1900,0900,1500,0000,0000,2020-09-09 11:25,N,무료,Y,유료,200000,1.15601E+12,500,5,1000,10,0,0,0,0,36000,,
1562029,대림역 공영주차장(시),영등포구 대림동 808-24,NS,노상 주차장,1,시간제 주차장,,1,현재~20분이내 연계데이터 존재(현재 주차대수 표현),1,Y,유료,N,야간 미개방,0900,1900,0900,1500,0000,2400,2026-04-07 11:02,N,무료,N,무료,0,1.15601E+12,400,5,400,5,0,0,0,0,0,37.49246098,126.8956246
1562029,대림역 공영주차장(시),영등포구 대림동 808-24,NS,노상 주차장,1,시간제 주차장,,1,현재~20분이내 연계데이터 존재(현재 주차대수 표현),1,Y,유료,N,야간 미개방,0900,1900,0900,1500,0000,2400,2026-04-07 11:02,N,무료,N,무료,0,1.15601E+12,400,5,400,5,0,0,0,0,0,37.49336872,126.8952879
1562029,대림역 공영주차장(시),영등포구 대림동 808-24,NS,노상 주차장,1,시간제 주차장,,1,현재~20분이내 연계데이터 존재(현재 주차대수 표현),1,Y,유료,N,야간 미개방,0900,1900,0900,1500,0000,2400,2026-04-07 11:02,N,무료,N,무료,0,1.15601E+12,400,5,400,5,0,0,0,0,0,37.49358291,126.8952086
1562029,대림역 공영주차장(시),영등포구 대림동 808-24,NS,노상 주차장,1,시간제 주차장,,1,현재~20분이내 연계데이터 존재(현재 주차대수 표현),1,Y,유료,N,야간 미개방,0900,1900,0900,1500,0000,2400,2026-04-07 11:02,N,무료,N,무료,0,1.15601E+12,400,5,400,5,0,0,0,0,0,37.49289183,126.8954648
1562029,대림역 공영주차장(시),영등포구 대림동 808-24,NS,노상 주차장,1,시간제 주차장,,1,현재~20분이내 연계데이터 존재(현재 주차대수 표현),1,Y,유료,N,야간 미개방,0900,1900,0900,1500,0000,2400,2026-04-07 11:02,N,무료,N,무료,0,1.15601E+12,400,5,400,5,0,0,0,0,0,37.4936352,126.8951894
1562029,대림역 공영주차장(시),영등포구 대림동 808-24,NS,노상 주차장,1,시간제 주차장,,1,현재~20분이내 연계데이터 존재(현재 주차대수 표현),1,Y,유료,N,야간 미개방,0900,1900,0900,1500,0000,2400,2026-04-07 11:02,N,무료,N,무료,0,1.15601E+12,400,5,400,5,0,0,0,0,0,37.49261984,126.8955647
1562029,대림역 공영주차장(시),영등포구 대림동 808-24,NS,노상 주차장,1,시간제 주차장,,1,현재~20분이내 연계데이터 존재(현재 주차대수 표현),1,Y,유료,N,야간 미개방,0900,1900,0900,1500,0000,2400,2026-04-07 11:02,N,무료,N,무료,0,1.15601E+12,400,5,400,5,0,0,0,0,0,37.49294622,126.8954448
1562029,대림역 공영주차장(시),영등포구 대림동 808-24,NS,노상 주차장,1,시간제 주차장,,1,현재~20분이내 연계데이터 존재(현재 주차대수 표현),1,Y,유료,N,야간 미개방,0900,1900,0900,1500,0000,2400,2026-04-07 11:02,N,무료,N,무료,0,1.15601E+12,400,5,400,5,0,0,0,0,0,37.49374143,126.8951493
1562029,대림역 공영주차장(시),영등포구 대림동 808-24,NS,노상 주차장,1,시간제 주차장,,1,현재~20분이내 연계데이터 존재(현재 주차대수 표현),1,Y,유료,N,야간 미개방,0900,1900,0900,1500,0000,2400,2026-04-07 11:02,N,무료,N,무료,0,1.15601E+12,400,5,400,5,0,0,0,0,0,37.4936884,126.8951696
1562029,대림역 공영주차장(시),영등포구 대림동 808-24,NS,노상 주차장,1,시간제 주차장,,1,현재~20분이내 연계데이터 존재(현재 주차대수 표현),1,Y,유료,N,야간 미개방,0900,1900,0900,1500,0000,2400,2026-04-07 11:02,N,무료,N,무료,0,1.15601E+12,400,5,400,5,0,0,0,0,0,37.49278304,126.8955046
1562029,대림역 공영주차장(시),영등포구 대림동 808-24,NS,노상 주차장,1,시간제 주차장,,1,현재~20분이내 연계데이터 존재(현재 주차대수 표현),1,Y,유료,N,야간 미개방,0900,1900,0900,1500,0000,2400,2026-04-07 11:02,N,무료,N,무료,0,1.15601E+12,400,5,400,5,0,0,0,0,0,37.49272864,126.8955245
1562029,대림역 공영주차장(시),영등포구 대림동 808-24,NS,노상 주차장,1,시간제 주차장,,1,현재~20분이내 연계데이터 존재(현재 주차대수 표현),1,Y,유료,N,야간 미개방,0900,1900,0900,1500,0000,2400,2026-04-07 11:02,N,무료,N,무료,0,1.15601E+12,400,5,400,5,0,0,0,0,0,37.49352974,126.8952282
1562029,대림역 공영주차장(시),영등포구 대림동 808-24,NS,노상 주차장,1,시간제 주차장,,1,현재~20분이내 연계데이터 존재(현재 주차대수 표현),1,Y,유료,N,야간 미개방,0900,1900,0900,1500,0000,2400,2026-04-07 11:02,N,무료,N,무료,0,1.15601E+12,400,5,400,5,0,0,0,0,0,37.49342257,126.8952681
1562029,대림역 공영주차장(시),영등포구 대림동 808-24,NS,노상 주차장,1,시간제 주차장,,1,현재~20분이내 연계데이터 존재(현재 주차대수 표현),1,Y,유료,N,야간 미개방,0900,1900,0900,1500,0000,2400,2026-04-07 11:02,N,무료,N,무료,0,1.15601E+12,400,5,400,5,0,0,0,0,0,37.49321483,126.8953468
1562029,대림역 공영주차장(시),영등포구 대림동 808-24,NS,노상 주차장,1,시간제 주차장,,1,현재~20분이내 연계데이터 존재(현재 주차대수 표현),1,Y,유료,N,야간 미개방,0900,1900,0900,1500,0000,2400,2026-04-07 11:02,N,무료,N,무료,0,1.15601E+12,400,5,400,5,0,0,0,0,0,37.49310736,126.8953859
1562029,대림역 공영주차장(시),영등포구 대림동 808-24,NS,노상 주차장,1,시간제 주차장,,1,현재~20분이내 연계데이터 존재(현재 주차대수 표현),1,Y,유료,N,야간 미개방,0900,1900,0900,1500,0000,2400,2026-04-07 11:02,N,무료,N,무료,0,1.15601E+12,400,5,400,5,0,0,0,0,0,37.49305501,126.895405
1562029,대림역 공영주차장(시),영등포구 대림동 808-24,NS,노상 주차장,1,시간제 주차장,,1,현재~20분이내 연계데이터 존재(현재 주차대수 표현),1,Y,유료,N,야간 미개방,0900,1900,0900,1500,0000,2400,2026-04-07 11:02,N,무료,N,무료,0,1.15601E+12,400,5,400,5,0,0,0,0,0,37.49300062,126.8954249
1562029,대림역 공영주차장(시),영등포구 대림동 808-24,NS,노상 주차장,1,시간제 주차장,,1,현재~20분이내 연계데이터 존재(현재 주차대수 표현),1,Y,유료,N,야간 미개방,0900,1900,0900,1500,0000,2400,2026-04-07 11:02,N,무료,N,무료,0,1.15601E+12,400,5,400,5,0,0,0,0,0,37.49267425,126.8955445
1563914,여의서로 공영주차장(시),영등포구 여의도동 8-1,NS,노상 주차장,1,시간제 주차장,,1,현재~20분이내 연계데이터 존재(현재 주차대수 표현),1,Y,유료,N,야간 미개방,0900,1900,0900,1500,0000,0000,2026-04-07 11:10,N,무료,Y,유료,120000,1.15601E+12,280,5,280,5,0,0,0,0,,37.53355206,126.9122898
1563914,여의서로 공영주차장(시),영등포구 여의도동 8-1,NS,노상 주차장,1,시간제 주차장,,1,현재~20분이내 연계데이터 존재(현재 주차대수 표현),1,Y,유료,N,야간 미개방,0900,1900,0900,1500,0000,0000,2026-04-07 11:10,N,무료,Y,유료,120000,1.15601E+12,280,5,280,5,0,0,0,0,,37.53316046,126.917107
1563914,여의서로 공영주차장(시),영등포구 여의도동 8-1,NS,노상 주차장,1,시간제 주차장,,1,현재~20분이내 연계데이터 존재(현재 주차대수 표현),1,Y,유료,N,야간 미개방,0900,1900,0900,1500,0000,0000,2026-04-07 11:10,N,무료,Y,유료,120000,1.15601E+12,280,5,280,5,0,0,0,0,,37.53358264,126.9133712
1563914,여의서로 공영주차장(시),영등포구 여의도동 8-1,NS,노상 주차장,1,시간제 주차장,,1,현재~20분이내 연계데이터 존재(현재 주차대수 표현),1,Y,유료,N,야간 미개방,0900,1900,0900,1500,0000,0000,2026-04-07 11:10,N,무료,Y,유료,120000,1.15601E+12,280,5,280,5,0,0,0,0,,37.53062176,126.9120705
1563914,여의서로 공영주차장(시),영등포구 여의도동 8-1,NS,노상 주차장,1,시간제 주차장,,1,현재~20분이내 연계데이터 존재(현재 주차대수 표현),1,Y,유료,N,야간 미개방,0900,1900,0900,1500,0000,0000,2026-04-07 11:10,N,무료,Y,유료,120000,1.15601E+12,280,5,280,5,0,0,0,0,,37.53322869,126.9117193
1563914,여의서로 공영주차장(시),영등포구 여의도동 8-1,NS,노상 주차장,1,시간제 주차장,,1,현재~20분이내 연계데이터 존재(현재 주차대수 표현),1,Y,유료,N,야간 미개방,0900,1900,0900,1500,0000,0000,2026-04-07 11:10,N,무료,Y,유료,120000,1.15601E+12,280,5,280,5,0,0,0,0,,37.53357348,126.9135071
1563914,여의서로 공영주차장(시),영등포구 여의도동 8-1,NS,노상 주차장,1,시간제 주차장,,1,현재~20분이내 연계데이터 존재(현재 주차대수 표현),1,Y,유료,N,야간 미개방,0900,1900,0900,1500,0000,0000,2026-04-07 11:10,N,무료,Y,유료,120000,1.15601E+12,280,5,280,5,0,0,0,0,,37.53262493,126.9114222
1563914,여의서로 공영주차장(시),영등포구 여의도동 8-1,NS,노상 주차장,1,시간제 주차장,,1,현재~20분이내 연계데이터 존재(현재 주차대수 표현),1,Y,유료,N,야간 미개방,0900,1900,0900,1500,0000,0000,2026-04-07 11:10,N,무료,Y,유료,120000,1.15601E+12,280,5,280,5,0,0,0,0,,37.53057001,126.9120911
1563914,여의서로 공영주차장(시),영등포구 여의도동 8-1,NS,노상 주차장,1,시간제 주차장,,1,현재~20분이내 연계데이터 존재(현재 주차대수 표현),1,Y,유료,N,야간 미개방,0900,1900,0900,1500,0000,0000,2026-04-07 11:10,N,무료,Y,유료,120000,1.15601E+12,280,5,280,5,0,0,0,0,,37.52994654,126.912328
1563914,여의서로 공영주차장(시),영등포구 여의도동 8-1,NS,노상 주차장,1,시간제 주차장,,1,현재~20분이내 연계데이터 존재(현재 주차대수 표현),1,Y,유료,N,야간 미개방,0900,1900,0900,1500,0000,0000,2026-04-07 11:10,N,무료,Y,유료,120000,1.15601E+12,280,5,280,5,0,0,0,0,,37.53360454,126.9130998
1563914,여의서로 공영주차장(시),영등포구 여의도동 8-1,NS,노상 주차장,1,시간제 주차장,,1,현재~20분이내 연계데이터 존재(현재 주차대수 표현),1,Y,유료,N,야간 미개방,0900,1900,0900,1500,0000,0000,2026-04-07 11:10,N,무료,Y,유료,120000,1.15601E+12,280,5,280,5,0,0,0,0,,37.53318574,126.9169803
1563914,여의서로 공영주차장(시),영등포구 여의도동 8-1,NS,노상 주차장,1,시간제 주차장,,1,현재~20분이내 연계데이터 존재(현재 주차대수 표현),1,Y,유료,N,야간 미개방,0900,1900,0900,1500,0000,0000,2026-04-07 11:10,N,무료,Y,유료,120000,1.15601E+12,280,5,280,5,0,0,0,0,,37.5301542,126.9122486
1563914,여의서로 공영주차장(시),영등포구 여의도동 8-1,NS,노상 주차장,1,시간제 주차장,,1,현재~20분이내 연계데이터 존재(현재 주차대수 표현),1,Y,유료,N,야간 미개방,0900,1900,0900,1500,0000,0000,2026-04-07 11:10,N,무료,Y,유료,120000,1.15601E+12,280,5,280,5,0,0,0,0,,37.5336047,126.9124836
1563914,여의서로 공영주차장(시),영등포구 여의도동 8-1,NS,노상 주차장,1,시간제 주차장,,1,현재~20분이내 연계데이터 존재(현재 주차대수 표현),1,Y,유료,N,야간 미개방,0900,1900,0900,1500,0000,0000,2026-04-07 11:10,N,무료,Y,유료,120000,1.15601E+12,280,5,280,5,0,0,0,0,,37.53273377,126.9114406
1563914,여의서로 공영주차장(시),영등포구 여의도동 8-1,NS,노상 주차장,1,시간제 주차장,,1,현재~20분이내 연계데이터 존재(현재 주차대수 표현),1,Y,유료,N,야간 미개방,0900,1900,0900,1500,0000,0000,2026-04-07 11:10,N,무료,Y,유료,120000,1.15601E+12,280,5,280,5,0,0,0,0,,37.53362496,126.9126195
1563914,여의서로 공영주차장(시),영등포구 여의도동 8-1,NS,노상 주차장,1,시간제 주차장,,1,현재~20분이내 연계데이터 존재(현재 주차대수 표현),1,Y,유료,N,야간 미개방,0900,1900,0900,1500,0000,0000,2026-04-07 11:10,N,무료,Y,유료,120000,1.15601E+12,280,5,280,5,0,0,0,0,,37.53361781,126.912552
1563914,여의서로 공영주차장(시),영등포구 여의도동 8-1,NS,노상 주차장,1,시간제 주차장,,1,현재~20분이내 연계데이터 존재(현재 주차대수 표현),1,Y,유료,N,야간 미개방,0900,1900,0900,1500,0000,0000,2026-04-07 11:10,N,무료,Y,유료,120000,1.15601E+12,280,5,280,5,0,0,0,0,,37.53289339,126.9114892
1563914,여의서로 공영주차장(시),영등포구 여의도동 8-1,NS,노상 주차장,1,시간제 주차장,,1,현재~20분이내 연계데이터 존재(현재 주차대수 표현),1,Y,유료,N,야간 미개방,0900,1900,0900,1500,0000,0000,2026-04-07 11:10,N,무료,Y,유료,120000,1.15601E+12,280,5,280,5,0,0,0,0,,37.5325156,126.9114159
1563914,여의서로 공영주차장(시),영등포구 여의도동 8-1,NS,노상 주차장,1,시간제 주차장,,1,현재~20분이내 연계데이터 존재(현재 주차대수 표현),1,Y,유료,N,야간 미개방,0900,1900,0900,1500,0000,0000,2026-04-07 11:10,N,무료,Y,유료,120000,1.15601E+12,280,5,280,5,0,0,0,0,,37.53051814,126.9121112
1563914,여의서로 공영주차장(시),영등포구 여의도동 8-1,NS,노상 주차장,1,시간제 주차장,,1,현재~20분이내 연계데이터 존재(현재 주차대수 표현),1,Y,유료,N,야간 미개방,0900,1900,0900,1500,0000,0000,2026-04-07 11:10,N,무료,Y,유료,120000,1.15601E+12,280,5,280,5,0,0,0,0,,37.53333233,126.9160537
1563914,여의서로 공영주차장(시),영등포구 여의도동 8-1,NS,노상 주차장,1,시간제 주차장,,1,현재~20분이내 연계데이터 존재(현재 주차대수 표현),1,Y,유료,N,야간 미개방,0900,1900,0900,1500,0000,0000,2026-04-07 11:10,N,무료,Y,유료,120000,1.15601E+12,280,5,280,5,0,0,0,0,,37.5335688,126.9135749
1563914,여의서로 공영주차장(시),영등포구 여의도동 8-1,NS,노상 주차장,1,시간제 주차장,,1,현재~20분이내 연계데이터 존재(현재 주차대수 표현),1,Y,유료,N,야간 미개방,0900,1900,0900,1500,0000,0000,2026-04-07 11:10,N,무료,Y,유료,120000,1.15601E+12,280,5,280,5,0,0,0,0,,37.53317247,126.9170444
1563914,여의서로 공영주차장(시),영등포구 여의도동 8-1,NS,노상 주차장,1,시간제 주차장,,1,현재~20분이내 연계데이터 존재(현재 주차대수 표현),1,Y,유료,N,야간 미개방,0900,1900,0900,1500,0000,0000,2026-04-07 11:10,N,무료,Y,유료,120000,1.15601E+12,280,5,280,5,0,0,0,0,,37.53358735,126.9124189
1563914,여의서로 공영주차장(시),영등포구 여의도동 8-1,NS,노상 주차장,1,시간제 주차장,,1,현재~20분이내 연계데이터 존재(현재 주차대수 표현),1,Y,유료,N,야간 미개방,0900,1900,0900,1500,0000,0000,2026-04-07 11:10,N,무료,Y,유료,120000,1.15601E+12,280,5,280,5,0,0,0,0,,37.53353112,126.9122263
1563914,여의서로 공영주차장(시),영등포구 여의도동 8-1,NS,노상 주차장,1,시간제 주차장,,1,현재~20분이내 연계데이터 존재(현재 주차대수 표현),1,Y,유료,N,야간 미개방,0900,1900,0900,1500,0000,0000,2026-04-07 11:10,N,무료,Y,유료,120000,1.15601E+12,280,5,280,5,0,0,0,0,,37.53224251,126.9114551
1563914,여의서로 공영주차장(시),영등포구 여의도동 8-1,NS,노상 주차장,1,시간제 주차장,,1,현재~20분이내 연계데이터 존재(현재 주차대수 표현),1,Y,유료,N,야간 미개방,0900,1900,0900,1500,0000,0000,2026-04-07 11:10,N,무료,Y,유료,120000,1.15601E+12,280,5,280,5,0,0,0,0,,37.52984274,126.9123677
1563914,여의서로 공영주차장(시),영등포구 여의도동 8-1,NS,노상 주차장,1,시간제 주차장,,1,현재~20분이내 연계데이터 존재(현재 주차대수 표현),1,Y,유료,N,야간 미개방,0900,1900,0900,1500,0000,0000,2026-04-07 11:10,N,무료,Y,유료,120000,1.15601E+12,280,5,280,5,0,0,0,0,,37.53306819,126.9175429
1563914,여의서로 공영주차장(시),영등포구 여의도동 8-1,NS,노상 주차장,1,시간제 주차장,,1,현재~20분이내 연계데이터 존재(현재 주차대수 표현),1,Y,유료,N,야간 미개방,0900,1900,0900,1500,0000,0000,2026-04-07 11:10,N,무료,Y,유료,120000,1.15601E+12,280,5,280,5,0,0,0,0,,37.53313994,126.9116355
1563914,여의서로 공영주차장(시),영등포구 여의도동 8-1,NS,노상 주차장,1,시간제 주차장,,1,현재~20분이내 연계데이터 존재(현재 주차대수 표현),1,Y,유료,N,야간 미개방,0900,1900,0900,1500,0000,0000,2026-04-07 11:10,N,무료,Y,유료,120000,1.15601E+12,280,5,280,5,0,0,0,0,,37.53294582,126.9115114
1563914,여의서로 공영주차장(시),영등포구 여의도동 8-1,NS,노상 주차장,1,시간제 주차장,,1,현재~20분이내 연계데이터 존재(현재 주차대수 표현),1,Y,유료,N,야간 미개방,0900,1900,0900,1500,0000,0000,2026-04-07 11:10,N,무료,Y,유료,120000,1.15601E+12,280,5,280,5,0,0,0,0,,37.5330453,126.9115682
1563914,여의서로 공영주차장(시),영등포구 여의도동 8-1,NS,노상 주차장,1,시간제 주차장,,1,현재~20분이내 연계데이터 존재(현재 주차대수 표현),1,Y,유료,N,야간 미개방,0900,1900,0900,1500,0000,0000,2026-04-07 11:10,N,무료,Y,유료,120000,1.15601E+12,280,5,280,5,0,0,0,0,,37.53328617,126.9163918
1563914,여의서로 공영주차장(시),영등포구 여의도동 8-1,NS,노상 주차장,1,시간제 주차장,,1,현재~20분이내 연계데이터 존재(현재 주차대수 표현),1,Y,유료,N,야간 미개방,0900,1900,0900,1500,0000,0000,2026-04-07 11:10,N,무료,Y,유료,120000,1.15601E+12,280,5,280,5,0,0,0,0,,37.53357753,126.9134391
1563914,여의서로 공영주차장(시),영등포구 여의도동 8-1,NS,노상 주차장,1,시간제 주차장,,1,현재~20분이내 연계데이터 존재(현재 주차대수 표현),1,Y,유료,N,야간 미개방,0900,1900,0900,1500,0000,0000,2026-04-07 11:10,N,무료,Y,유료,120000,1.15601E+12,280,5,280,5,0,0,0,0,,37.53361325,126.9129639
1563914,여의서로 공영주차장(시),영등포구 여의도동 8-1,NS,노상 주차장,1,시간제 주차장,,1,현재~20분이내 연계데이터 존재(현재 주차대수 표현),1,Y,유료,N,야간 미개방,0900,1900,0900,1500,0000,0000,2026-04-07 11:10,N,무료,Y,유료,120000,1.15601E+12,280,5,280,5,0,0,0,0,,37.53314855,126.9171705
1563914,여의서로 공영주차장(시),영등포구 여의도동 8-1,NS,노상 주차장,1,시간제 주차장,,1,현재~20분이내 연계데이터 존재(현재 주차대수 표현),1,Y,유료,N,야간 미개방,0900,1900,0900,1500,0000,0000,2026-04-07 11:10,N,무료,Y,유료,120000,1.15601E+12,280,5,280,5,0,0,0,0,,37.53359901,126.9131677
1563914,여의서로 공영주차장(시),영등포구 여의도동 8-1,NS,노상 주차장,1,시간제 주차장,,1,현재~20분이내 연계데이터 존재(현재 주차대수 표현),1,Y,유료,N,야간 미개방,0900,1900,0900,1500,0000,0000,2026-04-07 11:10,N,무료,Y,유료,120000,1.15601E+12,280,5,280,5,0,0,0,0,,37.53355772,126.9137106
1563914,여의서로 공영주차장(시),영등포구 여의도동 8-1,NS,노상 주차장,1,시간제 주차장,,1,현재~20분이내 연계데이터 존재(현재 주차대수 표현),1,Y,유료,N,야간 미개방,0900,1900,0900,1500,0000,0000,2026-04-07 11:10,N,무료,Y,유료,120000,1.15601E+12,280,5,280,5,0,0,0,0,,37.5333572,126.9157946
1563914,여의서로 공영주차장(시),영등포구 여의도동 8-1,NS,노상 주차장,1,시간제 주차장,,1,현재~20분이내 연계데이터 존재(현재 주차대수 표현),1,Y,유료,N,야간 미개방,0900,1900,0900,1500,0000,0000,2026-04-07 11:10,N,무료,Y,유료,120000,1.15601E+12,280,5,280,5,0,0,0,0,,37.53067382,126.9120512
1563914,여의서로 공영주차장(시),영등포구 여의도동 8-1,NS,노상 주차장,1,시간제 주차장,,1,현재~20분이내 연계데이터 존재(현재 주차대수 표현),1,Y,유료,N,야간 미개방,0900,1900,0900,1500,0000,0000,2026-04-07 11:10,N,무료,Y,유료,120000,1.15601E+12,280,5,280,5,0,0,0,0,,37.53036195,126.9121692
1563914,여의서로 공영주차장(시),영등포구 여의도동 8-1,NS,노상 주차장,1,시간제 주차장,,1,현재~20분이내 연계데이터 존재(현재 주차대수 표현),1,Y,유료,N,야간 미개방,0900,1900,0900,1500,0000,0000,2026-04-07 11:10,N,무료,Y,유료,120000,1.15601E+12,280,5,280,5,0,0,0,0,,37.53329569,126.9163229
1563914,여의서로 공영주차장(시),영등포구 여의도동 8-1,NS,노상 주차장,1,시간제 주차장,,1,현재~20분이내 연계데이터 존재(현재 주차대수 표현),1,Y,유료,N,야간 미개방,0900,1900,0900,1500,0000,0000,2026-04-07 11:10,N,무료,Y,유료,120000,1.15601E+12,280,5,280,5,0,0,0,0,,37.53267896,126.9114293
1563914,여의서로 공영주차장(시),영등포구 여의도동 8-1,NS,노상 주차장,1,시간제 주차장,,1,현재~20분이내 연계데이터 존재(현재 주차대수 표현),1,Y,유료,N,야간 미개방,0900,1900,0900,1500,0000,0000,2026-04-07 11:10,N,무료,Y,유료,120000,1.15601E+12,280,5,280,5,0,0,0,0,,37.5324092,126.9114251
1563914,여의서로 공영주차장(시),영등포구 여의도동 8-1,NS,노상 주차장,1,시간제 주차장,,1,현재~20분이내 연계데이터 존재(현재 주차대수 표현),1,Y,유료,N,야간 미개방,0900,1900,0900,1500,0000,0000,2026-04-07 11:10,N,무료,Y,유료,120000,1.15601E+12,280,5,280,5,0,0,0,0,,37.53077776,126.9120118
1563914,여의서로 공영주차장(시),영등포구 여의도동 8-1,NS,노상 주차장,1,시간제 주차장,,1,현재~20분이내 연계데이터 존재(현재 주차대수 표현),1,Y,유료,N,야간 미개방,0900,1900,0900,1500,0000,0000,2026-04-07 11:10,N,무료,Y,유료,120000,1.15601E+12,280,5,280,5,0,0,0,0,,37.53334441,126.9159234
1563914,여의서로 공영주차장(시),영등포구 여의도동 8-1,NS,노상 주차장,1,시간제 주차장,,1,현재~20분이내 연계데이터 존재(현재 주차대수 표현),1,Y,유료,N,야간 미개방,0900,1900,0900,1500,0000,0000,2026-04-07 11:10,N,무료,Y,유료,120000,1.15601E+12,280,5,280,5,0,0,0,0,,37.53312255,126.9172947
1563914,여의서로 공영주차장(시),영등포구 여의도동 8-1,NS,노상 주차장,1,시간제 주차장,,1,현재~20분이내 연계데이터 존재(현재 주차대수 표현),1,Y,유료,N,야간 미개방,0900,1900,0900,1500,0000,0000,2026-04-07 11:10,N,무료,Y,유료,120000,1.15601E+12,280,5,280,5,0,0,0,0,,37.53284015,126.9114721
1563914,여의서로 공영주차장(시),영등포구 여의도동 8-1,NS,노상 주차장,1,시간제 주차장,,1,현재~20분이내 연계데이터 존재(현재 주차대수 표현),1,Y,유료,N,야간 미개방,0900,1900,0900,1500,0000,0000,2026-04-07 11:10,N,무료,Y,유료,120000,1.15601E+12,280,5,280,5,0,0,0,0,,37.5333371,126.9159893
1563914,여의서로 공영주차장(시),영등포구 여의도동 8-1,NS,노상 주차장,1,시간제 주차장,,1,현재~20분이내 연계데이터 존재(현재 주차대수 표현),1,Y,유료,N,야간 미개방,0900,1900,0900,1500,0000,0000,2026-04-07 11:10,N,무료,Y,유료,120000,1.15601E+12,280,5,280,5,0,0,0,0,,37.53310979,126.9173557
1563914,여의서로 공영주차장(시),영등포구 여의도동 8-1,NS,노상 주차장,1,시간제 주차장,,1,현재~20분이내 연계데이터 존재(현재 주차대수 표현),1,Y,유료,N,야간 미개방,0900,1900,0900,1500,0000,0000,2026-04-07 11:10,N,무료,Y,유료,120000,1.15601E+12,280,5,280,5,0,0,0,0,,37.53305395,126.9176028
1563914,여의서로 공영주차장(시),영등포구 여의도동 8-1,NS,노상 주차장,1,시간제 주차장,,1,현재~20분이내 연계데이터 존재(현재 주차대수 표현),1,Y,유료,N,야간 미개방,0900,1900,0900,1500,0000,0000,2026-04-07 11:10,N,무료,Y,유료,120000,1.15601E+12,280,5,280,5,0,0,0,0,,37.53359347,126.9132355
1563914,여의서로 공영주차장(시),영등포구 여의도동 8-1,NS,노상 주차장,1,시간제 주차장,,1,현재~20분이내 연계데이터 존재(현재 주차대수 표현),1,Y,유료,N,야간 미개방,0900,1900,0900,1500,0000,0000,2026-04-07 11:10,N,무료,Y,유료,120000,1.15601E+12,280,5,280,5,0,0,0,0,,37.53309473,126.9115966
1563914,여의서로 공영주차장(시),영등포구 여의도동 8-1,NS,노상 주차장,1,시간제 주차장,,1,현재~20분이내 연계데이터 존재(현재 주차대수 표현),1,Y,유료,N,야간 미개방,0900,1900,0900,1500,0000,0000,2026-04-07 11:10,N,무료,Y,유료,120000,1.15601E+12,280,5,280,5,0,0,0,0,,37.53010245,126.9122692
1563914,여의서로 공영주차장(시),영등포구 여의도동 8-1,NS,노상 주차장,1,시간제 주차장,,1,현재~20분이내 연계데이터 존재(현재 주차대수 표현),1,Y,유료,N,야간 미개방,0900,1900,0900,1500,0000,0000,2026-04-07 11:10,N,무료,Y,유료,120000,1.15601E+12,280,5,280,5,0,0,0,0,,37.53330498,126.9162559
1563914,여의서로 공영주차장(시),영등포구 여의도동 8-1,NS,노상 주차장,1,시간제 주차장,,1,현재~20분이내 연계데이터 존재(현재 주차대수 표현),1,Y,유료,N,야간 미개방,0900,1900,0900,1500,0000,0000,2026-04-07 11:10,N,무료,Y,유료,120000,1.15601E+12,280,5,280,5,0,0,0,0,,37.53361835,126.912896
1563914,여의서로 공영주차장(시),영등포구 여의도동 8-1,NS,노상 주차장,1,시간제 주차장,,1,현재~20분이내 연계데이터 존재(현재 주차대수 표현),1,Y,유료,N,야간 미개방,0900,1900,0900,1500,0000,0000,2026-04-07 11:10,N,무료,Y,유료,120000,1.15601E+12,280,5,280,5,0,0,0,0,,37.53362928,126.9127604
1563914,여의서로 공영주차장(시),영등포구 여의도동 8-1,NS,노상 주차장,1,시간제 주차장,,1,현재~20분이내 연계데이터 존재(현재 주차대수 표현),1,Y,유료,N,야간 미개방,0900,1900,0900,1500,0000,0000,2026-04-07 11:10,N,무료,Y,유료,120000,1.15601E+12,280,5,280,5,0,0,0,0,,37.53363126,126.9126873
1563914,여의서로 공영주차장(시),영등포구 여의도동 8-1,NS,노상 주차장,1,시간제 주차장,,1,현재~20분이내 연계데이터 존재(현재 주차대수 표현),1,Y,유료,N,야간 미개방,0900,1900,0900,1500,0000,0000,2026-04-07 11:10,N,무료,Y,유료,120000,1.15601E+12,280,5,280,5,0,0,0,0,,37.5300506,126.9122893
1563914,여의서로 공영주차장(시),영등포구 여의도동 8-1,NS,노상 주차장,1,시간제 주차장,,1,현재~20분이내 연계데이터 존재(현재 주차대수 표현),1,Y,유료,N,야간 미개방,0900,1900,0900,1500,0000,0000,2026-04-07 11:10,N,무료,Y,유료,120000,1.15601E+12,280,5,280,5,0,0,0,0,,37.53360921,126.913032
1563914,여의서로 공영주차장(시),영등포구 여의도동 8-1,NS,노상 주차장,1,시간제 주차장,,1,현재~20분이내 연계데이터 존재(현재 주차대수 표현),1,Y,유료,N,야간 미개방,0900,1900,0900,1500,0000,0000,2026-04-07 11:10,N,무료,Y,유료,120000,1.15601E+12,280,5,280,5,0,0,0,0,,37.53309461,126.9174188
1563914,여의서로 공영주차장(시),영등포구 여의도동 8-1,NS,노상 주차장,1,시간제 주차장,,1,현재~20분이내 연계데이터 존재(현재 주차대수 표현),1,Y,유료,N,야간 미개방,0900,1900,0900,1500,0000,0000,2026-04-07 11:10,N,무료,Y,유료,120000,1.15601E+12,280,5,280,5,0,0,0,0,,37.53362374,126.9128283
1563914,여의서로 공영주차장(시),영등포구 여의도동 8-1,NS,노상 주차장,1,시간제 주차장,,1,현재~20분이내 연계데이터 존재(현재 주차대수 표현),1,Y,유료,N,야간 미개방,0900,1900,0900,1500,0000,0000,2026-04-07 11:10,N,무료,Y,유료,120000,1.15601E+12,280,5,280,5,0,0,0,0,,37.53358794,126.9133034
1563914,여의서로 공영주차장(시),영등포구 여의도동 8-1,NS,노상 주차장,1,시간제 주차장,,1,현재~20분이내 연계데이터 존재(현재 주차대수 표현),1,Y,유료,N,야간 미개방,0900,1900,0900,1500,0000,0000,2026-04-07 11:10,N,무료,Y,유료,120000,1.15601E+12,280,5,280,5,0,0,0,0,,37.53041401,126.9121499
1563914,여의서로 공영주차장(시),영등포구 여의도동 8-1,NS,노상 주차장,1,시간제 주차장,,1,현재~20분이내 연계데이터 존재(현재 주차대수 표현),1,Y,유료,N,야간 미개방,0900,1900,0900,1500,0000,0000,2026-04-07 11:10,N,무료,Y,유료,120000,1.15601E+12,280,5,280,5,0,0,0,0,,37.53020626,126.9122293
1563914,여의서로 공영주차장(시),영등포구 여의도동 8-1,NS,노상 주차장,1,시간제 주차장,,1,현재~20분이내 연계데이터 존재(현재 주차대수 표현),1,Y,유료,N,야간 미개방,0900,1900,0900,1500,0000,0000,2026-04-07 11:10,N,무료,Y,유료,120000,1.15601E+12,280,5,280,5,0,0,0,0,,37.53356326,126.9136428
1563914,여의서로 공영주차장(시),영등포구 여의도동 8-1,NS,노상 주차장,1,시간제 주차장,,1,현재~20분이내 연계데이터 존재(현재 주차대수 표현),1,Y,유료,N,야간 미개방,0900,1900,0900,1500,0000,0000,2026-04-07 11:10,N,무료,Y,유료,120000,1.15601E+12,280,5,280,5,0,0,0,0,,37.52989476,126.9123484
1563914,여의서로 공영주차장(시),영등포구 여의도동 8-1,NS,노상 주차장,1,시간제 주차장,,1,현재~20분이내 연계데이터 존재(현재 주차대수 표현),1,Y,유료,N,야간 미개방,0900,1900,0900,1500,0000,0000,2026-04-07 11:10,N,무료,Y,유료,120000,1.15601E+12,280,5,280,5,0,0,0,0,,37.53318408,126.9116766
1563914,여의서로 공영주차장(시),영등포구 여의도동 8-1,NS,노상 주차장,1,시간제 주차장,,1,현재~20분이내 연계데이터 존재(현재 주차대수 표현),1,Y,유료,N,야간 미개방,0900,1900,0900,1500,0000,0000,2026-04-07 11:10,N,무료,Y,유료,120000,1.15601E+12,280,5,280,5,0,0,0,0,,37.533081,126.9174789
1563914,여의서로 공영주차장(시),영등포구 여의도동 8-1,NS,노상 주차장,1,시간제 주차장,,1,현재~20분이내 연계데이터 존재(현재 주차대수 표현),1,Y,유료,N,야간 미개방,0900,1900,0900,1500,0000,0000,2026-04-07 11:10,N,무료,Y,유료,120000,1.15601E+12,280,5,280,5,0,0,0,0,,37.53246272,126.9114177
1563914,여의서로 공영주차장(시),영등포구 여의도동 8-1,NS,노상 주차장,1,시간제 주차장,,1,현재~20분이내 연계데이터 존재(현재 주차대수 표현),1,Y,유료,N,야간 미개방,0900,1900,0900,1500,0000,0000,2026-04-07 11:10,N,무료,Y,유료,120000,1.15601E+12,280,5,280,5,0,0,0,0,,37.5332767,126.9164592
1563914,여의서로 공영주차장(시),영등포구 여의도동 8-1,NS,노상 주차장,1,시간제 주차장,,1,현재~20분이내 연계데이터 존재(현재 주차대수 표현),1,Y,유료,N,야간 미개방,0900,1900,0900,1500,0000,0000,2026-04-07 11:10,N,무료,Y,유료,120000,1.15601E+12,280,5,280,5,0,0,0,0,,37.53319859,126.9169172
1563914,여의서로 공영주차장(시),영등포구 여의도동 8-1,NS,노상 주차장,1,시간제 주차장,,1,현재~20분이내 연계데이터 존재(현재 주차대수 표현),1,Y,유료,N,야간 미개방,0900,1900,0900,1500,0000,0000,2026-04-07 11:10,N,무료,Y,유료,120000,1.15601E+12,280,5,280,5,0,0,0,0,,37.53332393,126.9161217
1563914,여의서로 공영주차장(시),영등포구 여의도동 8-1,NS,노상 주차장,1,시간제 주차장,,1,현재~20분이내 연계데이터 존재(현재 주차대수 표현),1,Y,유료,N,야간 미개방,0900,1900,0900,1500,0000,0000,2026-04-07 11:10,N,무료,Y,유료,120000,1.15601E+12,280,5,280,5,0,0,0,0,,37.53348495,126.9121029
1563914,여의서로 공영주차장(시),영등포구 여의도동 8-1,NS,노상 주차장,1,시간제 주차장,,1,현재~20분이내 연계데이터 존재(현재 주차대수 표현),1,Y,유료,N,야간 미개방,0900,1900,0900,1500,0000,0000,2026-04-07 11:10,N,무료,Y,유료,120000,1.15601E+12,280,5,280,5,0,0,0,0,,37.53025833,126.9122099
1563914,여의서로 공영주차장(시),영등포구 여의도동 8-1,NS,노상 주차장,1,시간제 주차장,,1,현재~20분이내 연계데이터 존재(현재 주차대수 표현),1,Y,유료,N,야간 미개방,0900,1900,0900,1500,0000,0000,2026-04-07 11:10,N,무료,Y,유료,120000,1.15601E+12,280,5,280,5,0,0,0,0,,37.53320847,126.9168516
1563914,여의서로 공영주차장(시),영등포구 여의도동 8-1,NS,노상 주차장,1,시간제 주차장,,1,현재~20분이내 연계데이터 존재(현재 주차대수 표현),1,Y,유료,N,야간 미개방,0900,1900,0900,1500,0000,0000,2026-04-07 11:10,N,무료,Y,유료,120000,1.15601E+12,280,5,280,5,0,0,0,0,,37.53335013,126.9158596
1563914,여의서로 공영주차장(시),영등포구 여의도동 8-1,NS,노상 주차장,1,시간제 주차장,,1,현재~20분이내 연계데이터 존재(현재 주차대수 표현),1,Y,유료,N,야간 미개방,0900,1900,0900,1500,0000,0000,2026-04-07 11:10,N,무료,Y,유료,120000,1.15601E+12,280,5,280,5,0,0,0,0,,37.5303102,126.9121898
1563914,여의서로 공영주차장(시),영등포구 여의도동 8-1,NS,노상 주차장,1,시간제 주차장,,1,현재~20분이내 연계데이터 존재(현재 주차대수 표현),1,Y,유료,N,야간 미개방,0900,1900,0900,1500,0000,0000,2026-04-07 11:10,N,무료,Y,유료,120000,1.15601E+12,280,5,280,5,0,0,0,0,,37.53299588,126.9115399
1563914,여의서로 공영주차장(시),영등포구 여의도동 8-1,NS,노상 주차장,1,시간제 주차장,,1,현재~20분이내 연계데이터 존재(현재 주차대수 표현),1,Y,유료,N,야간 미개방,0900,1900,0900,1500,0000,0000,2026-04-07 11:10,N,무료,Y,유료,120000,1.15601E+12,280,5,280,5,0,0,0,0,,37.53072589,126.9120318
1563914,여의서로 공영주차장(시),영등포구 여의도동 8-1,NS,노상 주차장,1,시간제 주차장,,1,현재~20분이내 연계데이터 존재(현재 주차대수 표현),1,Y,유료,N,야간 미개방,0900,1900,0900,1500,0000,0000,2026-04-07 11:10,N,무료,Y,유료,120000,1.15601E+12,280,5,280,5,0,0,0,0,,37.53257068,126.9114168
1563914,여의서로 공영주차장(시),영등포구 여의도동 8-1,NS,노상 주차장,1,시간제 주차장,,1,현재~20분이내 연계데이터 존재(현재 주차대수 표현),1,Y,유료,N,야간 미개방,0900,1900,0900,1500,0000,0000,2026-04-07 11:10,N,무료,Y,유료,120000,1.15601E+12,280,5,280,5,0,0,0,0,,37.52999856,126.9123086
1563914,여의서로 공영주차장(시),영등포구 여의도동 8-1,NS,노상 주차장,1,시간제 주차장,,1,현재~20분이내 연계데이터 존재(현재 주차대수 표현),1,Y,유료,N,야간 미개방,0900,1900,0900,1500,0000,0000,2026-04-07 11:10,N,무료,Y,유료,120000,1.15601E+12,280,5,280,5,0,0,0,0,,37.53046607,126.9121306
1563914,여의서로 공영주차장(시),영등포구 여의도동 8-1,NS,노상 주차장,1,시간제 주차장,,1,현재~20분이내 연계데이터 존재(현재 주차대수 표현),1,Y,유료,N,야간 미개방,0900,1900,0900,1500,0000,0000,2026-04-07 11:10,N,무료,Y,유료,120000,1.15601E+12,280,5,280,5,0,0,0,0,,37.53356999,126.9123542
1563914,여의서로 공영주차장(시),영등포구 여의도동 8-1,NS,노상 주차장,1,시간제 주차장,,1,현재~20분이내 연계데이터 존재(현재 주차대수 표현),1,Y,유료,N,야간 미개방,0900,1900,0900,1500,0000,0000,2026-04-07 11:10,N,무료,Y,유료,120000,1.15601E+12,280,5,280,5,0,0,0,0,,37.53313643,126.9172302
1563914,여의서로 공영주차장(시),영등포구 여의도동 8-1,NS,노상 주차장,1,시간제 주차장,,1,현재~20분이내 연계데이터 존재(현재 주차대수 표현),1,Y,유료,N,야간 미개방,0900,1900,0900,1500,0000,0000,2026-04-07 11:10,N,무료,Y,유료,120000,1.15601E+12,280,5,280,5,0,0,0,0,,37.53278728,126.9114563
1564068,동아빌딩앞 노상주차장(구),영등포구 여의도동 14-0,NS,노상 주차장,1,시간제 주차장,02-2650-1436,0,미연계중,1,Y,유료,N,야간 미개방,0900,1900,0900,1500,0000,0000,2020-09-09 16:35,N,무료,Y,유료,200000,1.15601E+12,500,5,1000,10,0,0,0,0,36000,,
1564262,렉싱턴호텔뒤 노상주차장(구),영등포구 여의도동 13-0,NS,노상 주차장,1,시간제 주차장,02-2650-1436,0,미연계중,1,Y,유료,N,야간 미개방,0900,1900,0900,1500,0000,0000,2020-09-09 16:36,N,무료,Y,유료,200000,1.15601E+12,500,5,1000,10,0,0,0,0,36000,,
1564328,롯데캐슬앞 노상주차장(구),영등포구 여의도동 36-0,NS,노상 주차장,1,시간제 주차장,02-2650-1436,0,미연계중,1,Y,유료,N,야간 미개방,0900,1900,0900,1500,0000,0000,2020-09-09 16:36,N,무료,Y,유료,200000,1.15601E+12,500,5,1000,10,0,0,0,0,36000,,
1564466,연희사러가쇼핑센터앞(구),서대문구 연희동 130-12,NS,노상 주차장,1,시간제 주차장,,0,미연계중,1,Y,유료,N,야간 미개방,0900,1900,0900,1500,0000,0000,2019-06-10 11:18,N,무료,Y,유료,0,1.14101E+12,250,5,0,0,0,0,0,0,0,,
1565220,대치유수지(구),강남구 대치동 78-29,NS,노상 주차장,1,시간제 주차장,,1,현재~20분이내 연계데이터 존재(현재 주차대수 표현),1,Y,유료,N,야간 미개방,0900,1900,0000,0000,0000,0000,2025-07-17 16:37,Y,유료,Y,유료,80000,1.16801E+12,200,5,200,5,0,0,0,0,16000,,
1566024,일원동맛의거리(구),강남구 일원동 709-9,NS,노상 주차장,1,시간제 주차장,,1,현재~20분이내 연계데이터 존재(현재 주차대수 표현),1,Y,유료,N,야간 미개방,1100,2100,0000,0000,0000,0000,2025-07-17 16:24,Y,유료,Y,유료,50000,1.16801E+12,100,5,100,5,0,0,0,0,,,
1567464,거주자우선주차장(구),강동구 성내동 540-0,NS,노상 주차장,3,시간제 + 거주자 주차장,,0,미연계중,1,Y,유료,N,야간 미개방,0900,1900,0900,1500,0000,0000,2019-06-10 11:34,N,무료,N,무료,100000,1.17401E+12,250,5,250,5,0,0,0,0,0,,
1567512,유진상가앞(구),서대문구 홍제동 294-46,NS,노상 주차장,1,시간제 주차장,,0,미연계중,1,Y,유료,N,야간 미개방,1000,1900,1000,1500,0000,0000,2019-06-10 11:34,N,무료,Y,유료,0,1.14101E+12,250,5,0,0,0,0,0,0,0,,
1567642,위례성길(방이습지)(구),송파구 방이동 452-4,NS,노상 주차장,1,시간제 주차장,,0,미연계중,1,Y,유료,N,야간 미개방,0900,1800,0000,0000,0000,0000,2024-03-21 12:05,Y,유료,Y,유료,80000,1.17101E+12,150,5,,,0,0,0,0,,,
1568427,봉상시길(구),송파구 잠실동 193-11,NS,노상 주차장,1,시간제 주차장,,0,미연계중,1,Y,유료,N,야간 미개방,0900,2100,0900,2100,0900,2100,2024-03-21 10:55,N,무료,N,무료,0,1.17101E+12,250,5,0,0,0,0,0,0,0,,
1568618,교통공원길(구),송파구 신천동 10-2,NS,노상 주차장,1,시간제 주차장,,0,미연계중,1,Y,유료,N,야간 미개방,0900,2100,0900,2100,0900,2100,2024-03-21 10:28,N,무료,N,무료,0,1.17101E+12,250,5,,,0,0,0,0,,,
1568620,동작갯마을(구),동작구 동작동 102-65,NS,노상 주차장,1,시간제 주차장,,0,미연계중,1,Y,유료,N,야간 미개방,0900,1900,0900,1900,0000,0000,2026-01-27 15:53,N,무료,Y,유료,100000,1.15901E+12,150,5,0,0,0,0,0,0,35000,,
1568792,테헤란로26길(구),강남구 역삼동 803-8,NS,노상 주차장,1,시간제 주차장,,1,현재~20분이내 연계데이터 존재(현재 주차대수 표현),1,Y,유료,N,야간 미개방,0900,1900,0000,0000,0000,0000,2025-07-17 15:12,Y,유료,Y,유료,150000,1.16801E+12,400,5,400,5,0,0,0,0,,,
1568804,은마아파트(구),강남구 대치동 316-0,NS,노상 주차장,1,시간제 주차장,,1,현재~20분이내 연계데이터 존재(현재 주차대수 표현),1,Y,유료,N,야간 미개방,0900,1900,0000,0000,0000,0000,2025-07-17 18:00,Y,유료,Y,유료,120000,1.16801E+12,300,5,300,5,0,0,0,0,,,
1569863,위례성길(구),송파구 방이동 18-0,NS,노상 주차장,1,시간제 주차장,,0,미연계중,1,Y,유료,N,야간 미개방,0900,2100,0900,2100,0900,2100,2024-03-21 11:19,N,무료,N,무료,,1.17101E+12,250,5,,,0,0,0,0,,,
1569866,로데오길(구),송파구 문정동 3-2,NS,노상 주차장,1,시간제 주차장,,0,미연계중,1,Y,유료,N,야간 미개방,1100,2000,1100,2000,1100,2000,2024-04-01 13:23,N,무료,N,무료,0,1.17101E+12,150,5,,,0,0,0,0,0,,
1570020,주공12단지상가뒤(구),노원구 상계동 647-1,NS,노상 주차장,1,시간제 주차장,,0,미연계중,1,Y,유료,N,야간 미개방,0900,1900,0900,1800,0900,1800,2019-06-10 11:34,N,무료,N,무료,150000,1.13501E+12,250,5,0,0,0,0,0,0,33000,,
1570038,논현로131길(구),강남구 논현동 279-99,NS,노상 주차장,1,시간제 주차장,,1,현재~20분이내 연계데이터 존재(현재 주차대수 표현),1,Y,유료,N,야간 미개방,0900,1900,0000,0000,0000,0000,2025-07-17 15:09,Y,유료,Y,유료,150000,1.16801E+12,400,5,400,5,0,0,0,0,,,
1570296,인왕시장앞(구),서대문구 홍제동 295-3,NS,노상 주차장,1,시간제 주차장,,0,미연계중,1,Y,유료,N,야간 미개방,1000,1900,1000,1500,0000,0000,2019-06-10 11:35,N,무료,Y,유료,0,1.14101E+12,250,5,0,0,0,0,0,0,0,,
1570842,주공3단지상가주변(구),노원구 상계동 736-0,NS,노상 주차장,1,시간제 주차장,,0,미연계중,1,Y,유료,N,야간 미개방,0900,1900,0900,1800,0900,1800,2019-06-10 11:36,N,무료,N,무료,150000,1.13501E+12,250,5,0,0,0,0,0,0,33000,,
1570843,주공11단지상가뒤(구),노원구 상계동 652-4,NS,노상 주차장,1,시간제 주차장,,0,미연계중,1,Y,유료,N,야간 미개방,0900,1900,0900,1800,0900,1800,2019-06-10 11:36,N,무료,N,무료,150000,1.13501E+12,250,5,0,0,0,0,0,0,33000,,
1575014,노원세무서 앞 공영주차장(구),도봉구 창동 15-0,NS,노상 주차장,1,시간제 주차장,,0,미연계중,1,Y,유료,N,야간 미개방,0800,1900,0800,1900,0800,1900,2019-06-10 11:29,N,무료,N,무료,0,1.13201E+12,250,5,0,0,0,0,0,0,0,,
1575186,방학동 월드상가 앞 주차장(구),도봉구 방학동 717-0,NS,노상 주차장,1,시간제 주차장,,0,미연계중,1,Y,유료,N,야간 미개방,0900,1800,0900,1800,0900,1800,2020-07-08 15:58,N,무료,N,무료,0,1.13201E+12,250,5,0,0,0,0,0,0,0,,
1575315,남부여성발전센터 공영주차장(시),금천구 시흥동 139-2,NW,노외 주차장,1,시간제 주차장,02-1588-1054,1,현재~20분이내 연계데이터 존재(현재 주차대수 표현),128,Y,유료,N,야간 미개방,0000,2400,0000,2400,0000,2400,2026-04-07 11:21,N,무료,N,무료,80000,,120,5,120,5,0,0,0,0,0,37.462917,126.905718
1575375,신성시장길노상공영주차장(구),광진구 구의동 558-11,NS,노상 주차장,1,시간제 주차장,02-456-2591,0,미연계중,1,Y,유료,N,야간 미개방,0900,1800,0900,1500,0000,0000,2019-06-10 11:31,N,무료,Y,유료,100000,1.12151E+12,250,5,250,5,0,0,0,0,0,,
1575751,신방화역 공영주차장(시),강서구 마곡동 739-0,NW,노외 주차장,1,시간제 주차장,02-3405-4581,1,현재~20분이내 연계데이터 존재(현재 주차대수 표현),198,Y,유료,N,야간 미개방,0000,2400,0000,2400,0000,2400,2026-04-06 17:45,N,무료,N,무료,109000,,290,5,290,5,0,0,0,0,,37.56706812,126.8175763
1575781,송림 기사식당길 공영주차장(구),광진구 자양동 227-1,NS,노상 주차장,1,시간제 주차장,,0,미연계중,1,Y,유료,N,야간 미개방,0900,1800,0900,1500,0000,0000,2019-06-10 11:31,N,무료,Y,유료,90000,1.12151E+12,200,5,200,5,0,0,0,0,0,,
1575817,신성시장길공영노상주차장(구),광진구 중곡동 88-21,NS,노상 주차장,1,시간제 주차장,02-456-2591,0,미연계중,1,Y,유료,N,야간 미개방,0900,1800,0900,1500,0000,2400,2019-06-10 11:29,N,무료,N,무료,100000,1.12151E+12,250,5,250,5,0,0,0,0,0,,
1575861,송림기사식당길(B) 공영주차장(구),광진구 자양동 601-9,NS,노상 주차장,1,시간제 주차장,02-2049-4540,0,미연계중,1,Y,유료,N,야간 미개방,0900,1800,0900,1500,0000,0000,2019-06-10 11:29,N,무료,Y,유료,90000,1.12151E+12,200,5,200,5,0,0,0,0,0,,
1575869,송림기사식당길(B) 공영주차장(구),광진구 자양동 584-3,NS,노상 주차장,1,시간제 주차장,02-2049-4540,0,미연계중,1,Y,유료,N,야간 미개방,0900,1800,0900,1500,0000,0000,2019-06-10 11:29,N,무료,Y,유료,0,1.12151E+12,200,5,200,5,0,0,0,0,0,,
1576126,진흥로 공영주차장(시),은평구 역촌동 41-8,NS,노상 주차장,1,시간제 주차장,,1,현재~20분이내 연계데이터 존재(현재 주차대수 표현),1,Y,유료,N,야간 미개방,0900,1800,0000,0000,0000,0000,2026-04-07 10:46,Y,유료,Y,유료,140000,1.13801E+12,200,5,200,5,0,0,0,0,,37.60431077,126.921672
1576126,진흥로 공영주차장(시),은평구 역촌동 41-8,NS,노상 주차장,1,시간제 주차장,,1,현재~20분이내 연계데이터 존재(현재 주차대수 표현),1,Y,유료,N,야간 미개방,0900,1800,0000,0000,0000,0000,2026-04-07 10:46,Y,유료,Y,유료,140000,1.13801E+12,200,5,200,5,0,0,0,0,,37.60352348,126.9212792
1576126,진흥로 공영주차장(시),은평구 역촌동 41-8,NS,노상 주차장,1,시간제 주차장,,1,현재~20분이내 연계데이터 존재(현재 주차대수 표현),1,Y,유료,N,야간 미개방,0900,1800,0000,0000,0000,0000,2026-04-07 10:46,Y,유료,Y,유료,140000,1.13801E+12,200,5,200,5,0,0,0,0,,37.60100188,126.9198952
1576126,진흥로 공영주차장(시),은평구 역촌동 41-8,NS,노상 주차장,1,시간제 주차장,,1,현재~20분이내 연계데이터 존재(현재 주차대수 표현),1,Y,유료,N,야간 미개방,0900,1800,0000,0000,0000,0000,2026-04-07 10:46,Y,유료,Y,유료,140000,1.13801E+12,200,5,200,5,0,0,0,0,,37.6013754,126.9202208
1576126,진흥로 공영주차장(시),은평구 역촌동 41-8,NS,노상 주차장,1,시간제 주차장,,1,현재~20분이내 연계데이터 존재(현재 주차대수 표현),1,Y,유료,N,야간 미개방,0900,1800,0000,0000,0000,0000,2026-04-07 10:46,Y,유료,Y,유료,140000,1.13801E+12,200,5,200,5,0,0,0,0,,37.60106061,126.9199492
1576126,진흥로 공영주차장(시),은평구 역촌동 41-8,NS,노상 주차장,1,시간제 주차장,,1,현재~20분이내 연계데이터 존재(현재 주차대수 표현),1,Y,유료,N,야간 미개방,0900,1800,0000,0000,0000,0000,2026-04-07 10:46,Y,유료,Y,유료,140000,1.13801E+12,200,5,200,5,0,0,0,0,,37.60117807,126.9200572
1576126,진흥로 공영주차장(시),은평구 역촌동 41-8,NS,노상 주차장,1,시간제 주차장,,1,현재~20분이내 연계데이터 존재(현재 주차대수 표현),1,Y,유료,N,야간 미개방,0900,1800,0000,0000,0000,0000,2026-04-07 10:46,Y,유료,Y,유료,140000,1.13801E+12,200,5,200,5,0,0,0,0,,37.60379664,126.9214158
1576126,진흥로 공영주차장(시),은평구 역촌동 41-8,NS,노상 주차장,1,시간제 주차장,,1,현재~20분이내 연계데이터 존재(현재 주차대수 표현),1,Y,유료,N,야간 미개방,0900,1800,0000,0000,0000,0000,2026-04-07 10:46,Y,유료,Y,유료,140000,1.13801E+12,200,5,200,5,0,0,0,0,,37.60413669,126.9215868
1576126,진흥로 공영주차장(시),은평구 역촌동 41-8,NS,노상 주차장,1,시간제 주차장,,1,현재~20분이내 연계데이터 존재(현재 주차대수 표현),1,Y,유료,N,야간 미개방,0900,1800,0000,0000,0000,0000,2026-04-07 10:46,Y,유료,Y,유료,140000,1.13801E+12,200,5,200,5,0,0,0,0,,37.60415458,126.9215958
1576126,진흥로 공영주차장(시),은평구 역촌동 41-8,NS,노상 주차장,1,시간제 주차장,,1,현재~20분이내 연계데이터 존재(현재 주차대수 표현),1,Y,유료,N,야간 미개방,0900,1800,0000,0000,0000,0000,2026-04-07 10:46,Y,유료,Y,유료,140000,1.13801E+12,200,5,200,5,0,0,0,0,,37.60122937,126.9201036
1576126,진흥로 공영주차장(시),은평구 역촌동 41-8,NS,노상 주차장,1,시간제 주차장,,1,현재~20분이내 연계데이터 존재(현재 주차대수 표현),1,Y,유료,N,야간 미개방,0900,1800,0000,0000,0000,0000,2026-04-07 10:46,Y,유료,Y,유료,140000,1.13801E+12,200,5,200,5,0,0,0,0,,37.60429289,126.9216646
1576126,진흥로 공영주차장(시),은평구 역촌동 41-8,NS,노상 주차장,1,시간제 주차장,,1,현재~20분이내 연계데이터 존재(현재 주차대수 표현),1,Y,유료,N,야간 미개방,0900,1800,0000,0000,0000,0000,2026-04-07 10:46,Y,유료,Y,유료,140000,1.13801E+12,200,5,200,5,0,0,0,0,,37.60111934,126.9200032
1576126,진흥로 공영주차장(시),은평구 역촌동 41-8,NS,노상 주차장,1,시간제 주차장,,1,현재~20분이내 연계데이터 존재(현재 주차대수 표현),1,Y,유료,N,야간 미개방,0900,1800,0000,0000,0000,0000,2026-04-07 10:46,Y,유료,Y,유료,140000,1.13801E+12,200,5,200,5,0,0,0,0,,37.6013233,126.9201833
1576126,진흥로 공영주차장(시),은평구 역촌동 41-8,NS,노상 주차장,1,시간제 주차장,,1,현재~20분이내 연계데이터 존재(현재 주차대수 표현),1,Y,유료,N,야간 미개방,0900,1800,0000,0000,0000,0000,2026-04-07 10:46,Y,유료,Y,유료,140000,1.13801E+12,200,5,200,5,0,0,0,0,,37.6012814,126.9201497
1576208,온수역(남) 공영주차장(시),구로구 온수동 51-26,NS,노상 주차장,1,시간제 주차장,,1,현재~20분이내 연계데이터 존재(현재 주차대수 표현),1,Y,유료,N,야간 미개방,0900,1900,0900,1500,0000,0000,2026-04-07 10:56,N,무료,Y,유료,120000,1.15301E+12,290,5,290,5,0,0,0,0,0,37.491683,126.8252344
1576208,온수역(남) 공영주차장(시),구로구 온수동 51-26,NS,노상 주차장,1,시간제 주차장,,1,현재~20분이내 연계데이터 존재(현재 주차대수 표현),1,Y,유료,N,야간 미개방,0900,1900,0900,1500,0000,0000,2026-04-07 10:56,N,무료,Y,유료,120000,1.15301E+12,290,5,290,5,0,0,0,0,0,37.4915873,126.8250065
1576208,온수역(남) 공영주차장(시),구로구 온수동 51-26,NS,노상 주차장,1,시간제 주차장,,1,현재~20분이내 연계데이터 존재(현재 주차대수 표현),1,Y,유료,N,야간 미개방,0900,1900,0900,1500,0000,0000,2026-04-07 10:56,N,무료,Y,유료,120000,1.15301E+12,290,5,290,5,0,0,0,0,0,37.4919544,126.8241836
1576208,온수역(남) 공영주차장(시),구로구 온수동 51-26,NS,노상 주차장,1,시간제 주차장,,1,현재~20분이내 연계데이터 존재(현재 주차대수 표현),1,Y,유료,N,야간 미개방,0900,1900,0900,1500,0000,0000,2026-04-07 10:56,N,무료,Y,유료,120000,1.15301E+12,290,5,290,5,0,0,0,0,0,37.49169603,126.8251828
1576208,온수역(남) 공영주차장(시),구로구 온수동 51-26,NS,노상 주차장,1,시간제 주차장,,1,현재~20분이내 연계데이터 존재(현재 주차대수 표현),1,Y,유료,N,야간 미개방,0900,1900,0900,1500,0000,0000,2026-04-07 10:56,N,무료,Y,유료,120000,1.15301E+12,290,5,290,5,0,0,0,0,0,37.49194136,126.8242341
1576208,온수역(남) 공영주차장(시),구로구 온수동 51-26,NS,노상 주차장,1,시간제 주차장,,1,현재~20분이내 연계데이터 존재(현재 주차대수 표현),1,Y,유료,N,야간 미개방,0900,1900,0900,1500,0000,0000,2026-04-07 10:56,N,무료,Y,유료,120000,1.15301E+12,290,5,290,5,0,0,0,0,0,37.4917209,126.8250765
1576208,온수역(남) 공영주차장(시),구로구 온수동 51-26,NS,노상 주차장,1,시간제 주차장,,1,현재~20분이내 연계데이터 존재(현재 주차대수 표현),1,Y,유료,N,야간 미개방,0900,1900,0900,1500,0000,0000,2026-04-07 10:56,N,무료,Y,유료,120000,1.15301E+12,290,5,290,5,0,0,0,0,0,37.49155477,126.8251719
1576208,온수역(남) 공영주차장(시),구로구 온수동 51-26,NS,노상 주차장,1,시간제 주차장,,1,현재~20분이내 연계데이터 존재(현재 주차대수 표현),1,Y,유료,N,야간 미개방,0900,1900,0900,1500,0000,0000,2026-04-07 10:56,N,무료,Y,유료,120000,1.15301E+12,290,5,290,5,0,0,0,0,0,37.49194728,126.8242087
1576208,온수역(남) 공영주차장(시),구로구 온수동 51-26,NS,노상 주차장,1,시간제 주차장,,1,현재~20분이내 연계데이터 존재(현재 주차대수 표현),1,Y,유료,N,야간 미개방,0900,1900,0900,1500,0000,0000,2026-04-07 10:56,N,무료,Y,유료,120000,1.15301E+12,290,5,290,5,0,0,0,0,0,37.49185712,126.8238926
1576208,온수역(남) 공영주차장(시),구로구 온수동 51-26,NS,노상 주차장,1,시간제 주차장,,1,현재~20분이내 연계데이터 존재(현재 주차대수 표현),1,Y,유료,N,야간 미개방,0900,1900,0900,1500,0000,0000,2026-04-07 10:56,N,무료,Y,유료,120000,1.15301E+12,290,5,290,5,0,0,0,0,0,37.4918393,126.8239748
1576208,온수역(남) 공영주차장(시),구로구 온수동 51-26,NS,노상 주차장,1,시간제 주차장,,1,현재~20분이내 연계데이터 존재(현재 주차대수 표현),1,Y,유료,N,야간 미개방,0900,1900,0900,1500,0000,0000,2026-04-07 10:56,N,무료,Y,유료,120000,1.15301E+12,290,5,290,5,0,0,0,0,0,37.49183261,126.8239974
1576208,온수역(남) 공영주차장(시),구로구 온수동 51-26,NS,노상 주차장,1,시간제 주차장,,1,현재~20분이내 연계데이터 존재(현재 주차대수 표현),1,Y,유료,N,야간 미개방,0900,1900,0900,1500,0000,0000,2026-04-07 10:56,N,무료,Y,유료,120000,1.15301E+12,290,5,290,5,0,0,0,0,0,37.49177026,126.8242319
1576208,온수역(남) 공영주차장(시),구로구 온수동 51-26,NS,노상 주차장,1,시간제 주차장,,1,현재~20분이내 연계데이터 존재(현재 주차대수 표현),1,Y,유료,N,야간 미개방,0900,1900,0900,1500,0000,0000,2026-04-07 10:56,N,무료,Y,유료,120000,1.15301E+12,290,5,290,5,0,0,0,0,0,37.49184505,126.8239478
1576208,온수역(남) 공영주차장(시),구로구 온수동 51-26,NS,노상 주차장,1,시간제 주차장,,1,현재~20분이내 연계데이터 존재(현재 주차대수 표현),1,Y,유료,N,야간 미개방,0900,1900,0900,1500,0000,0000,2026-04-07 10:56,N,무료,Y,유료,120000,1.15301E+12,290,5,290,5,0,0,0,0,0,37.49201963,126.8239651
1576208,온수역(남) 공영주차장(시),구로구 온수동 51-26,NS,노상 주차장,1,시간제 주차장,,1,현재~20분이내 연계데이터 존재(현재 주차대수 표현),1,Y,유료,N,야간 미개방,0900,1900,0900,1500,0000,0000,2026-04-07 10:56,N,무료,Y,유료,120000,1.15301E+12,290,5,290,5,0,0,0,0,0,37.49177826,126.8242026
1576208,온수역(남) 공영주차장(시),구로구 온수동 51-26,NS,노상 주차장,1,시간제 주차장,,1,현재~20분이내 연계데이터 존재(현재 주차대수 표현),1,Y,유료,N,야간 미개방,0900,1900,0900,1500,0000,0000,2026-04-07 10:56,N,무료,Y,유료,120000,1.15301E+12,290,5,290,5,0,0,0,0,0,37.49197694,126.8241118
1576208,온수역(남) 공영주차장(시),구로구 온수동 51-26,NS,노상 주차장,1,시간제 주차장,,1,현재~20분이내 연계데이터 존재(현재 주차대수 표현),1,Y,유료,N,야간 미개방,0900,1900,0900,1500,0000,0000,2026-04-07 10:56,N,무료,Y,유료,120000,1.15301E+12,290,5,290,5,0,0,0,0,0,37.49192713,126.824282
1576208,온수역(남) 공영주차장(시),구로구 온수동 51-26,NS,노상 주차장,1,시간제 주차장,,1,현재~20분이내 연계데이터 존재(현재 주차대수 표현),1,Y,유료,N,야간 미개방,0900,1900,0900,1500,0000,0000,2026-04-07 10:56,N,무료,Y,유료,120000,1.15301E+12,290,5,290,5,0,0,0,0,0,37.49180049,126.8241264
1576208,온수역(남) 공영주차장(시),구로구 온수동 51-26,NS,노상 주차장,1,시간제 주차장,,1,현재~20분이내 연계데이터 존재(현재 주차대수 표현),1,Y,유료,N,야간 미개방,0900,1900,0900,1500,0000,0000,2026-04-07 10:56,N,무료,Y,유료,120000,1.15301E+12,290,5,290,5,0,0,0,0,0,37.49199829,126.8240414
1576208,온수역(남) 공영주차장(시),구로구 온수동 51-26,NS,노상 주차장,1,시간제 주차장,,1,현재~20분이내 연계데이터 존재(현재 주차대수 표현),1,Y,유료,N,야간 미개방,0900,1900,0900,1500,0000,0000,2026-04-07 10:56,N,무료,Y,유료,120000,1.15301E+12,290,5,290,5,0,0,0,0,0,37.49186262,126.8238694
1576208,온수역(남) 공영주차장(시),구로구 온수동 51-26,NS,노상 주차장,1,시간제 주차장,,1,현재~20분이내 연계데이터 존재(현재 주차대수 표현),1,Y,유료,N,야간 미개방,0900,1900,0900,1500,0000,0000,2026-04-07 10:56,N,무료,Y,유료,120000,1.15301E+12,290,5,290,5,0,0,0,0,0,37.49198524,126.8240878
1576208,온수역(남) 공영주차장(시),구로구 온수동 51-26,NS,노상 주차장,1,시간제 주차장,,1,현재~20분이내 연계데이터 존재(현재 주차대수 표현),1,Y,유료,N,야간 미개방,0900,1900,0900,1500,0000,0000,2026-04-07 10:56,N,무료,Y,유료,120000,1.15301E+12,290,5,290,5,0,0,0,0,0,37.49185054,126.8239217
1576208,온수역(남) 공영주차장(시),구로구 온수동 51-26,NS,노상 주차장,1,시간제 주차장,,1,현재~20분이내 연계데이터 존재(현재 주차대수 표현),1,Y,유료,N,야간 미개방,0900,1900,0900,1500,0000,0000,2026-04-07 10:56,N,무료,Y,유료,120000,1.15301E+12,290,5,290,5,0,0,0,0,0,37.49179195,126.8241529
1576208,온수역(남) 공영주차장(시),구로구 온수동 51-26,NS,노상 주차장,1,시간제 주차장,,1,현재~20분이내 연계데이터 존재(현재 주차대수 표현),1,Y,유료,N,야간 미개방,0900,1900,0900,1500,0000,0000,2026-04-07 10:56,N,무료,Y,유료,120000,1.15301E+12,290,5,290,5,0,0,0,0,0,37.49182792,126.8240196
1576208,온수역(남) 공영주차장(시),구로구 온수동 51-26,NS,노상 주차장,1,시간제 주차장,,1,현재~20분이내 연계데이터 존재(현재 주차대수 표현),1,Y,유료,N,야간 미개방,0900,1900,0900,1500,0000,0000,2026-04-07 10:56,N,무료,Y,유료,120000,1.15301E+12,290,5,290,5,0,0,0,0,0,37.49167143,126.8252913
1576208,온수역(남) 공영주차장(시),구로구 온수동 51-26,NS,노상 주차장,1,시간제 주차장,,1,현재~20분이내 연계데이터 존재(현재 주차대수 표현),1,Y,유료,N,야간 미개방,0900,1900,0900,1500,0000,0000,2026-04-07 10:56,N,무료,Y,유료,120000,1.15301E+12,290,5,290,5,0,0,0,0,0,37.49201371,126.8239905
1576208,온수역(남) 공영주차장(시),구로구 온수동 51-26,NS,노상 주차장,1,시간제 주차장,,1,현재~20분이내 연계데이터 존재(현재 주차대수 표현),1,Y,유료,N,야간 미개방,0900,1900,0900,1500,0000,0000,2026-04-07 10:56,N,무료,Y,유료,120000,1.15301E+12,290,5,290,5,0,0,0,0,0,37.49187094,126.8238431
1576208,온수역(남) 공영주차장(시),구로구 온수동 51-26,NS,노상 주차장,1,시간제 주차장,,1,현재~20분이내 연계데이터 존재(현재 주차대수 표현),1,Y,유료,N,야간 미개방,0900,1900,0900,1500,0000,0000,2026-04-07 10:56,N,무료,Y,유료,120000,1.15301E+12,290,5,290,5,0,0,0,0,0,37.49154412,126.825225
1576208,온수역(남) 공영주차장(시),구로구 온수동 51-26,NS,노상 주차장,1,시간제 주차장,,1,현재~20분이내 연계데이터 존재(현재 주차대수 표현),1,Y,유료,N,야간 미개방,0900,1900,0900,1500,0000,0000,2026-04-07 10:56,N,무료,Y,유료,120000,1.15301E+12,290,5,290,5,0,0,0,0,0,37.49156541,126.8251172
1576208,온수역(남) 공영주차장(시),구로구 온수동 51-26,NS,노상 주차장,1,시간제 주차장,,1,현재~20분이내 연계데이터 존재(현재 주차대수 표현),1,Y,유료,N,야간 미개방,0900,1900,0900,1500,0000,0000,2026-04-07 10:56,N,무료,Y,유료,120000,1.15301E+12,290,5,290,5,0,0,0,0,0,37.49170787,126.8251304
1576208,온수역(남) 공영주차장(시),구로구 온수동 51-26,NS,노상 주차장,1,시간제 주차장,,1,현재~20분이내 연계데이터 존재(현재 주차대수 표현),1,Y,유료,N,야간 미개방,0900,1900,0900,1500,0000,0000,2026-04-07 10:56,N,무료,Y,유료,120000,1.15301E+12,290,5,290,5,0,0,0,0,0,37.49193424,126.8242581
1576208,온수역(남) 공영주차장(시),구로구 온수동 51-26,NS,노상 주차장,1,시간제 주차장,,1,현재~20분이내 연계데이터 존재(현재 주차대수 표현),1,Y,유료,N,야간 미개방,0900,1900,0900,1500,0000,0000,2026-04-07 10:56,N,무료,Y,유료,120000,1.15301E+12,290,5,290,5,0,0,0,0,0,37.49185258,126.8239205
1576208,온수역(남) 공영주차장(시),구로구 온수동 51-26,NS,노상 주차장,1,시간제 주차장,,1,현재~20분이내 연계데이터 존재(현재 주차대수 표현),1,Y,유료,N,야간 미개방,0900,1900,0900,1500,0000,0000,2026-04-07 10:56,N,무료,Y,유료,120000,1.15301E+12,290,5,290,5,0,0,0,0,0,37.49199117,126.8240654
1576208,온수역(남) 공영주차장(시),구로구 온수동 51-26,NS,노상 주차장,1,시간제 주차장,,1,현재~20분이내 연계데이터 존재(현재 주차대수 표현),1,Y,유료,N,야간 미개방,0900,1900,0900,1500,0000,0000,2026-04-07 10:56,N,무료,Y,유료,120000,1.15301E+12,290,5,290,5,0,0,0,0,0,37.49157666,126.8250619
1576208,온수역(남) 공영주차장(시),구로구 온수동 51-26,NS,노상 주차장,1,시간제 주차장,,1,현재~20분이내 연계데이터 존재(현재 주차대수 표현),1,Y,유료,N,야간 미개방,0900,1900,0900,1500,0000,0000,2026-04-07 10:56,N,무료,Y,유료,120000,1.15301E+12,290,5,290,5,0,0,0,0,0,37.4919639,126.8241597
1576208,온수역(남) 공영주차장(시),구로구 온수동 51-26,NS,노상 주차장,1,시간제 주차장,,1,현재~20분이내 연계데이터 존재(현재 주차대수 표현),1,Y,유료,N,야간 미개방,0900,1900,0900,1500,0000,0000,2026-04-07 10:56,N,무료,Y,유료,120000,1.15301E+12,290,5,290,5,0,0,0,0,0,37.49187709,126.8238162
1576208,온수역(남) 공영주차장(시),구로구 온수동 51-26,NS,노상 주차장,1,시간제 주차장,,1,현재~20분이내 연계데이터 존재(현재 주차대수 표현),1,Y,유료,N,야간 미개방,0900,1900,0900,1500,0000,0000,2026-04-07 10:56,N,무료,Y,유료,120000,1.15301E+12,290,5,290,5,0,0,0,0,0,37.49197101,126.8241372
1576208,온수역(남) 공영주차장(시),구로구 온수동 51-26,NS,노상 주차장,1,시간제 주차장,,1,현재~20분이내 연계데이터 존재(현재 주차대수 표현),1,Y,유료,N,야간 미개방,0900,1900,0900,1500,0000,0000,2026-04-07 10:56,N,무료,Y,유료,120000,1.15301E+12,290,5,290,5,0,0,0,0,0,37.49202674,126.8239381
1576208,온수역(남) 공영주차장(시),구로구 온수동 51-26,NS,노상 주차장,1,시간제 주차장,,1,현재~20분이내 연계데이터 존재(현재 주차대수 표현),1,Y,유료,N,야간 미개방,0900,1900,0900,1500,0000,0000,2026-04-07 10:56,N,무료,Y,유료,120000,1.15301E+12,290,5,290,5,0,0,0,0,0,37.49178388,126.8241799
1576208,온수역(남) 공영주차장(시),구로구 온수동 51-26,NS,노상 주차장,1,시간제 주차장,,1,현재~20분이내 연계데이터 존재(현재 주차대수 표현),1,Y,유료,N,야간 미개방,0900,1900,0900,1500,0000,0000,2026-04-07 10:56,N,무료,Y,유료,120000,1.15301E+12,290,5,290,5,0,0,0,0,0,37.49182172,126.8240469
1576208,온수역(남) 공영주차장(시),구로구 온수동 51-26,NS,노상 주차장,1,시간제 주차장,,1,현재~20분이내 연계데이터 존재(현재 주차대수 표현),1,Y,유료,N,야간 미개방,0900,1900,0900,1500,0000,0000,2026-04-07 10:56,N,무료,Y,유료,120000,1.15301E+12,290,5,290,5,0,0,0,0,0,37.4920054,126.8240175
1576313,옥수역 공영주차장(시),성동구 옥수동 401-1,NS,노상 주차장,1,시간제 주차장,,1,현재~20분이내 연계데이터 존재(현재 주차대수 표현),1,Y,유료,N,야간 미개방,0900,1900,0900,1500,0000,0000,2026-04-15 16:34,N,무료,Y,유료,105000,1.12001E+12,290,5,290,5,0,0,0,0,0,37.54208383,127.0169296
1576313,옥수역 공영주차장(시),성동구 옥수동 401-1,NS,노상 주차장,1,시간제 주차장,,1,현재~20분이내 연계데이터 존재(현재 주차대수 표현),1,Y,유료,N,야간 미개방,0900,1900,0900,1500,0000,0000,2026-04-15 16:34,N,무료,Y,유료,105000,1.12001E+12,290,5,290,5,0,0,0,0,0,37.54220898,127.0172941
1576313,옥수역 공영주차장(시),성동구 옥수동 401-1,NS,노상 주차장,1,시간제 주차장,,1,현재~20분이내 연계데이터 존재(현재 주차대수 표현),1,Y,유료,N,야간 미개방,0900,1900,0900,1500,0000,0000,2026-04-15 16:34,N,무료,Y,유료,105000,1.12001E+12,290,5,290,5,0,0,0,0,0,37.54229243,127.0168608
1576313,옥수역 공영주차장(시),성동구 옥수동 401-1,NS,노상 주차장,1,시간제 주차장,,1,현재~20분이내 연계데이터 존재(현재 주차대수 표현),1,Y,유료,N,야간 미개방,0900,1900,0900,1500,0000,0000,2026-04-15 16:34,N,무료,Y,유료,105000,1.12001E+12,290,5,290,5,0,0,0,0,0,37.54229714,127.0172635
1576313,옥수역 공영주차장(시),성동구 옥수동 401-1,NS,노상 주차장,1,시간제 주차장,,1,현재~20분이내 연계데이터 존재(현재 주차대수 표현),1,Y,유료,N,야간 미개방,0900,1900,0900,1500,0000,0000,2026-04-15 16:34,N,무료,Y,유료,105000,1.12001E+12,290,5,290,5,0,0,0,0,0,37.54216427,127.0173099
1576313,옥수역 공영주차장(시),성동구 옥수동 401-1,NS,노상 주차장,1,시간제 주차장,,1,현재~20분이내 연계데이터 존재(현재 주차대수 표현),1,Y,유료,N,야간 미개방,0900,1900,0900,1500,0000,0000,2026-04-15 16:34,N,무료,Y,유료,105000,1.12001E+12,290,5,290,5,0,0,0,0,0,37.54217085,127.0168982
1576313,옥수역 공영주차장(시),성동구 옥수동 401-1,NS,노상 주차장,1,시간제 주차장,,1,현재~20분이내 연계데이터 존재(현재 주차대수 표현),1,Y,유료,N,야간 미개방,0900,1900,0900,1500,0000,0000,2026-04-15 16:34,N,무료,Y,유료,105000,1.12001E+12,290,5,290,5,0,0,0,0,0,37.54225368,127.0172799
1576313,옥수역 공영주차장(시),성동구 옥수동 401-1,NS,노상 주차장,1,시간제 주차장,,1,현재~20분이내 연계데이터 존재(현재 주차대수 표현),1,Y,유료,N,야간 미개방,0900,1900,0900,1500,0000,0000,2026-04-15 16:34,N,무료,Y,유료,105000,1.12001E+12,290,5,290,5,0,0,0,0,0,37.54236489,127.0172493
1576313,옥수역 공영주차장(시),성동구 옥수동 401-1,NS,노상 주차장,1,시간제 주차장,,1,현재~20분이내 연계데이터 존재(현재 주차대수 표현),1,Y,유료,N,야간 미개방,0900,1900,0900,1500,0000,0000,2026-04-15 16:34,N,무료,Y,유료,105000,1.12001E+12,290,5,290,5,0,0,0,0,0,37.54206238,127.0169386
1576313,옥수역 공영주차장(시),성동구 옥수동 401-1,NS,노상 주차장,1,시간제 주차장,,1,현재~20분이내 연계데이터 존재(현재 주차대수 표현),1,Y,유료,N,야간 미개방,0900,1900,0900,1500,0000,0000,2026-04-15 16:34,N,무료,Y,유료,105000,1.12001E+12,290,5,290,5,0,0,0,0,0,37.54223157,127.0172874
1576313,옥수역 공영주차장(시),성동구 옥수동 401-1,NS,노상 주차장,1,시간제 주차장,,1,현재~20분이내 연계데이터 존재(현재 주차대수 표현),1,Y,유료,N,야간 미개방,0900,1900,0900,1500,0000,0000,2026-04-15 16:34,N,무료,Y,유료,105000,1.12001E+12,290,5,290,5,0,0,0,0,0,37.54240715,127.0172362
1576313,옥수역 공영주차장(시),성동구 옥수동 401-1,NS,노상 주차장,1,시간제 주차장,,1,현재~20분이내 연계데이터 존재(현재 주차대수 표현),1,Y,유료,N,야간 미개방,0900,1900,0900,1500,0000,0000,2026-04-15 16:34,N,무료,Y,유료,105000,1.12001E+12,290,5,290,5,0,0,0,0,0,37.54227573,127.017271
1576313,옥수역 공영주차장(시),성동구 옥수동 401-1,NS,노상 주차장,1,시간제 주차장,,1,현재~20분이내 연계데이터 존재(현재 주차대수 표현),1,Y,유료,N,야간 미개방,0900,1900,0900,1500,0000,0000,2026-04-15 16:34,N,무료,Y,유료,105000,1.12001E+12,290,5,290,5,0,0,0,0,0,37.54226979,127.0168653
1576313,옥수역 공영주차장(시),성동구 옥수동 401-1,NS,노상 주차장,1,시간제 주차장,,1,현재~20분이내 연계데이터 존재(현재 주차대수 표현),1,Y,유료,N,야간 미개방,0900,1900,0900,1500,0000,0000,2026-04-15 16:34,N,무료,Y,유료,105000,1.12001E+12,290,5,290,5,0,0,0,0,0,37.54210648,127.0169206
1576313,옥수역 공영주차장(시),성동구 옥수동 401-1,NS,노상 주차장,1,시간제 주차장,,1,현재~20분이내 연계데이터 존재(현재 주차대수 표현),1,Y,유료,N,야간 미개방,0900,1900,0900,1500,0000,0000,2026-04-15 16:34,N,무료,Y,유료,105000,1.12001E+12,290,5,290,5,0,0,0,0,0,37.54237588,127.0168309
1576313,옥수역 공영주차장(시),성동구 옥수동 401-1,NS,노상 주차장,1,시간제 주차장,,1,현재~20분이내 연계데이터 존재(현재 주차대수 표현),1,Y,유료,N,야간 미개방,0900,1900,0900,1500,0000,0000,2026-04-15 16:34,N,무료,Y,유료,105000,1.12001E+12,290,5,290,5,0,0,0,0,0,37.54249491,127.0172126
1576313,옥수역 공영주차장(시),성동구 옥수동 401-1,NS,노상 주차장,1,시간제 주차장,,1,현재~20분이내 연계데이터 존재(현재 주차대수 표현),1,Y,유료,N,야간 미개방,0900,1900,0900,1500,0000,0000,2026-04-15 16:34,N,무료,Y,유료,105000,1.12001E+12,290,5,290,5,0,0,0,0,0,37.5424275,127.0172295
1576313,옥수역 공영주차장(시),성동구 옥수동 401-1,NS,노상 주차장,1,시간제 주차장,,1,현재~20분이내 연계데이터 존재(현재 주차대수 표현),1,Y,유료,N,야간 미개방,0900,1900,0900,1500,0000,0000,2026-04-15 16:34,N,무료,Y,유료,105000,1.12001E+12,290,5,290,5,0,0,0,0,0,37.54224833,127.0168713
1576313,옥수역 공영주차장(시),성동구 옥수동 401-1,NS,노상 주차장,1,시간제 주차장,,1,현재~20분이내 연계데이터 존재(현재 주차대수 표현),1,Y,유료,N,야간 미개방,0900,1900,0900,1500,0000,0000,2026-04-15 16:34,N,무료,Y,유료,105000,1.12001E+12,290,5,290,5,0,0,0,0,0,37.54214939,127.0169042
1576313,옥수역 공영주차장(시),성동구 옥수동 401-1,NS,노상 주차장,1,시간제 주차장,,1,현재~20분이내 연계데이터 존재(현재 주차대수 표현),1,Y,유료,N,야간 미개방,0900,1900,0900,1500,0000,0000,2026-04-15 16:34,N,무료,Y,유료,105000,1.12001E+12,290,5,290,5,0,0,0,0,0,37.5424485,127.0172238
1576313,옥수역 공영주차장(시),성동구 옥수동 401-1,NS,노상 주차장,1,시간제 주차장,,1,현재~20분이내 연계데이터 존재(현재 주차대수 표현),1,Y,유료,N,야간 미개방,0900,1900,0900,1500,0000,0000,2026-04-15 16:34,N,무료,Y,유료,105000,1.12001E+12,290,5,290,5,0,0,0,0,0,37.54233415,127.0168458
1576313,옥수역 공영주차장(시),성동구 옥수동 401-1,NS,노상 주차장,1,시간제 주차장,,1,현재~20분이내 연계데이터 존재(현재 주차대수 표현),1,Y,유료,N,야간 미개방,0900,1900,0900,1500,0000,0000,2026-04-15 16:34,N,무료,Y,유료,105000,1.12001E+12,290,5,290,5,0,0,0,0,0,37.54239733,127.0168234
1576313,옥수역 공영주차장(시),성동구 옥수동 401-1,NS,노상 주차장,1,시간제 주차장,,1,현재~20분이내 연계데이터 존재(현재 주차대수 표현),1,Y,유료,N,야간 미개방,0900,1900,0900,1500,0000,0000,2026-04-15 16:34,N,무료,Y,유료,105000,1.12001E+12,290,5,290,5,0,0,0,0,0,37.54214218,127.0173173
1576313,옥수역 공영주차장(시),성동구 옥수동 401-1,NS,노상 주차장,1,시간제 주차장,,1,현재~20분이내 연계데이터 존재(현재 주차대수 표현),1,Y,유료,N,야간 미개방,0900,1900,0900,1500,0000,0000,2026-04-15 16:34,N,무료,Y,유료,105000,1.12001E+12,290,5,290,5,0,0,0,0,0,37.54235561,127.0168384
1576313,옥수역 공영주차장(시),성동구 옥수동 401-1,NS,노상 주차장,1,시간제 주차장,,1,현재~20분이내 연계데이터 존재(현재 주차대수 표현),1,Y,유료,N,야간 미개방,0900,1900,0900,1500,0000,0000,2026-04-15 16:34,N,무료,Y,유료,105000,1.12001E+12,290,5,290,5,0,0,0,0,0,37.54204092,127.0169461
1576313,옥수역 공영주차장(시),성동구 옥수동 401-1,NS,노상 주차장,1,시간제 주차장,,1,현재~20분이내 연계데이터 존재(현재 주차대수 표현),1,Y,유료,N,야간 미개방,0900,1900,0900,1500,0000,0000,2026-04-15 16:34,N,무료,Y,유료,105000,1.12001E+12,290,5,290,5,0,0,0,0,0,37.54218692,127.0173024
1576313,옥수역 공영주차장(시),성동구 옥수동 401-1,NS,노상 주차장,1,시간제 주차장,,1,현재~20분이내 연계데이터 존재(현재 주차대수 표현),1,Y,유료,N,야간 미개방,0900,1900,0900,1500,0000,0000,2026-04-15 16:34,N,무료,Y,유료,105000,1.12001E+12,290,5,290,5,0,0,0,0,0,37.54212794,127.0169117
1576313,옥수역 공영주차장(시),성동구 옥수동 401-1,NS,노상 주차장,1,시간제 주차장,,1,현재~20분이내 연계데이터 존재(현재 주차대수 표현),1,Y,유료,N,야간 미개방,0900,1900,0900,1500,0000,0000,2026-04-15 16:34,N,무료,Y,유료,105000,1.12001E+12,290,5,290,5,0,0,0,0,0,37.54246988,127.017217
1576313,옥수역 공영주차장(시),성동구 옥수동 401-1,NS,노상 주차장,1,시간제 주차장,,1,현재~20분이내 연계데이터 존재(현재 주차대수 표현),1,Y,유료,N,야간 미개방,0900,1900,0900,1500,0000,0000,2026-04-15 16:34,N,무료,Y,유료,105000,1.12001E+12,290,5,290,5,0,0,0,0,0,37.5423127,127.0168533
1576313,옥수역 공영주차장(시),성동구 옥수동 401-1,NS,노상 주차장,1,시간제 주차장,,1,현재~20분이내 연계데이터 존재(현재 주차대수 표현),1,Y,유료,N,야간 미개방,0900,1900,0900,1500,0000,0000,2026-04-15 16:34,N,무료,Y,유료,105000,1.12001E+12,290,5,290,5,0,0,0,0,0,37.54238539,127.017243
1576313,옥수역 공영주차장(시),성동구 옥수동 401-1,NS,노상 주차장,1,시간제 주차장,,1,현재~20분이내 연계데이터 존재(현재 주차대수 표현),1,Y,유료,N,야간 미개방,0900,1900,0900,1500,0000,0000,2026-04-15 16:34,N,무료,Y,유료,105000,1.12001E+12,290,5,290,5,0,0,0,0,0,37.54201946,127.0169535
1576347,돈화문로 공영주차장(시),중구 을지로3가 296-24,NS,노상 주차장,1,시간제 주차장,02-2274-2009,1,현재~20분이내 연계데이터 존재(현재 주차대수 표현),1,Y,유료,N,야간 미개방,0900,1900,0900,1500,0000,0000,2026-04-07 11:29,N,무료,Y,유료,0,1.11402E+12,810,5,810,5,0,0,0,0,0,37.564945,126.992711
1576347,돈화문로 공영주차장(시),중구 을지로3가 296-24,NS,노상 주차장,1,시간제 주차장,02-2274-2009,1,현재~20분이내 연계데이터 존재(현재 주차대수 표현),1,Y,유료,N,야간 미개방,0900,1900,0900,1500,0000,0000,2026-04-07 11:29,N,무료,Y,유료,0,1.11402E+12,810,5,810,5,0,0,0,0,0,37.56482,126.992726
1576347,돈화문로 공영주차장(시),중구 을지로3가 296-24,NS,노상 주차장,1,시간제 주차장,02-2274-2009,1,현재~20분이내 연계데이터 존재(현재 주차대수 표현),1,Y,유료,N,야간 미개방,0900,1900,0900,1500,0000,0000,2026-04-07 11:29,N,무료,Y,유료,0,1.11402E+12,810,5,810,5,0,0,0,0,0,37.564809,126.992891
1576347,돈화문로 공영주차장(시),중구 을지로3가 296-24,NS,노상 주차장,1,시간제 주차장,02-2274-2009,1,현재~20분이내 연계데이터 존재(현재 주차대수 표현),1,Y,유료,N,야간 미개방,0900,1900,0900,1500,0000,0000,2026-04-07 11:29,N,무료,Y,유료,0,1.11402E+12,810,5,810,5,0,0,0,0,0,37.564903,126.992716
1576347,돈화문로 공영주차장(시),중구 을지로3가 296-24,NS,노상 주차장,1,시간제 주차장,02-2274-2009,1,현재~20분이내 연계데이터 존재(현재 주차대수 표현),1,Y,유료,N,야간 미개방,0900,1900,0900,1500,0000,0000,2026-04-07 11:29,N,무료,Y,유료,0,1.11402E+12,810,5,810,5,0,0,0,0,0,37.562184,126.993212
1576347,돈화문로 공영주차장(시),중구 을지로3가 296-24,NS,노상 주차장,1,시간제 주차장,02-2274-2009,1,현재~20분이내 연계데이터 존재(현재 주차대수 표현),1,Y,유료,N,야간 미개방,0900,1900,0900,1500,0000,0000,2026-04-07 11:29,N,무료,Y,유료,0,1.11402E+12,810,5,810,5,0,0,0,0,0,37.565575,126.992631
1576347,돈화문로 공영주차장(시),중구 을지로3가 296-24,NS,노상 주차장,1,시간제 주차장,02-2274-2009,1,현재~20분이내 연계데이터 존재(현재 주차대수 표현),1,Y,유료,N,야간 미개방,0900,1900,0900,1500,0000,0000,2026-04-07 11:29,N,무료,Y,유료,0,1.11402E+12,810,5,810,5,0,0,0,0,0,37.561996,126.993234
1576347,돈화문로 공영주차장(시),중구 을지로3가 296-24,NS,노상 주차장,1,시간제 주차장,02-2274-2009,1,현재~20분이내 연계데이터 존재(현재 주차대수 표현),1,Y,유료,N,야간 미개방,0900,1900,0900,1500,0000,0000,2026-04-07 11:29,N,무료,Y,유료,0,1.11402E+12,810,5,810,5,0,0,0,0,0,37.565174,126.992693
1576347,돈화문로 공영주차장(시),중구 을지로3가 296-24,NS,노상 주차장,1,시간제 주차장,02-2274-2009,1,현재~20분이내 연계데이터 존재(현재 주차대수 표현),1,Y,유료,N,야간 미개방,0900,1900,0900,1500,0000,0000,2026-04-07 11:29,N,무료,Y,유료,0,1.11402E+12,810,5,810,5,0,0,0,0,0,37.565495,126.992808
1576347,돈화문로 공영주차장(시),중구 을지로3가 296-24,NS,노상 주차장,1,시간제 주차장,02-2274-2009,1,현재~20분이내 연계데이터 존재(현재 주차대수 표현),1,Y,유료,N,야간 미개방,0900,1900,0900,1500,0000,0000,2026-04-07 11:29,N,무료,Y,유료,0,1.11402E+12,810,5,810,5,0,0,0,0,0,37.563031,126.992948
1576347,돈화문로 공영주차장(시),중구 을지로3가 296-24,NS,노상 주차장,1,시간제 주차장,02-2274-2009,1,현재~20분이내 연계데이터 존재(현재 주차대수 표현),1,Y,유료,N,야간 미개방,0900,1900,0900,1500,0000,0000,2026-04-07 11:29,N,무료,Y,유료,0,1.11402E+12,810,5,810,5,0,0,0,0,0,37.564861,126.992721
1576347,돈화문로 공영주차장(시),중구 을지로3가 296-24,NS,노상 주차장,1,시간제 주차장,02-2274-2009,1,현재~20분이내 연계데이터 존재(현재 주차대수 표현),1,Y,유료,N,야간 미개방,0900,1900,0900,1500,0000,0000,2026-04-07 11:29,N,무료,Y,유료,0,1.11402E+12,810,5,810,5,0,0,0,0,0,37.562058,126.993226
1576347,돈화문로 공영주차장(시),중구 을지로3가 296-24,NS,노상 주차장,1,시간제 주차장,02-2274-2009,1,현재~20분이내 연계데이터 존재(현재 주차대수 표현),1,Y,유료,N,야간 미개방,0900,1900,0900,1500,0000,0000,2026-04-07 11:29,N,무료,Y,유료,0,1.11402E+12,810,5,810,5,0,0,0,0,0,37.562372,126.993191
1576347,돈화문로 공영주차장(시),중구 을지로3가 296-24,NS,노상 주차장,1,시간제 주차장,02-2274-2009,1,현재~20분이내 연계데이터 존재(현재 주차대수 표현),1,Y,유료,N,야간 미개방,0900,1900,0900,1500,0000,0000,2026-04-07 11:29,N,무료,Y,유료,0,1.11402E+12,810,5,810,5,0,0,0,0,0,37.564643,126.992911
1576347,돈화문로 공영주차장(시),중구 을지로3가 296-24,NS,노상 주차장,1,시간제 주차장,02-2274-2009,1,현재~20분이내 연계데이터 존재(현재 주차대수 표현),1,Y,유료,N,야간 미개방,0900,1900,0900,1500,0000,0000,2026-04-07 11:29,N,무료,Y,유료,0,1.11402E+12,810,5,810,5,0,0,0,0,0,37.564737,126.992736
1576347,돈화문로 공영주차장(시),중구 을지로3가 296-24,NS,노상 주차장,1,시간제 주차장,02-2274-2009,1,현재~20분이내 연계데이터 존재(현재 주차대수 표현),1,Y,유료,N,야간 미개방,0900,1900,0900,1500,0000,0000,2026-04-07 11:29,N,무료,Y,유료,0,1.11402E+12,810,5,810,5,0,0,0,0,0,37.565517,126.992639
1576347,돈화문로 공영주차장(시),중구 을지로3가 296-24,NS,노상 주차장,1,시간제 주차장,02-2274-2009,1,현재~20분이내 연계데이터 존재(현재 주차대수 표현),1,Y,유료,N,야간 미개방,0900,1900,0900,1500,0000,0000,2026-04-07 11:29,N,무료,Y,유료,0,1.11402E+12,810,5,810,5,0,0,0,0,0,37.563859,126.993005
1576347,돈화문로 공영주차장(시),중구 을지로3가 296-24,NS,노상 주차장,1,시간제 주차장,02-2274-2009,1,현재~20분이내 연계데이터 존재(현재 주차대수 표현),1,Y,유료,N,야간 미개방,0900,1900,0900,1500,0000,0000,2026-04-07 11:29,N,무료,Y,유료,0,1.11402E+12,810,5,810,5,0,0,0,0,0,37.562977,126.9931004
1576347,돈화문로 공영주차장(시),중구 을지로3가 296-24,NS,노상 주차장,1,시간제 주차장,02-2274-2009,1,현재~20분이내 연계데이터 존재(현재 주차대수 표현),1,Y,유료,N,야간 미개방,0900,1900,0900,1500,0000,0000,2026-04-07 11:29,N,무료,Y,유료,0,1.11402E+12,810,5,810,5,0,0,0,0,0,37.565345,126.992666
1576347,돈화문로 공영주차장(시),중구 을지로3가 296-24,NS,노상 주차장,1,시간제 주차장,02-2274-2009,1,현재~20분이내 연계데이터 존재(현재 주차대수 표현),1,Y,유료,N,야간 미개방,0900,1900,0900,1500,0000,0000,2026-04-07 11:29,N,무료,Y,유료,0,1.11402E+12,810,5,810,5,0,0,0,0,0,37.562525,126.993011
1576347,돈화문로 공영주차장(시),중구 을지로3가 296-24,NS,노상 주차장,1,시간제 주차장,02-2274-2009,1,현재~20분이내 연계데이터 존재(현재 주차대수 표현),1,Y,유료,N,야간 미개방,0900,1900,0900,1500,0000,0000,2026-04-07 11:29,N,무료,Y,유료,0,1.11402E+12,810,5,810,5,0,0,0,0,0,37.565379,126.992822
1576347,돈화문로 공영주차장(시),중구 을지로3가 296-24,NS,노상 주차장,1,시간제 주차장,02-2274-2009,1,현재~20분이내 연계데이터 존재(현재 주차대수 표현),1,Y,유료,N,야간 미개방,0900,1900,0900,1500,0000,0000,2026-04-07 11:29,N,무료,Y,유료,0,1.11402E+12,810,5,810,5,0,0,0,0,0,37.564893,126.992881
1576347,돈화문로 공영주차장(시),중구 을지로3가 296-24,NS,노상 주차장,1,시간제 주차장,02-2274-2009,1,현재~20분이내 연계데이터 존재(현재 주차대수 표현),1,Y,유료,N,야간 미개방,0900,1900,0900,1500,0000,0000,2026-04-07 11:29,N,무료,Y,유료,0,1.11402E+12,810,5,810,5,0,0,0,0,0,37.564726,126.992901
1576347,돈화문로 공영주차장(시),중구 을지로3가 296-24,NS,노상 주차장,1,시간제 주차장,02-2274-2009,1,현재~20분이내 연계데이터 존재(현재 주차대수 표현),1,Y,유료,N,야간 미개방,0900,1900,0900,1500,0000,0000,2026-04-07 11:29,N,무료,Y,유료,0,1.11402E+12,810,5,810,5,0,0,0,0,0,37.563133,126.993088
1576347,돈화문로 공영주차장(시),중구 을지로3가 296-24,NS,노상 주차장,1,시간제 주차장,02-2274-2009,1,현재~20분이내 연계데이터 존재(현재 주차대수 표현),1,Y,유료,N,야간 미개방,0900,1900,0900,1500,0000,0000,2026-04-07 11:29,N,무료,Y,유료,0,1.11402E+12,810,5,810,5,0,0,0,0,0,37.565321,126.992829
1576347,돈화문로 공영주차장(시),중구 을지로3가 296-24,NS,노상 주차장,1,시간제 주차장,02-2274-2009,1,현재~20분이내 연계데이터 존재(현재 주차대수 표현),1,Y,유료,N,야간 미개방,0900,1900,0900,1500,0000,0000,2026-04-07 11:29,N,무료,Y,유료,0,1.11402E+12,810,5,810,5,0,0,0,0,0,37.562246,126.993205
1576347,돈화문로 공영주차장(시),중구 을지로3가 296-24,NS,노상 주차장,1,시간제 주차장,02-2274-2009,1,현재~20분이내 연계데이터 존재(현재 주차대수 표현),1,Y,유료,N,야간 미개방,0900,1900,0900,1500,0000,0000,2026-04-07 11:29,N,무료,Y,유료,0,1.11402E+12,810,5,810,5,0,0,0,0,0,37.565288,126.992675
1576347,돈화문로 공영주차장(시),중구 을지로3가 296-24,NS,노상 주차장,1,시간제 주차장,02-2274-2009,1,현재~20분이내 연계데이터 존재(현재 주차대수 표현),1,Y,유료,N,야간 미개방,0900,1900,0900,1500,0000,0000,2026-04-07 11:29,N,무료,Y,유료,0,1.11402E+12,810,5,810,5,0,0,0,0,0,37.561823,126.993251
1576347,돈화문로 공영주차장(시),중구 을지로3가 296-24,NS,노상 주차장,1,시간제 주차장,02-2274-2009,1,현재~20분이내 연계데이터 존재(현재 주차대수 표현),1,Y,유료,N,야간 미개방,0900,1900,0900,1500,0000,0000,2026-04-07 11:29,N,무료,Y,유료,0,1.11402E+12,810,5,810,5,0,0,0,0,0,37.565206,126.992843
1576347,돈화문로 공영주차장(시),중구 을지로3가 296-24,NS,노상 주차장,1,시간제 주차장,02-2274-2009,1,현재~20분이내 연계데이터 존재(현재 주차대수 표현),1,Y,유료,N,야간 미개방,0900,1900,0900,1500,0000,0000,2026-04-07 11:29,N,무료,Y,유료,0,1.11402E+12,810,5,810,5,0,0,0,0,0,37.564091,126.992815
1576347,돈화문로 공영주차장(시),중구 을지로3가 296-24,NS,노상 주차장,1,시간제 주차장,02-2274-2009,1,현재~20분이내 연계데이터 존재(현재 주차대수 표현),1,Y,유료,N,야간 미개방,0900,1900,0900,1500,0000,0000,2026-04-07 11:29,N,무료,Y,유료,0,1.11402E+12,810,5,810,5,0,0,0,0,0,37.565437,126.992815
1576347,돈화문로 공영주차장(시),중구 을지로3가 296-24,NS,노상 주차장,1,시간제 주차장,02-2274-2009,1,현재~20분이내 연계데이터 존재(현재 주차대수 표현),1,Y,유료,N,야간 미개방,0900,1900,0900,1500,0000,0000,2026-04-07 11:29,N,무료,Y,유료,0,1.11402E+12,810,5,810,5,0,0,0,0,0,37.565403,126.992657
1576347,돈화문로 공영주차장(시),중구 을지로3가 296-24,NS,노상 주차장,1,시간제 주차장,02-2274-2009,1,현재~20분이내 연계데이터 존재(현재 주차대수 표현),1,Y,유료,N,야간 미개방,0900,1900,0900,1500,0000,0000,2026-04-07 11:29,N,무료,Y,유료,0,1.11402E+12,810,5,810,5,0,0,0,0,0,37.56546,126.992648
1576347,돈화문로 공영주차장(시),중구 을지로3가 296-24,NS,노상 주차장,1,시간제 주차장,02-2274-2009,1,현재~20분이내 연계데이터 존재(현재 주차대수 표현),1,Y,유료,N,야간 미개방,0900,1900,0900,1500,0000,0000,2026-04-07 11:29,N,무료,Y,유료,0,1.11402E+12,810,5,810,5,0,0,0,0,0,37.564778,126.992731
1576347,돈화문로 공영주차장(시),중구 을지로3가 296-24,NS,노상 주차장,1,시간제 주차장,02-2274-2009,1,현재~20분이내 연계데이터 존재(현재 주차대수 표현),1,Y,유료,N,야간 미개방,0900,1900,0900,1500,0000,0000,2026-04-07 11:29,N,무료,Y,유료,0,1.11402E+12,810,5,810,5,0,0,0,0,0,37.565231,126.992684
1576347,돈화문로 공영주차장(시),중구 을지로3가 296-24,NS,노상 주차장,1,시간제 주차장,02-2274-2009,1,현재~20분이내 연계데이터 존재(현재 주차대수 표현),1,Y,유료,N,야간 미개방,0900,1900,0900,1500,0000,0000,2026-04-07 11:29,N,무료,Y,유료,0,1.11402E+12,810,5,810,5,0,0,0,0,0,37.565263,126.992836
1576347,돈화문로 공영주차장(시),중구 을지로3가 296-24,NS,노상 주차장,1,시간제 주차장,02-2274-2009,1,현재~20분이내 연계데이터 존재(현재 주차대수 표현),1,Y,유료,N,야간 미개방,0900,1900,0900,1500,0000,0000,2026-04-07 11:29,N,무료,Y,유료,0,1.11402E+12,810,5,810,5,0,0,0,0,0,37.562121,126.993219
1576347,돈화문로 공영주차장(시),중구 을지로3가 296-24,NS,노상 주차장,1,시간제 주차장,02-2274-2009,1,현재~20분이내 연계데이터 존재(현재 주차대수 표현),1,Y,유료,N,야간 미개방,0900,1900,0900,1500,0000,0000,2026-04-07 11:29,N,무료,Y,유료,0,1.11402E+12,810,5,810,5,0,0,0,0,0,37.56377,126.992855
1576347,돈화문로 공영주차장(시),중구 을지로3가 296-24,NS,노상 주차장,1,시간제 주차장,02-2274-2009,1,현재~20분이내 연계데이터 존재(현재 주차대수 표현),1,Y,유료,N,야간 미개방,0900,1900,0900,1500,0000,0000,2026-04-07 11:29,N,무료,Y,유료,0,1.11402E+12,810,5,810,5,0,0,0,0,0,37.563179,126.992931
1576347,돈화문로 공영주차장(시),중구 을지로3가 296-24,NS,노상 주차장,1,시간제 주차장,02-2274-2009,1,현재~20분이내 연계데이터 존재(현재 주차대수 표현),1,Y,유료,N,야간 미개방,0900,1900,0900,1500,0000,0000,2026-04-07 11:29,N,무료,Y,유료,0,1.11402E+12,810,5,810,5,0,0,0,0,0,37.563814,126.992849
1576347,돈화문로 공영주차장(시),중구 을지로3가 296-24,NS,노상 주차장,1,시간제 주차장,02-2274-2009,1,현재~20분이내 연계데이터 존재(현재 주차대수 표현),1,Y,유료,N,야간 미개방,0900,1900,0900,1500,0000,0000,2026-04-07 11:29,N,무료,Y,유료,0,1.11402E+12,810,5,810,5,0,0,0,0,0,37.563913,126.992999
1576347,돈화문로 공영주차장(시),중구 을지로3가 296-24,NS,노상 주차장,1,시간제 주차장,02-2274-2009,1,현재~20분이내 연계데이터 존재(현재 주차대수 표현),1,Y,유료,N,야간 미개방,0900,1900,0900,1500,0000,0000,2026-04-07 11:29,N,무료,Y,유료,0,1.11402E+12,810,5,810,5,0,0,0,0,0,37.563996,126.992829
1576347,돈화문로 공영주차장(시),중구 을지로3가 296-24,NS,노상 주차장,1,시간제 주차장,02-2274-2009,1,현재~20분이내 연계데이터 존재(현재 주차대수 표현),1,Y,유료,N,야간 미개방,0900,1900,0900,1500,0000,0000,2026-04-07 11:29,N,무료,Y,유료,0,1.11402E+12,810,5,810,5,0,0,0,0,0,37.565553,126.992801
1576347,돈화문로 공영주차장(시),중구 을지로3가 296-24,NS,노상 주차장,1,시간제 주차장,02-2274-2009,1,현재~20분이내 연계데이터 존재(현재 주차대수 표현),1,Y,유료,N,야간 미개방,0900,1900,0900,1500,0000,0000,2026-04-07 11:29,N,무료,Y,유료,0,1.11402E+12,810,5,810,5,0,0,0,0,0,37.565641,126.992781
1576347,돈화문로 공영주차장(시),중구 을지로3가 296-24,NS,노상 주차장,1,시간제 주차장,02-2274-2009,1,현재~20분이내 연계데이터 존재(현재 주차대수 표현),1,Y,유료,N,야간 미개방,0900,1900,0900,1500,0000,0000,2026-04-07 11:29,N,무료,Y,유료,0,1.11402E+12,810,5,810,5,0,0,0,0,0,37.562309,126.993198
1576347,돈화문로 공영주차장(시),중구 을지로3가 296-24,NS,노상 주차장,1,시간제 주차장,02-2274-2009,1,현재~20분이내 연계데이터 존재(현재 주차대수 표현),1,Y,유료,N,야간 미개방,0900,1900,0900,1500,0000,0000,2026-04-07 11:29,N,무료,Y,유료,0,1.11402E+12,810,5,810,5,0,0,0,0,0,37.563105,126.992939
1576347,돈화문로 공영주차장(시),중구 을지로3가 296-24,NS,노상 주차장,1,시간제 주차장,02-2274-2009,1,현재~20분이내 연계데이터 존재(현재 주차대수 표현),1,Y,유료,N,야간 미개방,0900,1900,0900,1500,0000,0000,2026-04-07 11:29,N,무료,Y,유료,0,1.11402E+12,810,5,810,5,0,0,0,0,0,37.563726,126.992861
1576347,돈화문로 공영주차장(시),중구 을지로3가 296-24,NS,노상 주차장,1,시간제 주차장,02-2274-2009,1,현재~20분이내 연계데이터 존재(현재 주차대수 표현),1,Y,유료,N,야간 미개방,0900,1900,0900,1500,0000,0000,2026-04-07 11:29,N,무료,Y,유료,0,1.11402E+12,810,5,810,5,0,0,0,0,0,37.562595,126.992999
1576514,도봉로 15길 공영주차장(시),강북구 미아동 458-7,NS,노상 주차장,1,시간제 주차장,,1,현재~20분이내 연계데이터 존재(현재 주차대수 표현),1,Y,유료,N,야간 미개방,0900,1800,0000,0000,0000,0000,2026-04-07 11:41,Y,유료,Y,유료,90000,1.13051E+12,200,5,200,5,0,0,0,0,0,37.61676426,127.0284237
1576514,도봉로 15길 공영주차장(시),강북구 미아동 458-7,NS,노상 주차장,1,시간제 주차장,,1,현재~20분이내 연계데이터 존재(현재 주차대수 표현),1,Y,유료,N,야간 미개방,0900,1800,0000,0000,0000,0000,2026-04-07 11:41,Y,유료,Y,유료,90000,1.13051E+12,200,5,200,5,0,0,0,0,0,37.61684537,127.0282035
1576514,도봉로 15길 공영주차장(시),강북구 미아동 458-7,NS,노상 주차장,1,시간제 주차장,,1,현재~20분이내 연계데이터 존재(현재 주차대수 표현),1,Y,유료,N,야간 미개방,0900,1800,0000,0000,0000,0000,2026-04-07 11:41,Y,유료,Y,유료,90000,1.13051E+12,200,5,200,5,0,0,0,0,0,37.61671894,127.0285556
1576514,도봉로 15길 공영주차장(시),강북구 미아동 458-7,NS,노상 주차장,1,시간제 주차장,,1,현재~20분이내 연계데이터 존재(현재 주차대수 표현),1,Y,유료,N,야간 미개방,0900,1800,0000,0000,0000,0000,2026-04-07 11:41,Y,유료,Y,유료,90000,1.13051E+12,200,5,200,5,0,0,0,0,0,37.61695866,127.0279473
1576514,도봉로 15길 공영주차장(시),강북구 미아동 458-7,NS,노상 주차장,1,시간제 주차장,,1,현재~20분이내 연계데이터 존재(현재 주차대수 표현),1,Y,유료,N,야간 미개방,0900,1800,0000,0000,0000,0000,2026-04-07 11:41,Y,유료,Y,유료,90000,1.13051E+12,200,5,200,5,0,0,0,0,0,37.61678454,127.0283608
1576514,도봉로 15길 공영주차장(시),강북구 미아동 458-7,NS,노상 주차장,1,시간제 주차장,,1,현재~20분이내 연계데이터 존재(현재 주차대수 표현),1,Y,유료,N,야간 미개방,0900,1800,0000,0000,0000,0000,2026-04-07 11:41,Y,유료,Y,유료,90000,1.13051E+12,200,5,200,5,0,0,0,0,0,37.61684763,127.0278343
1576514,도봉로 15길 공영주차장(시),강북구 미아동 458-7,NS,노상 주차장,1,시간제 주차장,,1,현재~20분이내 연계데이터 존재(현재 주차대수 표현),1,Y,유료,N,야간 미개방,0900,1800,0000,0000,0000,0000,2026-04-07 11:41,Y,유료,Y,유료,90000,1.13051E+12,200,5,200,5,0,0,0,0,0,37.61681901,127.0278957
1576514,도봉로 15길 공영주차장(시),강북구 미아동 458-7,NS,노상 주차장,1,시간제 주차장,,1,현재~20분이내 연계데이터 존재(현재 주차대수 표현),1,Y,유료,N,야간 미개방,0900,1800,0000,0000,0000,0000,2026-04-07 11:41,Y,유료,Y,유료,90000,1.13051E+12,200,5,200,5,0,0,0,0,0,37.61676892,127.0279961
1576514,도봉로 15길 공영주차장(시),강북구 미아동 458-7,NS,노상 주차장,1,시간제 주차장,,1,현재~20분이내 연계데이터 존재(현재 주차대수 표현),1,Y,유료,N,야간 미개방,0900,1800,0000,0000,0000,0000,2026-04-07 11:41,Y,유료,Y,유료,90000,1.13051E+12,200,5,200,5,0,0,0,0,0,37.61669985,127.028623
1576514,도봉로 15길 공영주차장(시),강북구 미아동 458-7,NS,노상 주차장,1,시간제 주차장,,1,현재~20분이내 연계데이터 존재(현재 주차대수 표현),1,Y,유료,N,야간 미개방,0900,1800,0000,0000,0000,0000,2026-04-07 11:41,Y,유료,Y,유료,90000,1.13051E+12,200,5,200,5,0,0,0,0,0,37.6167416,127.0284896
1576514,도봉로 15길 공영주차장(시),강북구 미아동 458-7,NS,노상 주차장,1,시간제 주차장,,1,현재~20분이내 연계데이터 존재(현재 주차대수 표현),1,Y,유료,N,야간 미개방,0900,1800,0000,0000,0000,0000,2026-04-07 11:41,Y,유료,Y,유료,90000,1.13051E+12,200,5,200,5,0,0,0,0,0,37.61668076,127.0286889
1576514,도봉로 15길 공영주차장(시),강북구 미아동 458-7,NS,노상 주차장,1,시간제 주차장,,1,현재~20분이내 연계데이터 존재(현재 주차대수 표현),1,Y,유료,N,야간 미개방,0900,1800,0000,0000,0000,0000,2026-04-07 11:41,Y,유료,Y,유료,90000,1.13051E+12,200,5,200,5,0,0,0,0,0,37.61666406,127.0287578
1576514,도봉로 15길 공영주차장(시),강북구 미아동 458-7,NS,노상 주차장,1,시간제 주차장,,1,현재~20분이내 연계데이터 존재(현재 주차대수 표현),1,Y,유료,N,야간 미개방,0900,1800,0000,0000,0000,0000,2026-04-07 11:41,Y,유료,Y,유료,90000,1.13051E+12,200,5,200,5,0,0,0,0,0,37.61682032,127.0282664
1576514,도봉로 15길 공영주차장(시),강북구 미아동 458-7,NS,노상 주차장,1,시간제 주차장,,1,현재~20분이내 연계데이터 존재(현재 주차대수 표현),1,Y,유료,N,야간 미개방,0900,1800,0000,0000,0000,0000,2026-04-07 11:41,Y,유료,Y,유료,90000,1.13051E+12,200,5,200,5,0,0,0,0,0,37.61690023,127.0280716
1576514,도봉로 15길 공영주차장(시),강북구 미아동 458-7,NS,노상 주차장,1,시간제 주차장,,1,현재~20분이내 연계데이터 존재(현재 주차대수 표현),1,Y,유료,N,야간 미개방,0900,1800,0000,0000,0000,0000,2026-04-07 11:41,Y,유료,Y,유료,90000,1.13051E+12,200,5,200,5,0,0,0,0,0,37.61693004,127.0280087
1576514,도봉로 15길 공영주차장(시),강북구 미아동 458-7,NS,노상 주차장,1,시간제 주차장,,1,현재~20분이내 연계데이터 존재(현재 주차대수 표현),1,Y,유료,N,야간 미개방,0900,1800,0000,0000,0000,0000,2026-04-07 11:41,Y,유료,Y,유료,90000,1.13051E+12,200,5,200,5,0,0,0,0,0,37.61693453,127.027664
1576530,원효대교 남단 공영주차장(시),영등포구 여의도동 5-0,NS,노상 주차장,1,시간제 주차장,,1,현재~20분이내 연계데이터 존재(현재 주차대수 표현),1,Y,유료,N,야간 미개방,0000,2400,0000,2400,0000,2400,2026-04-07 11:10,N,무료,N,무료,100000,1.15601E+12,280,5,280,5,0,0,0,0,,37.52237185,126.9370261
1576530,원효대교 남단 공영주차장(시),영등포구 여의도동 5-0,NS,노상 주차장,1,시간제 주차장,,1,현재~20분이내 연계데이터 존재(현재 주차대수 표현),1,Y,유료,N,야간 미개방,0000,2400,0000,2400,0000,2400,2026-04-07 11:10,N,무료,N,무료,100000,1.15601E+12,280,5,280,5,0,0,0,0,,37.52229002,126.936676
1576530,원효대교 남단 공영주차장(시),영등포구 여의도동 5-0,NS,노상 주차장,1,시간제 주차장,,1,현재~20분이내 연계데이터 존재(현재 주차대수 표현),1,Y,유료,N,야간 미개방,0000,2400,0000,2400,0000,2400,2026-04-07 11:10,N,무료,N,무료,100000,1.15601E+12,280,5,280,5,0,0,0,0,,37.52225515,126.9368413
1576530,원효대교 남단 공영주차장(시),영등포구 여의도동 5-0,NS,노상 주차장,1,시간제 주차장,,1,현재~20분이내 연계데이터 존재(현재 주차대수 표현),1,Y,유료,N,야간 미개방,0000,2400,0000,2400,0000,2400,2026-04-07 11:10,N,무료,N,무료,100000,1.15601E+12,280,5,280,5,0,0,0,0,,37.52234322,126.9369805
1576530,원효대교 남단 공영주차장(시),영등포구 여의도동 5-0,NS,노상 주차장,1,시간제 주차장,,1,현재~20분이내 연계데이터 존재(현재 주차대수 표현),1,Y,유료,N,야간 미개방,0000,2400,0000,2400,0000,2400,2026-04-07 11:10,N,무료,N,무료,100000,1.15601E+12,280,5,280,5,0,0,0,0,,37.52242691,126.937117
1576530,원효대교 남단 공영주차장(시),영등포구 여의도동 5-0,NS,노상 주차장,1,시간제 주차장,,1,현재~20분이내 연계데이터 존재(현재 주차대수 표현),1,Y,유료,N,야간 미개방,0000,2400,0000,2400,0000,2400,2026-04-07 11:10,N,무료,N,무료,100000,1.15601E+12,280,5,280,5,0,0,0,0,,37.52235694,126.9370036
1576530,원효대교 남단 공영주차장(시),영등포구 여의도동 5-0,NS,노상 주차장,1,시간제 주차장,,1,현재~20분이내 연계데이터 존재(현재 주차대수 표현),1,Y,유료,N,야간 미개방,0000,2400,0000,2400,0000,2400,2026-04-07 11:10,N,무료,N,무료,100000,1.15601E+12,280,5,280,5,0,0,0,0,,37.52232342,126.9367306
1576530,원효대교 남단 공영주차장(시),영등포구 여의도동 5-0,NS,노상 주차장,1,시간제 주차장,,1,현재~20분이내 연계데이터 존재(현재 주차대수 표현),1,Y,유료,N,야간 미개방,0000,2400,0000,2400,0000,2400,2026-04-07 11:10,N,무료,N,무료,100000,1.15601E+12,280,5,280,5,0,0,0,0,,37.52245963,126.9370036
1576530,원효대교 남단 공영주차장(시),영등포구 여의도동 5-0,NS,노상 주차장,1,시간제 주차장,,1,현재~20분이내 연계데이터 존재(현재 주차대수 표현),1,Y,유료,N,야간 미개방,0000,2400,0000,2400,0000,2400,2026-04-07 11:10,N,무료,N,무료,100000,1.15601E+12,280,5,280,5,0,0,0,0,,37.52249148,126.937049
1576530,원효대교 남단 공영주차장(시),영등포구 여의도동 5-0,NS,노상 주차장,1,시간제 주차장,,1,현재~20분이내 연계데이터 존재(현재 주차대수 표현),1,Y,유료,N,야간 미개방,0000,2400,0000,2400,0000,2400,2026-04-07 11:10,N,무료,N,무료,100000,1.15601E+12,280,5,280,5,0,0,0,0,,37.52224084,126.9368196
1576530,원효대교 남단 공영주차장(시),영등포구 여의도동 5-0,NS,노상 주차장,1,시간제 주차장,,1,현재~20분이내 연계데이터 존재(현재 주차대수 표현),1,Y,유료,N,야간 미개방,0000,2400,0000,2400,0000,2400,2026-04-07 11:10,N,무료,N,무료,100000,1.15601E+12,280,5,280,5,0,0,0,0,,37.52237472,126.9368151
1576530,원효대교 남단 공영주차장(시),영등포구 여의도동 5-0,NS,노상 주차장,1,시간제 주차장,,1,현재~20분이내 연계데이터 존재(현재 주차대수 표현),1,Y,유료,N,야간 미개방,0000,2400,0000,2400,0000,2400,2026-04-07 11:10,N,무료,N,무료,100000,1.15601E+12,280,5,280,5,0,0,0,0,,37.52221459,126.936777
1576530,원효대교 남단 공영주차장(시),영등포구 여의도동 5-0,NS,노상 주차장,1,시간제 주차장,,1,현재~20분이내 연계데이터 존재(현재 주차대수 표현),1,Y,유료,N,야간 미개방,0000,2400,0000,2400,0000,2400,2026-04-07 11:10,N,무료,N,무료,100000,1.15601E+12,280,5,280,5,0,0,0,0,,37.52222771,126.9367972
1576703,가양라이품 공영주차장(시),강서구 가양동 1457-1,NW,노외 주차장,1,시간제 주차장,02-2290-6144,1,현재~20분이내 연계데이터 존재(현재 주차대수 표현),38,Y,유료,N,야간 미개방,0000,2400,0000,2400,0000,2400,2026-04-07 11:45,N,무료,N,무료,109000,,200,5,200,5,0,0,0,0,,37.57155732,126.8416529
1576989,신영시장 공동주차장(구),양천구 신월동 114-16,NW,노외 주차장,1,시간제 주차장,02-2644-1386,0,미연계중,23,Y,유료,N,야간 미개방,0900,1900,0900,1900,0900,1900,2020-08-27 15:37,N,무료,N,무료,50000,,150,5,150,5,0,0,0,0,9000,,
1577094,마른내로 공영주차장(시),중구 오장동 69-3,NS,노상 주차장,1,시간제 주차장,02-2273-0006,1,현재~20분이내 연계데이터 존재(현재 주차대수 표현),1,Y,유료,N,야간 미개방,0900,1800,0000,0000,0000,0000,2026-04-07 13:56,Y,유료,Y,유료,180000,1.11402E+12,620,5,620,5,0,0,0,0,0,37.56463752,127.0014268
1577094,마른내로 공영주차장(시),중구 오장동 69-3,NS,노상 주차장,1,시간제 주차장,02-2273-0006,1,현재~20분이내 연계데이터 존재(현재 주차대수 표현),1,Y,유료,N,야간 미개방,0900,1800,0000,0000,0000,0000,2026-04-07 13:56,Y,유료,Y,유료,180000,1.11402E+12,620,5,620,5,0,0,0,0,0,37.56448822,126.9992416
1577094,마른내로 공영주차장(시),중구 오장동 69-3,NS,노상 주차장,1,시간제 주차장,02-2273-0006,1,현재~20분이내 연계데이터 존재(현재 주차대수 표현),1,Y,유료,N,야간 미개방,0900,1800,0000,0000,0000,0000,2026-04-07 13:56,Y,유료,Y,유료,180000,1.11402E+12,620,5,620,5,0,0,0,0,0,37.56452923,126.9998924
1577094,마른내로 공영주차장(시),중구 오장동 69-3,NS,노상 주차장,1,시간제 주차장,02-2273-0006,1,현재~20분이내 연계데이터 존재(현재 주차대수 표현),1,Y,유료,N,야간 미개방,0900,1800,0000,0000,0000,0000,2026-04-07 13:56,Y,유료,Y,유료,180000,1.11402E+12,620,5,620,5,0,0,0,0,0,37.56461243,127.0011441
1577094,마른내로 공영주차장(시),중구 오장동 69-3,NS,노상 주차장,1,시간제 주차장,02-2273-0006,1,현재~20분이내 연계데이터 존재(현재 주차대수 표현),1,Y,유료,N,야간 미개방,0900,1800,0000,0000,0000,0000,2026-04-07 13:56,Y,유료,Y,유료,180000,1.11402E+12,620,5,620,5,0,0,0,0,0,37.56451787,126.9995989
1577094,마른내로 공영주차장(시),중구 오장동 69-3,NS,노상 주차장,1,시간제 주차장,02-2273-0006,1,현재~20분이내 연계데이터 존재(현재 주차대수 표현),1,Y,유료,N,야간 미개방,0900,1800,0000,0000,0000,0000,2026-04-07 13:56,Y,유료,Y,유료,180000,1.11402E+12,620,5,620,5,0,0,0,0,0,37.56458631,127.0006696
1577094,마른내로 공영주차장(시),중구 오장동 69-3,NS,노상 주차장,1,시간제 주차장,02-2273-0006,1,현재~20분이내 연계데이터 존재(현재 주차대수 표현),1,Y,유료,N,야간 미개방,0900,1800,0000,0000,0000,0000,2026-04-07 13:56,Y,유료,Y,유료,180000,1.11402E+12,620,5,620,5,0,0,0,0,0,37.56449473,126.9993747
1577094,마른내로 공영주차장(시),중구 오장동 69-3,NS,노상 주차장,1,시간제 주차장,02-2273-0006,1,현재~20분이내 연계데이터 존재(현재 주차대수 표현),1,Y,유료,N,야간 미개방,0900,1800,0000,0000,0000,0000,2026-04-07 13:56,Y,유료,Y,유료,180000,1.11402E+12,620,5,620,5,0,0,0,0,0,37.56453213,126.9999578
1577094,마른내로 공영주차장(시),중구 오장동 69-3,NS,노상 주차장,1,시간제 주차장,02-2273-0006,1,현재~20분이내 연계데이터 존재(현재 주차대수 표현),1,Y,유료,N,야간 미개방,0900,1800,0000,0000,0000,0000,2026-04-07 13:56,Y,유료,Y,유료,180000,1.11402E+12,620,5,620,5,0,0,0,0,0,37.56451381,126.9995236
1577094,마른내로 공영주차장(시),중구 오장동 69-3,NS,노상 주차장,1,시간제 주차장,02-2273-0006,1,현재~20분이내 연계데이터 존재(현재 주차대수 표현),1,Y,유료,N,야간 미개방,0900,1800,0000,0000,0000,0000,2026-04-07 13:56,Y,유료,Y,유료,180000,1.11402E+12,620,5,620,5,0,0,0,0,0,37.56452675,126.999827
1577094,마른내로 공영주차장(시),중구 오장동 69-3,NS,노상 주차장,1,시간제 주차장,02-2273-0006,1,현재~20분이내 연계데이터 존재(현재 주차대수 표현),1,Y,유료,N,야간 미개방,0900,1800,0000,0000,0000,0000,2026-04-07 13:56,Y,유료,Y,유료,180000,1.11402E+12,620,5,620,5,0,0,0,0,0,37.56449156,126.9993067
1577094,마른내로 공영주차장(시),중구 오장동 69-3,NS,노상 주차장,1,시간제 주차장,02-2273-0006,1,현재~20분이내 연계데이터 존재(현재 주차대수 표현),1,Y,유료,N,야간 미개방,0900,1800,0000,0000,0000,0000,2026-04-07 13:56,Y,유료,Y,유료,180000,1.11402E+12,620,5,620,5,0,0,0,0,0,37.56451035,126.9994498
1577094,마른내로 공영주차장(시),중구 오장동 69-3,NS,노상 주차장,1,시간제 주차장,02-2273-0006,1,현재~20분이내 연계데이터 존재(현재 주차대수 표현),1,Y,유료,N,야간 미개방,0900,1800,0000,0000,0000,0000,2026-04-07 13:56,Y,유료,Y,유료,180000,1.11402E+12,620,5,620,5,0,0,0,0,0,37.56455141,127.0001539
1577094,마른내로 공영주차장(시),중구 오장동 69-3,NS,노상 주차장,1,시간제 주차장,02-2273-0006,1,현재~20분이내 연계데이터 존재(현재 주차대수 표현),1,Y,유료,N,야간 미개방,0900,1800,0000,0000,0000,0000,2026-04-07 13:56,Y,유료,Y,유료,180000,1.11402E+12,620,5,620,5,0,0,0,0,0,37.56461777,127.0012171
1577275,중계4동 임시공영주차장(구),노원구 중계동 606-2,NW,노외 주차장,1,시간제 주차장,,0,미연계중,39,Y,유료,N,야간 미개방,1000,1900,1000,1800,0000,0000,2019-06-10 9:37,N,무료,Y,유료,100000,,150,5,150,5,0,0,0,0,8100,,
1577279,반포4동 주민센터 공영주차장(구),서초구 반포동 74-7,NW,노외 주차장,1,시간제 주차장,070-7119-3701,1,현재~20분이내 연계데이터 존재(현재 주차대수 표현),51,Y,유료,N,야간 미개방,0000,2400,0000,2400,0000,2400,2026-06-17 17:35,N,무료,N,무료,120000,,150,5,150,5,0,0,0,0,,,
1577281,영등포구청환승주차장(구),영등포구 당산동3가 370-4,NW,노외 주차장,1,시간제 주차장,02-2677-1401,1,현재~20분이내 연계데이터 존재(현재 주차대수 표현),66,Y,유료,N,야간 미개방,0000,2400,0000,2400,0000,2400,2023-06-30 15:19,N,무료,N,무료,84000,,100,5,100,5,0,0,0,0,0,,
1577613,정릉천변 공영주차장(구),동대문구 제기동 1159-0,NS,노상 주차장,1,시간제 주차장,,0,미연계중,1,Y,유료,N,야간 미개방,0900,1900,0900,1500,0000,0000,2019-06-10 9:52,N,무료,Y,유료,120000,1.12301E+12,500,10,500,10,0,0,0,0,36000,,
1577690,정화여상 노상(구),동대문구 제기동 855-0,NS,노상 주차장,1,시간제 주차장,,0,미연계중,1,Y,유료,N,야간 미개방,0900,1900,0900,1500,0000,0000,2019-06-10 9:52,N,무료,Y,유료,120000,1.12301E+12,500,10,500,10,0,0,0,0,36000,,
1577864,동서시장 식품 공영주차장(구),동대문구 제기동 854-1,NS,노상 주차장,1,시간제 주차장,,0,미연계중,1,Y,유료,N,야간 미개방,0900,1900,0900,1500,0000,0000,2019-06-10 9:56,N,무료,Y,유료,0,1.12301E+12,300,10,300,10,0,0,0,0,36000,,
1578559,장안보성연립노상주차장(구),동대문구 장안동 427-4,NS,노상 주차장,1,시간제 주차장,,0,미연계중,1,Y,유료,N,야간 미개방,0900,1900,0900,1500,0000,0000,2019-06-10 9:52,N,무료,Y,유료,120000,1.12301E+12,500,10,500,10,0,0,0,0,36000,,
1578994,동서시장 과일채소부 공영주차장(구),동대문구 제기동 849-0,NS,노상 주차장,1,시간제 주차장,02-962-1650,0,미연계중,1,Y,유료,N,야간 미개방,0900,1900,0900,1500,0000,0000,2019-06-10 9:57,N,무료,Y,유료,0,1.12301E+12,300,10,300,10,0,0,0,0,36000,,
1579054,답십리 부품상가 노상(구),동대문구 답십리동 952-2,NS,노상 주차장,1,시간제 주차장,,0,미연계중,1,Y,유료,N,야간 미개방,0900,1900,0900,1500,0000,0000,2019-06-10 9:56,N,무료,Y,유료,120000,1.12301E+12,500,10,500,10,0,0,0,0,36000,,
1579283,청계천 주변(구),동대문구 신설동 94-4,NS,노상 주차장,1,시간제 주차장,,0,미연계중,1,Y,유료,N,야간 미개방,0900,1900,0900,1500,0000,0000,2019-06-10 9:53,N,무료,Y,유료,120000,1.12301E+12,500,10,0,0,0,0,0,0,0,,
1579310,청계천 주변(구),동대문구 용두동 255-41,NS,노상 주차장,1,시간제 주차장,,0,미연계중,1,Y,유료,N,야간 미개방,0900,1900,0900,1500,0000,0000,2019-06-10 9:56,N,무료,Y,유료,120000,1.12301E+12,500,10,0,0,0,0,0,0,0,,
1579343,신일피혁주변(구),동대문구 장안동 480-9,NS,노상 주차장,1,시간제 주차장,,0,미연계중,1,Y,유료,N,야간 미개방,0900,1900,0900,1500,0000,0000,2019-06-10 9:52,N,무료,Y,유료,120000,1.12301E+12,500,10,0,0,0,0,0,0,0,,
1579353,삼희상가주변(구),동대문구 답십리동 530-6,NS,노상 주차장,1,시간제 주차장,,0,미연계중,1,Y,유료,N,야간 미개방,0900,1900,0900,1500,0000,0000,2019-06-10 9:52,N,무료,Y,유료,120000,1.12301E+12,500,10,500,10,0,0,0,0,0,,
1579598,목사랑시장(구),양천구 목동 723-7,NW,노외 주차장,1,시간제 주차장,,0,미연계중,24,Y,유료,N,야간 미개방,0919,0000,0919,0000,0919,0000,2019-06-10 9:37,N,무료,N,무료,,,150,5,150,5,0,0,0,0,,,
1580083,약령시 공영주차장(구),동대문구 제기동 1082-0,NW,노외 주차장,1,시간제 주차장,,0,미연계중,196,Y,유료,N,야간 미개방,0000,2400,0000,2400,0000,2400,2026-07-09 15:58,N,무료,N,무료,170000,,500,10,500,10,0,0,0,0,20000,,
1580112,방배1동 공영주차장(구),서초구 방배동 328-1,NW,노외 주차장,1,시간제 주차장,02-1688-1054,1,현재~20분이내 연계데이터 존재(현재 주차대수 표현),120,Y,유료,N,야간 미개방,0000,2400,0000,2400,0000,2400,2026-06-15 17:34,N,무료,N,무료,120000,,150,5,150,5,0,0,0,0,,,
1580114,양재근린공원 공영주차장(구),서초구 양재동 311-0,NW,노외 주차장,1,시간제 주차장,,1,현재~20분이내 연계데이터 존재(현재 주차대수 표현),101,Y,유료,N,야간 미개방,0000,2400,0000,2400,0000,2400,2026-06-17 17:39,N,무료,N,무료,120000,,150,5,150,5,0,0,0,0,,,
1580171,도봉2동  6공영주차장(구),도봉구 도봉동 59-1,NW,노외 주차장,2,거주자 우선 주차장,02-2091-4215,0,미연계중,13,Y,유료,N,야간 미개방,0000,0000,0000,0000,0000,0000,2020-11-12 9:21,N,무료,N,무료,0,,0,0,0,0,0,0,0,0,0,,
1580208,방배역 노상 공영주차장(구),서초구 방배동 91-16,NS,노상 주차장,1,시간제 주차장,,0,미연계중,1,Y,유료,N,야간 미개방,0900,2100,0900,2100,0900,2100,2026-01-27 16:08,N,무료,N,무료,0,1.16501E+12,500,10,500,10,0,0,0,0,0,,
1581248,밤고개로21길 공영주차장(구),강남구 율현동 77-5,NW,노외 주차장,1,시간제 주차장,02-3423-6403,1,현재~20분이내 연계데이터 존재(현재 주차대수 표현),109,Y,유료,N,야간 미개방,0000,2400,0000,2400,0000,2400,2020-07-08 18:34,N,무료,N,무료,70000,,100,5,100,5,0,0,0,0,,,
1582514,이태원1동공영(구),용산구 이태원동 22-36,NS,노상 주차장,1,시간제 주차장,02-749-5314,0,미연계중,1,Y,유료,N,야간 미개방,0900,1900,0900,1500,0000,0000,2019-06-10 9:53,N,무료,Y,유료,0,1.11701E+12,250,5,0,0,0,0,0,0,0,,
1582630,수송초등학교 공영주차장(구),강북구 번동 456-0,NW,노외 주차장,1,시간제 주차장,02-944-3025,0,미연계중,185,Y,유료,N,야간 미개방,0000,2400,0000,2400,0000,2400,2023-07-19 13:13,N,무료,N,무료,100000,,200,5,200,5,0,0,0,0,10000,,
1583447,청계8(북) 공영주차장(시),동대문구 신설동 109-2,NS,노상 주차장,1,시간제 주차장,02-2274-2009,1,현재~20분이내 연계데이터 존재(현재 주차대수 표현),1,Y,유료,N,야간 미개방,0900,1900,0900,1500,0000,0000,2026-04-07 11:36,N,무료,Y,유료,150000,1.12301E+12,450,5,450,5,0,0,0,0,0,37.57063582,127.0282482
1583447,청계8(북) 공영주차장(시),동대문구 신설동 109-2,NS,노상 주차장,1,시간제 주차장,02-2274-2009,1,현재~20분이내 연계데이터 존재(현재 주차대수 표현),1,Y,유료,N,야간 미개방,0900,1900,0900,1500,0000,0000,2026-04-07 11:36,N,무료,Y,유료,150000,1.12301E+12,450,5,450,5,0,0,0,0,0,37.5711789,127.0263336
1583447,청계8(북) 공영주차장(시),동대문구 신설동 109-2,NS,노상 주차장,1,시간제 주차장,02-2274-2009,1,현재~20분이내 연계데이터 존재(현재 주차대수 표현),1,Y,유료,N,야간 미개방,0900,1900,0900,1500,0000,0000,2026-04-07 11:36,N,무료,Y,유료,150000,1.12301E+12,450,5,450,5,0,0,0,0,0,37.57049505,127.0287363
1583447,청계8(북) 공영주차장(시),동대문구 신설동 109-2,NS,노상 주차장,1,시간제 주차장,02-2274-2009,1,현재~20분이내 연계데이터 존재(현재 주차대수 표현),1,Y,유료,N,야간 미개방,0900,1900,0900,1500,0000,0000,2026-04-07 11:36,N,무료,Y,유료,150000,1.12301E+12,450,5,450,5,0,0,0,0,0,37.5713447,127.0257631
1583447,청계8(북) 공영주차장(시),동대문구 신설동 109-2,NS,노상 주차장,1,시간제 주차장,02-2274-2009,1,현재~20분이내 연계데이터 존재(현재 주차대수 표현),1,Y,유료,N,야간 미개방,0900,1900,0900,1500,0000,0000,2026-04-07 11:36,N,무료,Y,유료,150000,1.12301E+12,450,5,450,5,0,0,0,0,0,37.5711622,127.0263877
1583447,청계8(북) 공영주차장(시),동대문구 신설동 109-2,NS,노상 주차장,1,시간제 주차장,02-2274-2009,1,현재~20분이내 연계데이터 존재(현재 주차대수 표현),1,Y,유료,N,야간 미개방,0900,1900,0900,1500,0000,0000,2026-04-07 11:36,N,무료,Y,유료,150000,1.12301E+12,450,5,450,5,0,0,0,0,0,37.57151045,127.0251663
1583447,청계8(북) 공영주차장(시),동대문구 신설동 109-2,NS,노상 주차장,1,시간제 주차장,02-2274-2009,1,현재~20분이내 연계데이터 존재(현재 주차대수 표현),1,Y,유료,N,야간 미개방,0900,1900,0900,1500,0000,0000,2026-04-07 11:36,N,무료,Y,유료,150000,1.12301E+12,450,5,450,5,0,0,0,0,0,37.57183454,127.0240448
1583447,청계8(북) 공영주차장(시),동대문구 신설동 109-2,NS,노상 주차장,1,시간제 주차장,02-2274-2009,1,현재~20분이내 연계데이터 존재(현재 주차대수 표현),1,Y,유료,N,야간 미개방,0900,1900,0900,1500,0000,0000,2026-04-07 11:36,N,무료,Y,유료,150000,1.12301E+12,450,5,450,5,0,0,0,0,0,37.5705392,127.0285746
1583447,청계8(북) 공영주차장(시),동대문구 신설동 109-2,NS,노상 주차장,1,시간제 주차장,02-2274-2009,1,현재~20분이내 연계데이터 존재(현재 주차대수 표현),1,Y,유료,N,야간 미개방,0900,1900,0900,1500,0000,0000,2026-04-07 11:36,N,무료,Y,유료,150000,1.12301E+12,450,5,450,5,0,0,0,0,0,37.57025437,127.0295856
1583447,청계8(북) 공영주차장(시),동대문구 신설동 109-2,NS,노상 주차장,1,시간제 주차장,02-2274-2009,1,현재~20분이내 연계데이터 존재(현재 주차대수 표현),1,Y,유료,N,야간 미개방,0900,1900,0900,1500,0000,0000,2026-04-07 11:36,N,무료,Y,유료,150000,1.12301E+12,450,5,450,5,0,0,0,0,0,37.57022454,127.029692
1583447,청계8(북) 공영주차장(시),동대문구 신설동 109-2,NS,노상 주차장,1,시간제 주차장,02-2274-2009,1,현재~20분이내 연계데이터 존재(현재 주차대수 표현),1,Y,유료,N,야간 미개방,0900,1900,0900,1500,0000,0000,2026-04-07 11:36,N,무료,Y,유료,150000,1.12301E+12,450,5,450,5,0,0,0,0,0,37.57192823,127.023719
1583447,청계8(북) 공영주차장(시),동대문구 신설동 109-2,NS,노상 주차장,1,시간제 주차장,02-2274-2009,1,현재~20분이내 연계데이터 존재(현재 주차대수 표현),1,Y,유료,N,야간 미개방,0900,1900,0900,1500,0000,0000,2026-04-07 11:36,N,무료,Y,유료,150000,1.12301E+12,450,5,450,5,0,0,0,0,0,37.5713113,127.0258185
1583447,청계8(북) 공영주차장(시),동대문구 신설동 109-2,NS,노상 주차장,1,시간제 주차장,02-2274-2009,1,현재~20분이내 연계데이터 존재(현재 주차대수 표현),1,Y,유료,N,야간 미개방,0900,1900,0900,1500,0000,0000,2026-04-07 11:36,N,무료,Y,유료,150000,1.12301E+12,450,5,450,5,0,0,0,0,0,37.57052369,127.02863
1583447,청계8(북) 공영주차장(시),동대문구 신설동 109-2,NS,노상 주차장,1,시간제 주차장,02-2274-2009,1,현재~20분이내 연계데이터 존재(현재 주차대수 표현),1,Y,유료,N,야간 미개방,0900,1900,0900,1500,0000,0000,2026-04-07 11:36,N,무료,Y,유료,150000,1.12301E+12,450,5,450,5,0,0,0,0,0,37.57138645,127.0256133
1583447,청계8(북) 공영주차장(시),동대문구 신설동 109-2,NS,노상 주차장,1,시간제 주차장,02-2274-2009,1,현재~20분이내 연계데이터 존재(현재 주차대수 표현),1,Y,유료,N,야간 미개방,0900,1900,0900,1500,0000,0000,2026-04-07 11:36,N,무료,Y,유료,150000,1.12301E+12,450,5,450,5,0,0,0,0,0,37.57062031,127.0283036
1583447,청계8(북) 공영주차장(시),동대문구 신설동 109-2,NS,노상 주차장,1,시간제 주차장,02-2274-2009,1,현재~20분이내 연계데이터 존재(현재 주차대수 표현),1,Y,유료,N,야간 미개방,0900,1900,0900,1500,0000,0000,2026-04-07 11:36,N,무료,Y,유료,150000,1.12301E+12,450,5,450,5,0,0,0,0,0,37.5718821,127.0238812
1583447,청계8(북) 공영주차장(시),동대문구 신설동 109-2,NS,노상 주차장,1,시간제 주차장,02-2274-2009,1,현재~20분이내 연계데이터 존재(현재 주차대수 표현),1,Y,유료,N,야간 미개방,0900,1900,0900,1500,0000,0000,2026-04-07 11:36,N,무료,Y,유료,150000,1.12301E+12,450,5,450,5,0,0,0,0,0,37.57181879,127.0240984
1583447,청계8(북) 공영주차장(시),동대문구 신설동 109-2,NS,노상 주차장,1,시간제 주차장,02-2274-2009,1,현재~20분이내 연계데이터 존재(현재 주차대수 표현),1,Y,유료,N,야간 미개방,0900,1900,0900,1500,0000,0000,2026-04-07 11:36,N,무료,Y,유료,150000,1.12301E+12,450,5,450,5,0,0,0,0,0,37.5705893,127.0284114
1583447,청계8(북) 공영주차장(시),동대문구 신설동 109-2,NS,노상 주차장,1,시간제 주차장,02-2274-2009,1,현재~20분이내 연계데이터 존재(현재 주차대수 표현),1,Y,유료,N,야간 미개방,0900,1900,0900,1500,0000,0000,2026-04-07 11:36,N,무료,Y,유료,150000,1.12301E+12,450,5,450,5,0,0,0,0,0,37.57143417,127.0254471
1583447,청계8(북) 공영주차장(시),동대문구 신설동 109-2,NS,노상 주차장,1,시간제 주차장,02-2274-2009,1,현재~20분이내 연계데이터 존재(현재 주차대수 표현),1,Y,유료,N,야간 미개방,0900,1900,0900,1500,0000,0000,2026-04-07 11:36,N,무료,Y,유료,150000,1.12301E+12,450,5,450,5,0,0,0,0,0,37.57057349,127.0284665
1583447,청계8(북) 공영주차장(시),동대문구 신설동 109-2,NS,노상 주차장,1,시간제 주차장,02-2274-2009,1,현재~20분이내 연계데이터 존재(현재 주차대수 표현),1,Y,유료,N,야간 미개방,0900,1900,0900,1500,0000,0000,2026-04-07 11:36,N,무료,Y,유료,150000,1.12301E+12,450,5,450,5,0,0,0,0,0,37.57140196,127.0255564
1583447,청계8(북) 공영주차장(시),동대문구 신설동 109-2,NS,노상 주차장,1,시간제 주차장,02-2274-2009,1,현재~20분이내 연계데이터 존재(현재 주차대수 표현),1,Y,유료,N,야간 미개방,0900,1900,0900,1500,0000,0000,2026-04-07 11:36,N,무료,Y,유료,150000,1.12301E+12,450,5,450,5,0,0,0,0,0,37.57060361,127.028356
1583447,청계8(북) 공영주차장(시),동대문구 신설동 109-2,NS,노상 주차장,1,시간제 주차장,02-2274-2009,1,현재~20분이내 연계데이터 존재(현재 주차대수 표현),1,Y,유료,N,야간 미개방,0900,1900,0900,1500,0000,0000,2026-04-07 11:36,N,무료,Y,유료,150000,1.12301E+12,450,5,450,5,0,0,0,0,0,37.57189722,127.0238261
1583447,청계8(북) 공영주차장(시),동대문구 신설동 109-2,NS,노상 주차장,1,시간제 주차장,02-2274-2009,1,현재~20분이내 연계데이터 존재(현재 주차대수 표현),1,Y,유료,N,야간 미개방,0900,1900,0900,1500,0000,0000,2026-04-07 11:36,N,무료,Y,유료,150000,1.12301E+12,450,5,450,5,0,0,0,0,0,37.57024005,127.029638
1583447,청계8(북) 공영주차장(시),동대문구 신설동 109-2,NS,노상 주차장,1,시간제 주차장,02-2274-2009,1,현재~20분이내 연계데이터 존재(현재 주차대수 표현),1,Y,유료,N,야간 미개방,0900,1900,0900,1500,0000,0000,2026-04-07 11:36,N,무료,Y,유료,150000,1.12301E+12,450,5,450,5,0,0,0,0,0,37.5718507,127.0239893
1583447,청계8(북) 공영주차장(시),동대문구 신설동 109-2,NS,노상 주차장,1,시간제 주차장,02-2274-2009,1,현재~20분이내 연계데이터 존재(현재 주차대수 표현),1,Y,유료,N,야간 미개방,0900,1900,0900,1500,0000,0000,2026-04-07 11:36,N,무료,Y,유료,150000,1.12301E+12,450,5,450,5,0,0,0,0,0,37.57029851,127.0294359
1583447,청계8(북) 공영주차장(시),동대문구 신설동 109-2,NS,노상 주차장,1,시간제 주차장,02-2274-2009,1,현재~20분이내 연계데이터 존재(현재 주차대수 표현),1,Y,유료,N,야간 미개방,0900,1900,0900,1500,0000,0000,2026-04-07 11:36,N,무료,Y,유료,150000,1.12301E+12,450,5,450,5,0,0,0,0,0,37.57055467,127.0285213
1583447,청계8(북) 공영주차장(시),동대문구 신설동 109-2,NS,노상 주차장,1,시간제 주차장,02-2274-2009,1,현재~20분이내 연계데이터 존재(현재 주차대수 표현),1,Y,유료,N,야간 미개방,0900,1900,0900,1500,0000,0000,2026-04-07 11:36,N,무료,Y,유료,150000,1.12301E+12,450,5,450,5,0,0,0,0,0,37.57186621,127.0239339
1583447,청계8(북) 공영주차장(시),동대문구 신설동 109-2,NS,노상 주차장,1,시간제 주차장,02-2274-2009,1,현재~20분이내 연계데이터 존재(현재 주차대수 표현),1,Y,유료,N,야간 미개방,0900,1900,0900,1500,0000,0000,2026-04-07 11:36,N,무료,Y,유료,150000,1.12301E+12,450,5,450,5,0,0,0,0,0,37.57031283,127.0293805
1583447,청계8(북) 공영주차장(시),동대문구 신설동 109-2,NS,노상 주차장,1,시간제 주차장,02-2274-2009,1,현재~20분이내 연계데이터 존재(현재 주차대수 표현),1,Y,유료,N,야간 미개방,0900,1900,0900,1500,0000,0000,2026-04-07 11:36,N,무료,Y,유료,150000,1.12301E+12,450,5,450,5,0,0,0,0,0,37.57141747,127.0255025
1583447,청계8(북) 공영주차장(시),동대문구 신설동 109-2,NS,노상 주차장,1,시간제 주차장,02-2274-2009,1,현재~20분이내 연계데이터 존재(현재 주차대수 표현),1,Y,유료,N,야간 미개방,0900,1900,0900,1500,0000,0000,2026-04-07 11:36,N,무료,Y,유료,150000,1.12301E+12,450,5,450,5,0,0,0,0,0,37.57191272,127.0237722
1583603,여울 공영주차장(구),양천구 신월동 151-5,NW,노외 주차장,3,시간제 + 거주자 주차장,02-2644-1390,0,미연계중,76,Y,유료,N,야간 미개방,0000,2400,0000,2400,0000,2400,2024-12-19 15:15,N,무료,N,무료,50000,,50,5,50,5,0,0,0,0,0,,
1583685,반포복개천 노상공영주차장(구),서초구 반포동 120-1,NS,노상 주차장,1,시간제 주차장,,0,미연계중,1,Y,유료,N,야간 미개방,0900,2100,0900,2100,0000,0000,2026-01-27 15:02,N,무료,Y,유료,0,1.16501E+12,400,5,800,10,0,0,0,0,0,,
1583714,벽산 노상공영(구),강북구 수유동 36-1,NS,노상 주차장,3,시간제 + 거주자 주차장,,0,미연계중,1,Y,유료,N,야간 미개방,0900,1900,0900,1500,0000,0000,2019-06-10 9:51,N,무료,N,무료,100000,1.13051E+12,200,5,200,5,0,0,0,0,10000,,
1583862,보라매상업 공영주차장(시),동작구 신대방동 431-3,NW,노외 주차장,1,시간제 주차장,,1,현재~20분이내 연계데이터 존재(현재 주차대수 표현),61,Y,유료,N,야간 미개방,0900,2100,0900,2100,0900,2100,2026-04-07 11:12,N,무료,N,무료,162000,,220,5,220,5,0,0,0,0,,37.49039184,126.923406
1583920,마포중앙도서관 공영주차장(구),마포구 성산동 275-3,NW,노외 주차장,1,시간제 주차장,02-300-5046,1,현재~20분이내 연계데이터 존재(현재 주차대수 표현),193,Y,유료,N,야간 미개방,0000,2400,0000,2400,0000,2400,2023-06-22 15:18,N,무료,N,무료,100000,,200,5,200,5,0,0,0,0,,,
1583936,신정4동 로데오길(구),양천구 신정동 890-0,NS,노상 주차장,1,시간제 주차장,02-2695-8597,0,미연계중,1,Y,유료,N,야간 미개방,0900,1900,0900,1300,0900,1900,2019-06-10 9:53,N,무료,N,무료,100000,1.14701E+12,150,5,300,10,0,0,0,0,9000,,
1584060,석촌역(제1호)(구),송파구 송파동 68-0,NS,노상 주차장,1,시간제 주차장,,0,미연계중,1,Y,유료,N,야간 미개방,0900,2100,0900,2100,0900,2100,2024-03-21 14:24,N,무료,N,무료,0,1.17101E+12,500,5,0,0,0,0,0,0,0,,
1584204,구청사주변(구),노원구 상계동 739-2,NS,노상 주차장,1,시간제 주차장,,0,미연계중,1,Y,유료,N,야간 미개방,0900,2000,0000,0000,0000,0000,2019-06-10 9:58,Y,유료,Y,유료,150000,1.13501E+12,250,5,250,5,0,0,0,0,16500,,
1584680,평창동 460-3(구),종로구 평창동 460-3,NS,노상 주차장,1,시간제 주차장,02-2236-0052,0,미연계중,1,Y,유료,N,야간 미개방,1000,2200,1000,2200,1000,2200,2019-06-10 9:53,N,무료,N,무료,0,1.11102E+12,150,5,150,5,0,0,0,0,0,,
1584686,평창동(구),종로구 평창동 114-3,NS,노상 주차장,1,시간제 주차장,02-2236-0052,0,미연계중,1,Y,유료,N,야간 미개방,1000,2000,1000,2000,1000,2000,2019-06-10 9:57,N,무료,N,무료,0,1.11102E+12,150,5,150,5,0,0,0,0,0,,
1584694,노량진 청사 공영주차장(구),동작구 노량진동 47-2,NW,노외 주차장,1,시간제 주차장,02-820-1440,0,미연계중,86,Y,유료,N,야간 미개방,0000,2400,0000,2400,0000,2400,2026-04-28 11:23,N,무료,N,무료,150000,,250,5,250,5,0,0,0,0,,,
1584698,곰달래로5길 노상(구),양천구 신월동 126-36,NS,노상 주차장,1,시간제 주차장,02-2698-1386,0,미연계중,1,Y,유료,N,야간 미개방,0900,1900,0900,1300,0000,0000,2019-06-10 9:58,N,무료,Y,유료,70000,1.14701E+12,150,5,300,10,0,0,0,0,9000,,
1584702,신월1동저지복개1구역(구),양천구 신월동 228-1,NS,노상 주차장,1,시간제 주차장,02-2698-1386,0,미연계중,1,Y,유료,N,야간 미개방,0900,1900,0900,1300,0000,0000,2019-06-10 9:58,N,무료,Y,유료,70000,1.14701E+12,150,5,300,10,0,0,0,0,9000,,
1584793,구의2동 주택가 공영주차장(구),광진구 구의동 30-10,NW,노외 주차장,1,시간제 주차장,02-2049-4596,0,미연계중,90,Y,유료,N,야간 미개방,0000,2400,0000,2400,0000,2400,2021-09-13 17:21,N,무료,N,무료,0,,75,5,0,0,0,0,0,0,0,,
1585128,대왕초 공영주차장(구),강남구 세곡동 517-0,NW,노외 주차장,1,시간제 주차장,02-3423-6403,1,현재~20분이내 연계데이터 존재(현재 주차대수 표현),101,Y,유료,N,야간 미개방,0000,2400,0000,2400,0000,2400,2020-07-08 18:33,N,무료,N,무료,70000,,100,5,100,5,0,0,0,0,,,
1585237,영동6교밑 공영주차장(시),강남구 대치동 512-1,NS,노상 주차장,1,시간제 주차장,,1,현재~20분이내 연계데이터 존재(현재 주차대수 표현),1,Y,유료,N,야간 미개방,0900,1900,0900,1700,0900,1700,2026-04-07 11:17,N,무료,N,무료,180000,1.16801E+12,370,5,370,5,0,0,0,0,0,37.49455012,127.0709633
1585237,영동6교밑 공영주차장(시),강남구 대치동 512-1,NS,노상 주차장,1,시간제 주차장,,1,현재~20분이내 연계데이터 존재(현재 주차대수 표현),1,Y,유료,N,야간 미개방,0900,1900,0900,1700,0900,1700,2026-04-07 11:17,N,무료,N,무료,180000,1.16801E+12,370,5,370,5,0,0,0,0,0,37.49451152,127.0710236
1585237,영동6교밑 공영주차장(시),강남구 대치동 512-1,NS,노상 주차장,1,시간제 주차장,,1,현재~20분이내 연계데이터 존재(현재 주차대수 표현),1,Y,유료,N,야간 미개방,0900,1900,0900,1700,0900,1700,2026-04-07 11:17,N,무료,N,무료,180000,1.16801E+12,370,5,370,5,0,0,0,0,0,37.49447445,127.0709311
1585237,영동6교밑 공영주차장(시),강남구 대치동 512-1,NS,노상 주차장,1,시간제 주차장,,1,현재~20분이내 연계데이터 존재(현재 주차대수 표현),1,Y,유료,N,야간 미개방,0900,1900,0900,1700,0900,1700,2026-04-07 11:17,N,무료,N,무료,180000,1.16801E+12,370,5,370,5,0,0,0,0,0,37.49425147,127.071073
1585237,영동6교밑 공영주차장(시),강남구 대치동 512-1,NS,노상 주차장,1,시간제 주차장,,1,현재~20분이내 연계데이터 존재(현재 주차대수 표현),1,Y,유료,N,야간 미개방,0900,1900,0900,1700,0900,1700,2026-04-07 11:17,N,무료,N,무료,180000,1.16801E+12,370,5,370,5,0,0,0,0,0,37.49429312,127.0711763
1585237,영동6교밑 공영주차장(시),강남구 대치동 512-1,NS,노상 주차장,1,시간제 주차장,,1,현재~20분이내 연계데이터 존재(현재 주차대수 표현),1,Y,유료,N,야간 미개방,0900,1900,0900,1700,0900,1700,2026-04-07 11:17,N,무료,N,무료,180000,1.16801E+12,370,5,370,5,0,0,0,0,0,37.49453881,127.0709334
1585237,영동6교밑 공영주차장(시),강남구 대치동 512-1,NS,노상 주차장,1,시간제 주차장,,1,현재~20분이내 연계데이터 존재(현재 주차대수 표현),1,Y,유료,N,야간 미개방,0900,1900,0900,1700,0900,1700,2026-04-07 11:17,N,무료,N,무료,180000,1.16801E+12,370,5,370,5,0,0,0,0,0,37.4945049,127.0708421
1585237,영동6교밑 공영주차장(시),강남구 대치동 512-1,NS,노상 주차장,1,시간제 주차장,,1,현재~20분이내 연계데이터 존재(현재 주차대수 표현),1,Y,유료,N,야간 미개방,0900,1900,0900,1700,0900,1700,2026-04-07 11:17,N,무료,N,무료,180000,1.16801E+12,370,5,370,5,0,0,0,0,0,37.49449843,127.0709921
1585237,영동6교밑 공영주차장(시),강남구 대치동 512-1,NS,노상 주차장,1,시간제 주차장,,1,현재~20분이내 연계데이터 존재(현재 주차대수 표현),1,Y,유료,N,야간 미개방,0900,1900,0900,1700,0900,1700,2026-04-07 11:17,N,무료,N,무료,180000,1.16801E+12,370,5,370,5,0,0,0,0,0,37.49456745,127.0711807
1585237,영동6교밑 공영주차장(시),강남구 대치동 512-1,NS,노상 주차장,1,시간제 주차장,,1,현재~20분이내 연계데이터 존재(현재 주차대수 표현),1,Y,유료,N,야간 미개방,0900,1900,0900,1700,0900,1700,2026-04-07 11:17,N,무료,N,무료,180000,1.16801E+12,370,5,370,5,0,0,0,0,0,37.49428004,127.0711411
1585237,영동6교밑 공영주차장(시),강남구 대치동 512-1,NS,노상 주차장,1,시간제 주차장,,1,현재~20분이내 연계데이터 존재(현재 주차대수 표현),1,Y,유료,N,야간 미개방,0900,1900,0900,1700,0900,1700,2026-04-07 11:17,N,무료,N,무료,180000,1.16801E+12,370,5,370,5,0,0,0,0,0,37.49445303,127.0708712
1585237,영동6교밑 공영주차장(시),강남구 대치동 512-1,NS,노상 주차장,1,시간제 주차장,,1,현재~20분이내 연계데이터 존재(현재 주차대수 표현),1,Y,유료,N,야간 미개방,0900,1900,0900,1700,0900,1700,2026-04-07 11:17,N,무료,N,무료,180000,1.16801E+12,370,5,370,5,0,0,0,0,0,37.49439862,127.0711666
1585237,영동6교밑 공영주차장(시),강남구 대치동 512-1,NS,노상 주차장,1,시간제 주차장,,1,현재~20분이내 연계데이터 존재(현재 주차대수 표현),1,Y,유료,N,야간 미개방,0900,1900,0900,1700,0900,1700,2026-04-07 11:17,N,무료,N,무료,180000,1.16801E+12,370,5,370,5,0,0,0,0,0,37.49438672,127.0711345
1585237,영동6교밑 공영주차장(시),강남구 대치동 512-1,NS,노상 주차장,1,시간제 주차장,,1,현재~20분이내 연계데이터 존재(현재 주차대수 표현),1,Y,유료,N,야간 미개방,0900,1900,0900,1700,0900,1700,2026-04-07 11:17,N,무료,N,무료,180000,1.16801E+12,370,5,370,5,0,0,0,0,0,37.49443373,127.0712579
1585237,영동6교밑 공영주차장(시),강남구 대치동 512-1,NS,노상 주차장,1,시간제 주차장,,1,현재~20분이내 연계데이터 존재(현재 주차대수 표현),1,Y,유료,N,야간 미개방,0900,1900,0900,1700,0900,1700,2026-04-07 11:17,N,무료,N,무료,180000,1.16801E+12,370,5,370,5,0,0,0,0,0,37.49430565,127.0712113
1585237,영동6교밑 공영주차장(시),강남구 대치동 512-1,NS,노상 주차장,1,시간제 주차장,,1,현재~20분이내 연계데이터 존재(현재 주차대수 표현),1,Y,유료,N,야간 미개방,0900,1900,0900,1700,0900,1700,2026-04-07 11:17,N,무료,N,무료,180000,1.16801E+12,370,5,370,5,0,0,0,0,0,37.49436232,127.0710671
1585237,영동6교밑 공영주차장(시),강남구 대치동 512-1,NS,노상 주차장,1,시간제 주차장,,1,현재~20분이내 연계데이터 존재(현재 주차대수 표현),1,Y,유료,N,야간 미개방,0900,1900,0900,1700,0900,1700,2026-04-07 11:17,N,무료,N,무료,180000,1.16801E+12,370,5,370,5,0,0,0,0,0,37.49461857,127.0711519
1585237,영동6교밑 공영주차장(시),강남구 대치동 512-1,NS,노상 주차장,1,시간제 주차장,,1,현재~20분이내 연계데이터 존재(현재 주차대수 표현),1,Y,유료,N,야간 미개방,0900,1900,0900,1700,0900,1700,2026-04-07 11:17,N,무료,N,무료,180000,1.16801E+12,370,5,370,5,0,0,0,0,0,37.49434031,127.0710058
1585237,영동6교밑 공영주차장(시),강남구 대치동 512-1,NS,노상 주차장,1,시간제 주차장,,1,현재~20분이내 연계데이터 존재(현재 주차대수 표현),1,Y,유료,N,야간 미개방,0900,1900,0900,1700,0900,1700,2026-04-07 11:17,N,무료,N,무료,180000,1.16801E+12,370,5,370,5,0,0,0,0,0,37.49446314,127.0709012
1585237,영동6교밑 공영주차장(시),강남구 대치동 512-1,NS,노상 주차장,1,시간제 주차장,,1,현재~20분이내 연계데이터 존재(현재 주차대수 표현),1,Y,유료,N,야간 미개방,0900,1900,0900,1700,0900,1700,2026-04-07 11:17,N,무료,N,무료,180000,1.16801E+12,370,5,370,5,0,0,0,0,0,37.49453294,127.0710894
1585237,영동6교밑 공영주차장(시),강남구 대치동 512-1,NS,노상 주차장,1,시간제 주차장,,1,현재~20분이내 연계데이터 존재(현재 주차대수 표현),1,Y,유료,N,야간 미개방,0900,1900,0900,1700,0900,1700,2026-04-07 11:17,N,무료,N,무료,180000,1.16801E+12,370,5,370,5,0,0,0,0,0,37.49442284,127.0712286
1585237,영동6교밑 공영주차장(시),강남구 대치동 512-1,NS,노상 주차장,1,시간제 주차장,,1,현재~20분이내 연계데이터 존재(현재 주차대수 표현),1,Y,유료,N,야간 미개방,0900,1900,0900,1700,0900,1700,2026-04-07 11:17,N,무료,N,무료,180000,1.16801E+12,370,5,370,5,0,0,0,0,0,37.49460727,127.071122
1585237,영동6교밑 공영주차장(시),강남구 대치동 512-1,NS,노상 주차장,1,시간제 주차장,,1,현재~20분이내 연계데이터 존재(현재 주차대수 표현),1,Y,유료,N,야간 미개방,0900,1900,0900,1700,0900,1700,2026-04-07 11:17,N,무료,N,무료,180000,1.16801E+12,370,5,370,5,0,0,0,0,0,37.49452163,127.0710572
1585237,영동6교밑 공영주차장(시),강남구 대치동 512-1,NS,노상 주차장,1,시간제 주차장,,1,현재~20분이내 연계데이터 존재(현재 주차대수 표현),1,Y,유료,N,야간 미개방,0900,1900,0900,1700,0900,1700,2026-04-07 11:17,N,무료,N,무료,180000,1.16801E+12,370,5,370,5,0,0,0,0,0,37.49435102,127.0710364
1585237,영동6교밑 공영주차장(시),강남구 대치동 512-1,NS,노상 주차장,1,시간제 주차장,,1,현재~20분이내 연계데이터 존재(현재 주차대수 표현),1,Y,유료,N,야간 미개방,0900,1900,0900,1700,0900,1700,2026-04-07 11:17,N,무료,N,무료,180000,1.16801E+12,370,5,370,5,0,0,0,0,0,37.49448397,127.0709625
1585237,영동6교밑 공영주차장(시),강남구 대치동 512-1,NS,노상 주차장,1,시간제 주차장,,1,현재~20분이내 연계데이터 존재(현재 주차대수 표현),1,Y,유료,N,야간 미개방,0900,1900,0900,1700,0900,1700,2026-04-07 11:17,N,무료,N,무료,180000,1.16801E+12,370,5,370,5,0,0,0,0,0,37.49456202,127.070997
1585237,영동6교밑 공영주차장(시),강남구 대치동 512-1,NS,노상 주차장,1,시간제 주차장,,1,현재~20분이내 연계데이터 존재(현재 주차대수 표현),1,Y,유료,N,야간 미개방,0900,1900,0900,1700,0900,1700,2026-04-07 11:17,N,무료,N,무료,180000,1.16801E+12,370,5,370,5,0,0,0,0,0,37.49440975,127.0711979
1585237,영동6교밑 공영주차장(시),강남구 대치동 512-1,NS,노상 주차장,1,시간제 주차장,,1,현재~20분이내 연계데이터 존재(현재 주차대수 표현),1,Y,유료,N,야간 미개방,0900,1900,0900,1700,0900,1700,2026-04-07 11:17,N,무료,N,무료,180000,1.16801E+12,370,5,370,5,0,0,0,0,0,37.49437542,127.0711008
1585237,영동6교밑 공영주차장(시),강남구 대치동 512-1,NS,노상 주차장,1,시간제 주차장,,1,현재~20분이내 연계데이터 존재(현재 주차대수 표현),1,Y,유료,N,야간 미개방,0900,1900,0900,1700,0900,1700,2026-04-07 11:17,N,무료,N,무료,180000,1.16801E+12,370,5,370,5,0,0,0,0,0,37.49426516,127.0711052
1585237,영동6교밑 공영주차장(시),강남구 대치동 512-1,NS,노상 주차장,1,시간제 주차장,,1,현재~20분이내 연계데이터 존재(현재 주차대수 표현),1,Y,유료,N,야간 미개방,0900,1900,0900,1700,0900,1700,2026-04-07 11:17,N,무료,N,무료,180000,1.16801E+12,370,5,370,5,0,0,0,0,0,37.4945168,127.0708728
1585237,영동6교밑 공영주차장(시),강남구 대치동 512-1,NS,노상 주차장,1,시간제 주차장,,1,현재~20분이내 연계데이터 존재(현재 주차대수 표현),1,Y,유료,N,야간 미개방,0900,1900,0900,1700,0900,1700,2026-04-07 11:17,N,무료,N,무료,180000,1.16801E+12,370,5,370,5,0,0,0,0,0,37.49452751,127.0709035
1585237,영동6교밑 공영주차장(시),강남구 대치동 512-1,NS,노상 주차장,1,시간제 주차장,,1,현재~20분이내 연계데이터 존재(현재 주차대수 표현),1,Y,유료,N,야간 미개방,0900,1900,0900,1700,0900,1700,2026-04-07 11:17,N,무료,N,무료,180000,1.16801E+12,370,5,370,5,0,0,0,0,0,37.49454544,127.0711179
1585237,영동6교밑 공영주차장(시),강남구 대치동 512-1,NS,노상 주차장,1,시간제 주차장,,1,현재~20분이내 연계데이터 존재(현재 주차대수 표현),1,Y,유료,N,야간 미개방,0900,1900,0900,1700,0900,1700,2026-04-07 11:17,N,무료,N,무료,180000,1.16801E+12,370,5,370,5,0,0,0,0,0,37.4943177,127.0709437
1585237,영동6교밑 공영주차장(시),강남구 대치동 512-1,NS,노상 주차장,1,시간제 주차장,,1,현재~20분이내 연계데이터 존재(현재 주차대수 표현),1,Y,유료,N,야간 미개방,0900,1900,0900,1700,0900,1700,2026-04-07 11:17,N,무료,N,무료,180000,1.16801E+12,370,5,370,5,0,0,0,0,0,37.49458463,127.0710606
1585237,영동6교밑 공영주차장(시),강남구 대치동 512-1,NS,노상 주차장,1,시간제 주차장,,1,현재~20분이내 연계데이터 존재(현재 주차대수 표현),1,Y,유료,N,야간 미개방,0900,1900,0900,1700,0900,1700,2026-04-07 11:17,N,무료,N,무료,180000,1.16801E+12,370,5,370,5,0,0,0,0,0,37.494309,127.071103
1585237,영동6교밑 공영주차장(시),강남구 대치동 512-1,NS,노상 주차장,1,시간제 주차장,,1,현재~20분이내 연계데이터 존재(현재 주차대수 표현),1,Y,유료,N,야간 미개방,0900,1900,0900,1700,0900,1700,2026-04-07 11:17,N,무료,N,무료,180000,1.16801E+12,370,5,370,5,0,0,0,0,0,37.49459715,127.0710905
1585237,영동6교밑 공영주차장(시),강남구 대치동 512-1,NS,노상 주차장,1,시간제 주차장,,1,현재~20분이내 연계데이터 존재(현재 주차대수 표현),1,Y,유료,N,야간 미개방,0900,1900,0900,1700,0900,1700,2026-04-07 11:17,N,무료,N,무료,180000,1.16801E+12,370,5,370,5,0,0,0,0,0,37.49455614,127.0711508
1585237,영동6교밑 공영주차장(시),강남구 대치동 512-1,NS,노상 주차장,1,시간제 주차장,,1,현재~20분이내 연계데이터 존재(현재 주차대수 표현),1,Y,유료,N,야간 미개방,0900,1900,0900,1700,0900,1700,2026-04-07 11:17,N,무료,N,무료,180000,1.16801E+12,370,5,370,5,0,0,0,0,0,37.494329,127.0709743
1586233,테헤란로69길 노상공영 주차장(구),강남구 삼성동 172-99,NS,노상 주차장,1,시간제 주차장,02-2176-0907,1,현재~20분이내 연계데이터 존재(현재 주차대수 표현),1,Y,유료,N,야간 미개방,0900,1900,0000,0000,0000,0000,2023-07-20 11:21,Y,유료,Y,유료,150000,1.16801E+12,400,5,400,5,0,0,0,0,0,,
1586294,배오개길 공영주차장(시),중구 예관동 22-1,NS,노상 주차장,1,시간제 주차장,02-2274-2009,1,현재~20분이내 연계데이터 존재(현재 주차대수 표현),1,Y,유료,N,야간 미개방,0900,1900,0900,1500,0000,0000,2026-04-07 11:30,N,무료,Y,유료,,1.11401E+12,680,5,680,5,0,0,0,0,,37.56533147,126.9983154
1586294,배오개길 공영주차장(시),중구 예관동 22-1,NS,노상 주차장,1,시간제 주차장,02-2274-2009,1,현재~20분이내 연계데이터 존재(현재 주차대수 표현),1,Y,유료,N,야간 미개방,0900,1900,0900,1500,0000,0000,2026-04-07 11:30,N,무료,Y,유료,,1.11401E+12,680,5,680,5,0,0,0,0,,37.56526764,126.9983216
1586294,배오개길 공영주차장(시),중구 예관동 22-1,NS,노상 주차장,1,시간제 주차장,02-2274-2009,1,현재~20분이내 연계데이터 존재(현재 주차대수 표현),1,Y,유료,N,야간 미개방,0900,1900,0900,1500,0000,0000,2026-04-07 11:30,N,무료,Y,유료,,1.11401E+12,680,5,680,5,0,0,0,0,,37.56560723,126.9982949
1586294,배오개길 공영주차장(시),중구 예관동 22-1,NS,노상 주차장,1,시간제 주차장,02-2274-2009,1,현재~20분이내 연계데이터 존재(현재 주차대수 표현),1,Y,유료,N,야간 미개방,0900,1900,0900,1500,0000,0000,2026-04-07 11:30,N,무료,Y,유료,,1.11401E+12,680,5,680,5,0,0,0,0,,37.56513659,126.9983382
1586294,배오개길 공영주차장(시),중구 예관동 22-1,NS,노상 주차장,1,시간제 주차장,02-2274-2009,1,현재~20분이내 연계데이터 존재(현재 주차대수 표현),1,Y,유료,N,야간 미개방,0900,1900,0900,1500,0000,0000,2026-04-07 11:30,N,무료,Y,유료,,1.11401E+12,680,5,680,5,0,0,0,0,,37.56554364,126.9983049
1586294,배오개길 공영주차장(시),중구 예관동 22-1,NS,노상 주차장,1,시간제 주차장,02-2274-2009,1,현재~20분이내 연계데이터 존재(현재 주차대수 표현),1,Y,유료,N,야간 미개방,0900,1900,0900,1500,0000,0000,2026-04-07 11:30,N,무료,Y,유료,,1.11401E+12,680,5,680,5,0,0,0,0,,37.5651935,126.9983348
1586294,배오개길 공영주차장(시),중구 예관동 22-1,NS,노상 주차장,1,시간제 주차장,02-2274-2009,1,현재~20분이내 연계데이터 존재(현재 주차대수 표현),1,Y,유료,N,야간 미개방,0900,1900,0900,1500,0000,0000,2026-04-07 11:30,N,무료,Y,유료,,1.11401E+12,680,5,680,5,0,0,0,0,,37.56543326,126.9983087
1586294,배오개길 공영주차장(시),중구 예관동 22-1,NS,노상 주차장,1,시간제 주차장,02-2274-2009,1,현재~20분이내 연계데이터 존재(현재 주차대수 표현),1,Y,유료,N,야간 미개방,0900,1900,0900,1500,0000,0000,2026-04-07 11:30,N,무료,Y,유료,,1.11401E+12,680,5,680,5,0,0,0,0,,37.56537081,126.9983166
1586294,배오개길 공영주차장(시),중구 예관동 22-1,NS,노상 주차장,1,시간제 주차장,02-2274-2009,1,현재~20분이내 연계데이터 존재(현재 주차대수 표현),1,Y,유료,N,야간 미개방,0900,1900,0900,1500,0000,0000,2026-04-07 11:30,N,무료,Y,유료,,1.11401E+12,680,5,680,5,0,0,0,0,,37.56549667,126.9982992
1586294,배오개길 공영주차장(시),중구 예관동 22-1,NS,노상 주차장,1,시간제 주차장,02-2274-2009,1,현재~20분이내 연계데이터 존재(현재 주차대수 표현),1,Y,유료,N,야간 미개방,0900,1900,0900,1500,0000,0000,2026-04-07 11:30,N,무료,Y,유료,,1.11401E+12,680,5,680,5,0,0,0,0,,37.56506793,126.9983419
1587380,15-가600구간(구),강동구 명일동 583-0,NS,노상 주차장,1,시간제 주차장,,0,미연계중,1,Y,유료,N,야간 미개방,0000,2400,0000,0000,0000,0000,2019-12-04 9:19,Y,유료,Y,유료,0,1.17401E+12,500,10,0,0,0,0,0,0,0,,
1588311,공항2임시(구),강서구 공항동 703-0,NW,노외 주차장,1,시간제 주차장,,0,미연계중,75,N,무료,N,야간 미개방,0000,0000,0000,0000,0000,0000,2022-01-23 20:19,Y,유료,Y,유료,,,,,,,0,0,0,0,7000,,
1588333,양평2동청사 공영(구),영등포구 양평동4가 72-1,NW,노외 주차장,1,시간제 주차장,02-2677-1401,1,현재~20분이내 연계데이터 존재(현재 주차대수 표현),93,Y,유료,N,야간 미개방,0000,2400,0000,2400,0000,2400,2023-06-30 16:15,N,무료,N,무료,120000,,250,5,250,5,0,0,0,0,,,
1588341,신월4동 공영주차장(시),양천구 신월동 411-1,NW,노외 주차장,1,시간제 주차장,02-2290-6311,1,현재~20분이내 연계데이터 존재(현재 주차대수 표현),46,Y,유료,N,야간 미개방,0000,2400,0000,2400,0000,2400,2026-04-07 11:49,N,무료,N,무료,80000,,120,5,120,5,0,0,0,0,,37.525643,126.837692
1588346,법마을공영주차장(구),양천구 신정동 1018-3,NW,노외 주차장,3,시간제 + 거주자 주차장,,0,미연계중,18,Y,유료,N,야간 미개방,0000,2400,0000,2400,0000,2400,2022-08-01 16:00,N,무료,N,무료,50000,,50,5,50,5,0,0,0,0,,,
1588347,서서울주차장(구),양천구 신월동 267-8,NW,노외 주차장,1,시간제 주차장,,0,미연계중,70,Y,유료,N,야간 미개방,0000,2400,0000,2400,0000,2400,2020-08-27 16:43,N,무료,N,무료,50000,,50,5,50,5,0,0,0,0,9000,,
1588350,벚꽃길주차장(구),양천구 신정동 884-8,NW,노외 주차장,1,시간제 주차장,,0,미연계중,33,Y,유료,N,야간 미개방,0000,2400,0000,2400,0000,2400,2020-09-02 11:42,N,무료,N,무료,50000,,50,5,50,5,0,0,0,0,,,
1588356,마을마당주차장(구),양천구 신월동 129-6,NW,노외 주차장,3,시간제 + 거주자 주차장,,0,미연계중,114,Y,유료,N,야간 미개방,0000,2400,0000,2400,0000,2400,2020-08-27 15:44,N,무료,N,무료,50000,,50,5,50,5,0,0,0,0,,,
1588358,신정7동 한사랑교회 주차장(구),양천구 신정동 324-11,NW,노외 주차장,1,시간제 주차장,02-2644-1386,0,미연계중,125,Y,유료,N,야간 미개방,0900,1900,0000,0000,0000,0000,2022-08-01 15:42,Y,유료,Y,유료,,,150,5,150,5,0,0,0,0,9000,,
1588359,당곡주차장(구),양천구 신월동 482-11,NW,노외 주차장,1,시간제 주차장,,0,미연계중,45,Y,유료,N,야간 미개방,0000,2400,0000,2400,0000,2400,2020-08-27 17:40,N,무료,N,무료,50000,,50,5,50,5,0,0,0,0,,,
1588362,신우주차장(구),양천구 신월동 166-23,NW,노외 주차장,1,시간제 주차장,02-2644-1391,0,미연계중,107,Y,유료,N,야간 미개방,0000,2400,0000,2400,0000,2400,2024-12-19 15:26,N,무료,N,무료,50000,,50,5,50,5,0,0,0,0,,,
1588363,신곡주차장(구),양천구 신월동 549-18,NW,노외 주차장,1,시간제 주차장,02-2644-1394,0,미연계중,18,Y,유료,N,야간 미개방,0000,2400,0000,2400,0000,2400,2020-09-02 11:22,N,무료,N,무료,50000,,100,5,100,5,0,0,0,0,,,
1588364,곰달래주차장(구),양천구 신월동 226-9,NW,노외 주차장,1,시간제 주차장,,0,미연계중,106,Y,유료,N,야간 미개방,0000,2400,0000,2400,0000,2400,2020-08-27 16:36,N,무료,N,무료,50000,,50,5,50,5,0,0,0,0,,,
1588367,다락골주차장(구),양천구 신정동 1158-1,NW,노외 주차장,3,시간제 + 거주자 주차장,02-2644-1386,0,미연계중,101,Y,유료,N,야간 미개방,0000,2400,0000,2400,0000,2400,2020-08-27 11:15,N,무료,N,무료,50000,,50,5,50,5,0,0,0,0,,,
1588368,문화회관 지하 주차장(구),양천구 신정동 322-0,NW,노외 주차장,1,시간제 주차장,,0,미연계중,93,Y,유료,N,야간 미개방,0900,1900,0900,1900,0000,0000,2023-08-31 16:35,N,무료,Y,유료,70000,,150,5,,,0,0,0,0,,,
1588371,신정교주차장(구),양천구 신정동 871-3,NW,노외 주차장,1,시간제 주차장,,0,미연계중,294,N,무료,N,야간 미개방,0000,0000,0000,0000,0000,0000,2020-09-02 11:30,Y,유료,Y,유료,0,,0,0,0,0,0,0,0,0,0,,
1588885,거주자노외주차장(구),성동구 송정동 72-242,NW,노외 주차장,2,거주자 우선 주차장,,0,미연계중,67,Y,유료,N,야간 미개방,0000,0000,0000,0000,0000,0000,2020-04-28 16:45,N,무료,N,무료,0,,0,0,0,0,0,0,0,0,0,,
1588888,용답 어울림 공영주차장(구),성동구 용답동 53-5,NW,노외 주차장,1,시간제 주차장,02-2204-7970,2,20~120분이내 연계데이터 존재(정보수집중),16,Y,유료,N,야간 미개방,0000,2400,0000,2400,0000,2400,2023-06-28 14:02,N,무료,N,무료,,,250,5,,,0,0,0,0,,,
1588889,금남시장 공영주차장(구),성동구 금호동3가 294-0,NW,노외 주차장,1,시간제 주차장,02-2204-7970,2,20~120분이내 연계데이터 존재(정보수집중),11,Y,유료,N,야간 미개방,0000,2400,0000,2400,0000,2400,2024-04-08 15:08,N,무료,N,무료,,,200,5,,,0,0,0,0,,,
1588964,마천동1(건축물식)(구),송파구 마천동 215-0,NW,노외 주차장,1,시간제 주차장,02-431-0166,0,미연계중,215,Y,유료,N,야간 미개방,0000,2400,0000,2400,0000,2400,2024-03-21 14:36,N,무료,N,무료,60000,,50,5,50,5,0,0,0,0,,,
1589043,장지동공영(체비지)(구),송파구 문정동 2-6,NW,노외 주차장,1,시간제 주차장,02-407-1500,0,미연계중,101,Y,유료,N,야간 미개방,0600,2100,0600,2100,0600,2100,2024-03-21 15:35,N,무료,N,무료,50000,,100,5,,,0,0,0,0,,,
1589089,송파파크데이 2단지입구앞(구),송파구 마천동 603-0,NW,노외 주차장,2,거주자 우선 주차장,,0,미연계중,110,Y,유료,N,야간 미개방,0000,0000,0000,0000,0000,0000,2021-01-18 17:17,N,무료,N,무료,0,,0,0,0,0,0,0,0,0,0,,
1597176,압구정29길 노상공영 주차장(구),강남구 압구정동 453-0,NS,노상 주차장,1,시간제 주차장,02-2176-0907,0,미연계중,1,Y,유료,N,야간 미개방,0900,1900,0000,0000,0000,0000,2023-07-20 10:32,Y,유료,Y,유료,80000,1.16801E+12,200,5,200,5,0,0,0,0,0,,
1629386,동서울호텔길 노상공영주차장(구),광진구 자양동 609-1,NS,노상 주차장,1,시간제 주차장,0,0,미연계중,1,Y,유료,N,야간 미개방,0900,1800,0900,1500,0000,0000,2020-11-06 15:25,N,무료,Y,유료,100000,1.12151E+12,250,5,0,0,0,0,0,0,0,,
1629874,동서울 호텔길(B) 공영주차장(구),광진구 구의동 625-3 ,NS,노상 주차장,3,시간제 + 거주자 주차장,,0,미연계중,1,Y,유료,N,야간 미개방,0900,1800,0900,1500,0900,1500,2020-11-06 15:10,N,무료,N,무료,0,1.12151E+12,250,5,0,0,0,0,0,0,10000,,
1671497,국민대앞북악주차(구),성북구 정릉동 880-1 ,NS,노상 주차장,1,시간제 주차장,,0,미연계중,1,Y,유료,N,야간 미개방,0000,2400,0000,2400,0000,2400,2020-11-11 17:45,N,무료,N,무료,100000,1.12901E+12,150,5,300,10,0,0,0,0,10000,,
1676963,비석거리(구),송파구 가락동 95-6,NS,노상 주차장,1,시간제 주차장,,0,미연계중,1,Y,유료,N,야간 미개방,1000,1900,0000,0000,0000,0000,2024-03-21 14:01,Y,유료,Y,유료,50000,1.17101E+12,100,5,0,0,0,0,0,0,0,,
1682217,문정골길 노상 공영주차장(구),송파구 문정동 41-14,NS,노상 주차장,1,시간제 주차장,,0,미연계중,1,Y,유료,N,야간 미개방,1000,2200,1000,2200,1000,2200,2023-07-18 15:44,N,무료,N,무료,0,1.17101E+12,150,5,0,0,0,0,0,0,0,,
1684762,새마을시장(구),송파구 잠실동 284-0,NS,노상 주차장,1,시간제 주차장,,0,미연계중,1,Y,유료,N,야간 미개방,1000,2200,1000,2200,1000,2200,2024-03-21 14:17,N,무료,N,무료,0,1.17101E+12,250,5,,,0,0,0,0,0,,
1704676,서소문올리브타워 옆(구),중구 서소문동 135-1,NS,노상 주차장,1,시간제 주차장,02-2280-8360,0,미연계중,1,Y,유료,N,야간 미개방,0900,2000,0900,1600,0000,0000,2023-02-16 17:52,N,무료,Y,유료,250000,1.11402E+12,500,5,500,5,0,0,0,0,0,,
171721,세종로 공영주차장(시),종로구 세종로 80-1,NW,노외 주차장,1,시간제 주차장,02-2290-6566,1,현재~20분이내 연계데이터 존재(현재 주차대수 표현),1260,Y,유료,N,야간 미개방,0000,2400,0000,2400,0000,2400,2026-04-06 17:29,N,무료,N,무료,176000,,430,5,430,5,0,0,0,0,,37.57340269,126.9758843
171730,종묘주차장 공영주차장(시),종로구 훈정동 2-0,NW,노외 주차장,1,시간제 주차장,02-2290-6166,1,현재~20분이내 연계데이터 존재(현재 주차대수 표현),1312,Y,유료,N,야간 미개방,0000,2400,0000,2400,0000,2400,2026-04-06 17:15,N,무료,N,무료,175000,,400,5,400,5,0,0,0,0,,37.57150398,126.9949689
171901,묵정공원지하 공영주차장(구),중구 충무로5가 21-0,NW,노외 주차장,1,시간제 주차장,02-2280-8370,2,20~120분이내 연계데이터 존재(정보수집중),491,Y,유료,N,야간 미개방,0000,2400,0000,2400,0000,2400,2025-05-13 16:42,N,무료,N,무료,350000,,450,5,450,5,0,0,0,0,0,,
171924,동화동 공영주차장(구),중구 신당동 52-7,NW,노외 주차장,3,시간제 + 거주자 주차장,02-2280-8360,1,현재~20분이내 연계데이터 존재(현재 주차대수 표현),229,Y,유료,N,야간 미개방,0000,2400,0000,2400,0000,2400,2025-05-13 16:49,N,무료,N,무료,140000,,200,5,200,5,0,0,0,0,0,,
171931,신당역 공영주차장(구),중구 신당동 140-29,NW,노외 주차장,3,시간제 + 거주자 주차장,02-2280-8360,0,미연계중,29,Y,유료,N,야간 미개방,0000,2400,0000,2400,0000,2400,2025-05-13 16:44,N,무료,N,무료,240000,,300,5,300,5,0,0,0,0,0,,
171932,성곽 공영주차장(구),중구 신당동 432-2026,NW,노외 주차장,1,시간제 주차장,02-2280-8360,3,120~2일이내 연계데이터 존재(통신점검중),44,Y,유료,N,야간 미개방,0000,2400,0000,2400,0000,2400,2025-05-13 16:46,N,무료,N,무료,140000,,200,5,200,5,0,0,0,0,0,,
171933,청구 공영주차장(구),중구 신당동 330-17,NW,노외 주차장,3,시간제 + 거주자 주차장,02-2280-8360,3,120~2일이내 연계데이터 존재(통신점검중),51,Y,유료,N,야간 미개방,0000,2400,0000,2400,0000,2400,2025-05-13 16:43,N,무료,N,무료,240000,,300,5,300,5,0,0,0,0,0,,
171939,충현 공영주차장(구),중구 신당동 432-462,NW,노외 주차장,1,시간제 주차장,02-2280-8360,2,20~120분이내 연계데이터 존재(정보수집중),108,Y,유료,N,야간 미개방,0000,2400,0000,2400,0000,2400,2025-05-13 16:47,N,무료,N,무료,140000,,200,5,200,5,0,0,0,0,0,,
171941,다산동 공영주차장(구),중구 신당동 432-1584,NW,노외 주차장,1,시간제 주차장,02-2280-8360,2,20~120분이내 연계데이터 존재(정보수집중),85,Y,유료,N,야간 미개방,0000,2400,0000,2400,0000,2400,2025-05-13 16:46,N,무료,N,무료,140000,,200,5,200,5,0,0,0,0,0,,
171944,버티 공영주차장(구),중구 신당동 432-1693,NW,노외 주차장,1,시간제 주차장,02-2280-8360,0,미연계중,92,Y,유료,N,야간 미개방,0000,2400,0000,2400,0000,2400,2025-05-13 16:46,N,무료,N,무료,140000,,200,5,200,5,0,0,0,0,0,,
171953,서소문삼성생명뒤(구),중구 서소문동 122-0,NW,노외 주차장,1,시간제 주차장,02-2280-8360,0,미연계중,24,Y,유료,N,야간 미개방,0800,2200,0900,1800,,,2023-07-25 9:54,N,무료,Y,유료,,,450,5,450,5,0,0,0,0,0,,
171965,신당사거리 공영주차장(구),중구 신당동 110-1,NW,노외 주차장,3,시간제 + 거주자 주차장,02-2280-8360,1,현재~20분이내 연계데이터 존재(현재 주차대수 표현),45,Y,유료,N,야간 미개방,0000,2400,0000,2400,0000,2400,2025-05-13 16:44,N,무료,N,무료,240000,,300,5,300,5,0,0,0,0,0,,
171966,약수동 공영주차장(구),중구 신당동 349-234,NW,노외 주차장,3,시간제 + 거주자 주차장,02-2280-8360,3,120~2일이내 연계데이터 존재(통신점검중),88,Y,유료,N,야간 미개방,0000,2400,0000,2400,0000,2400,2025-05-13 16:47,N,무료,N,무료,140000,,200,5,200,5,0,0,0,0,0,,
171971,장충 공영주차장(구),중구 장충동2가 193-39,NW,노외 주차장,3,시간제 + 거주자 주차장,02-2280-8360,1,현재~20분이내 연계데이터 존재(현재 주차대수 표현),106,Y,유료,N,야간 미개방,0000,2400,0000,2400,0000,2400,2025-05-13 16:45,N,무료,N,무료,140000,,200,5,200,5,0,0,0,0,0,,
171975,손기정체육공원 공영주차장(구),중구 만리동2가 6-1,NW,노외 주차장,3,시간제 + 거주자 주차장,02-2280-8360,1,현재~20분이내 연계데이터 존재(현재 주차대수 표현),162,Y,유료,N,야간 미개방,0000,2400,0000,2400,0000,2400,2025-05-13 16:48,N,무료,N,무료,140000,,200,5,200,5,0,0,0,0,0,,
172007,용문동 공영주차장(구),용산구 도원동 4-5,NW,노외 주차장,1,시간제 주차장,02-749-5314,0,미연계중,39,Y,유료,N,야간 미개방,0000,2400,0000,2400,0000,2400,2025-05-07 15:15,N,무료,N,무료,98000,,150,5,150,5,0,0,0,0,0,,
172041,이태원2동 공영주차장(구),용산구 이태원동 227-9,NW,노외 주차장,1,시간제 주차장,02-707-3190,1,현재~20분이내 연계데이터 존재(현재 주차대수 표현),110,Y,유료,N,야간 미개방,0000,2400,0000,2400,0000,2400,2025-07-18 16:23,N,무료,N,무료,160000,,250,5,250,5,0,0,0,0,0,,
172065,용산주차빌딩 공영주차장(시),용산구 한강로2가 12-9,NW,노외 주차장,1,시간제 주차장,02-2290-6014,1,현재~20분이내 연계데이터 존재(현재 주차대수 표현),559,Y,유료,N,야간 미개방,0000,2400,0000,2400,0000,2400,2026-04-07 10:38,N,무료,N,무료,198000,,270,5,270,5,0,0,0,0,,37.53436379,126.9654182
172083,응봉동(건물) 공영주차장(구),성동구 행당동 341-59,NW,노외 주차장,1,시간제 주차장,02-2204-7970,1,현재~20분이내 연계데이터 존재(현재 주차대수 표현),156,Y,유료,N,야간 미개방,0000,2400,0000,2400,0000,2400,2023-06-28 14:20,N,무료,N,무료,20000,,50,5,,,0,0,0,0,,,
172084,도선동(지하) 공영주차장(구),성동구 홍익동 369-0,NW,노외 주차장,1,시간제 주차장,02-2204-7970,2,20~120분이내 연계데이터 존재(정보수집중),186,Y,유료,N,야간 미개방,0000,2400,0000,2400,0000,2400,2023-06-28 14:28,N,무료,N,무료,20000,,100,5,,,0,0,0,0,,,
172120,성수1가1동(건물) 공영주차장(구),성동구 성수동1가 656-260,NW,노외 주차장,1,시간제 주차장,02-2204-7970,2,20~120분이내 연계데이터 존재(정보수집중),91,Y,유료,N,야간 미개방,0000,2400,0000,2400,0000,2400,2023-06-28 13:37,N,무료,N,무료,20000,,150,5,,,0,0,0,0,,,
172130,성수2가3동(건물) 공영주차장(구),성동구 성수동2가 299-19,NW,노외 주차장,1,시간제 주차장,02-2204-7970,2,20~120분이내 연계데이터 존재(정보수집중),192,Y,유료,N,야간 미개방,0000,2400,0000,2400,0000,2400,2023-06-28 13:51,N,무료,N,무료,20000,,150,5,,,0,0,0,0,,,
172134,성수2가1동(건물) 공영주차장(구),성동구 성수동2가 571-1,NW,노외 주차장,1,시간제 주차장,02-2204-7970,2,20~120분이내 연계데이터 존재(정보수집중),161,Y,유료,N,야간 미개방,0000,2400,0000,2400,0000,2400,2023-06-28 13:55,N,무료,N,무료,20000,,150,5,,,0,0,0,0,,,
172144,강변(건물) 공영주차장(구),성동구 성수동1가 366-1,NW,노외 주차장,1,시간제 주차장,02-2204-7970,2,20~120분이내 연계데이터 존재(정보수집중),99,Y,유료,N,야간 미개방,0000,2400,0000,2400,0000,2400,2023-06-28 13:33,N,무료,N,무료,20000,,150,5,,,0,0,0,0,,,
172149,용답동(건물) 공영주차장(구),성동구 용답동 4-1,NW,노외 주차장,1,시간제 주차장,02-2204-7970,2,20~120분이내 연계데이터 존재(정보수집중),160,Y,유료,N,야간 미개방,0000,2400,0000,2400,0000,2400,2023-06-28 14:00,N,무료,N,무료,20000,,100,5,,,0,0,0,0,,,
172178,자양유수지 공영주차장(구),광진구 자양동 594-0,NW,노외 주차장,1,시간제 주차장,02-2049-4535,0,미연계중,287,Y,유료,N,야간 미개방,0000,2400,0000,2400,0000,2400,2023-07-14 13:49,N,무료,N,무료,50000,,200,5,200,5,0,0,0,0,0,,
172184,동서울 노외주차장(구),광진구 구의동 598-1,NW,노외 주차장,1,시간제 주차장,,0,미연계중,25,Y,유료,N,야간 미개방,0800,1900,0800,1900,0000,0000,2019-06-10 9:31,N,무료,Y,유료,100000,,250,5,250,5,0,0,0,0,30000,,
172198,구의1동 공영주차장(구),광진구 구의동 243-78,NW,노외 주차장,1,시간제 주차장,02-2049-4535,0,미연계중,172,Y,유료,N,야간 미개방,0000,2400,0000,2400,0000,2400,2023-07-14 13:36,N,무료,N,무료,80000,,200,5,200,5,0,0,0,0,0,,
172204,능동공영주차장(구),광진구 능동 205-0,NW,노외 주차장,1,시간제 주차장,02-2049-4535,0,미연계중,77,Y,유료,N,야간 미개방,0000,2400,0000,2400,0000,2400,2023-09-15 14:47,N,무료,N,무료,50000,,200,5,200,5,0,0,0,0,0,,
172218,자양4동 공영주차장(구),광진구 자양동 5-5,NW,노외 주차장,1,시간제 주차장,02-2049-4535,1,현재~20분이내 연계데이터 존재(현재 주차대수 표현),83,Y,유료,N,야간 미개방,0000,2400,0000,2400,0000,2400,2023-07-14 13:47,N,무료,N,무료,,,250,5,250,5,0,0,0,0,0,,
172230,청량리동 노외주차장(구),동대문구 청량리동 51-4,NW,노외 주차장,3,시간제 + 거주자 주차장,02-2247-9664~6,0,미연계중,26,Y,유료,N,야간 미개방,0900,1900,0900,1900,0900,1900,2019-06-10 9:31,N,무료,N,무료,,,1000,60,0,0,0,0,0,0,10000,,
172297,청량리동 공영주차장(구),동대문구 청량리동 435-0,NW,노외 주차장,3,시간제 + 거주자 주차장,02-2247-9664,0,미연계중,67,Y,유료,N,야간 미개방,0000,2400,0000,2400,0000,2400,2019-06-10 9:34,N,무료,N,무료,,,500,10,500,10,0,0,0,0,10000,,
172303,늘봄주차장(구),중랑구 면목동 22-12,NW,노외 주차장,1,시간제 주차장,02-437-1987,0,미연계중,72,Y,유료,N,야간 미개방,0000,2400,0000,2400,0000,2400,2019-06-10 9:34,N,무료,N,무료,50000,,100,5,100,5,0,0,0,0,0,,
172344,원묵 고등학교 공용 지하주차장(구),중랑구 묵동 23-0,NW,노외 주차장,1,시간제 주차장,,0,미연계중,107,Y,유료,N,야간 미개방,0000,0000,0000,0000,0000,0000,2019-06-10 9:31,Y,유료,Y,유료,50000,,50,5,50,5,0,0,0,0,0,,
172367,은행나무공영주차장(구),중랑구 면목동 107-5,NW,노외 주차장,1,시간제 주차장,,0,미연계중,97,Y,유료,N,야간 미개방,0000,2400,0000,2400,0000,2400,2019-06-10 9:31,N,무료,N,무료,50000,,100,5,100,5,0,0,0,0,0,,
172382,봉화산역(남) 공영주차장(구),중랑구 신내동 647-0,NW,노외 주차장,1,시간제 주차장,,1,현재~20분이내 연계데이터 존재(현재 주차대수 표현),86,Y,유료,N,야간 미개방,0000,2200,0000,2200,0000,2200,2025-03-21 17:17,N,무료,N,무료,,,80,5,80,5,0,0,0,0,,,
172384,동원시장공영주차장(구),중랑구 면목동 74-33,NW,노외 주차장,1,시간제 주차장,,0,미연계중,26,Y,유료,N,야간 미개방,0000,2400,0000,2400,0000,2400,2019-06-10 9:31,N,무료,N,무료,50000,,100,5,100,5,0,0,0,0,0,,
172385,상봉2동공영주차장(구),중랑구 상봉동 110-38,NW,노외 주차장,1,시간제 주차장,02-1577-3325,0,미연계중,83,Y,유료,N,야간 미개방,0000,2400,0000,2400,0000,2400,2019-06-10 9:31,N,무료,N,무료,50000,,100,5,100,5,0,0,0,0,0,,
172386,중화1동공영주차장(구),중랑구 중화동 29-2,NW,노외 주차장,1,시간제 주차장,02-438-7489,0,미연계중,130,Y,유료,N,야간 미개방,0000,2400,0000,2400,0000,2400,2019-06-10 9:31,N,무료,N,무료,50000,,100,5,100,5,0,0,0,0,,,
172530,대지시장길 공영주차장(구),강북구 미아동 703-8,NW,노외 주차장,1,시간제 주차장,02-944-3025,0,미연계중,47,Y,유료,N,야간 미개방,0000,2400,0000,2400,0000,2400,2023-07-18 17:42,N,무료,N,무료,100000,,200,5,200,5,0,0,0,0,,,
172550,송중동 공영주차장(구),강북구 미아동 48-1,NW,노외 주차장,1,시간제 주차장,02-944-3038,0,미연계중,54,Y,유료,N,야간 미개방,0000,2400,0000,2400,0000,2400,2026-04-08 17:04,N,무료,N,무료,100000,,200,5,200,5,0,0,0,0,10000,,
172563,오패산 공영주차장(구),강북구 미아동 133-100,NW,노외 주차장,1,시간제 주차장,,0,미연계중,75,Y,유료,N,야간 미개방,0000,2400,0000,2400,0000,2400,2026-04-08 17:13,N,무료,N,무료,,,150,5,150,5,0,0,0,0,10000,,
172564,냉천길 공영주차장(구),강북구 미아동 756-1,NW,노외 주차장,1,시간제 주차장,02-944-3025,0,미연계중,104,Y,유료,N,야간 미개방,0000,2400,0000,2400,0000,2400,2023-07-18 17:48,N,무료,N,무료,100000,,200,5,200,5,0,0,0,0,10000,,
172580,인수동 공영주차장(구),강북구 수유동 126-0,NW,노외 주차장,1,시간제 주차장,02-944-3045,0,미연계중,74,Y,유료,N,야간 미개방,0000,2400,0000,2400,0000,2400,2026-04-08 17:07,N,무료,N,무료,100000,,200,5,200,5,0,0,0,0,10000,,
172594,교통광장 공영주차장(구),강북구 우이동 265-0,NW,노외 주차장,1,시간제 주차장,02-944-3027,0,미연계중,158,Y,유료,N,야간 미개방,0000,2400,0000,2400,0000,2400,2026-04-08 17:19,N,무료,N,무료,100000,,200,5,200,5,0,0,0,0,10000,,
172605,우이동 공영주차장(구),강북구 우이동 105-2,NW,노외 주차장,1,시간제 주차장,02-944-3044,0,미연계중,82,N,무료,N,야간 미개방,0000,2400,0000,2400,0000,2400,2026-04-08 17:11,N,무료,N,무료,,,,,,,0,0,0,0,80000,,
172683,새장골공영주차장(구),은평구 불광동 480-352,NW,노외 주차장,1,시간제 주차장,02-355-5947,0,미연계중,40,Y,유료,N,야간 미개방,0000,2400,0000,2400,0000,2400,2019-06-10 9:38,N,무료,N,무료,70000,,100,5,100,5,0,0,0,0,,,
172707,역말 공영주차장(구),은평구 역촌동 12-42,NW,노외 주차장,2,거주자 우선 주차장,02-350-5183,0,미연계중,47,Y,유료,N,야간 미개방,0000,0000,0000,0000,0000,0000,2020-10-30 15:15,N,무료,N,무료,0,,0,0,0,0,0,0,0,0,0,,
172777,갈현1동공영주차장(구),은평구 갈현동 9-112,NW,노외 주차장,1,시간제 주차장,02-357-5947,0,미연계중,61,Y,유료,N,야간 미개방,0000,2400,0000,2400,0000,2400,2019-11-27 15:05,N,무료,N,무료,70000,,100,5,100,5,0,0,0,0,0,,
172844,마포유수지(구),마포구 마포동 36-1,NW,노외 주차장,5,시간제 + 버스전용 주차장,070-7717-0117,0,미연계중,503,Y,유료,N,야간 미개방,0000,2400,0000,2400,0000,2400,2026-03-04 16:55,N,무료,N,무료,170000,,250,5,250,5,,,,,,,
172904,목동공영주차장(구),양천구 목동 915-0,NW,노외 주차장,1,시간제 주차장,02-2644-1386,0,미연계중,894,Y,유료,N,야간 미개방,0700,2200,0800,1900,0800,1900,2023-08-30 11:09,N,무료,N,무료,100000,,150,5,150,5,0,0,0,0,10000,,
172912,염리 공영주차장(구),마포구 염리동 174-3,NW,노외 주차장,1,시간제 주차장,02-300-5046,1,현재~20분이내 연계데이터 존재(현재 주차대수 표현),135,Y,유료,N,야간 미개방,0000,2400,0000,2400,0000,2400,2023-06-22 9:26,N,무료,N,무료,170000,,250,5,250,5,0,0,0,0,0,,
172916,목2동 월촌(구),양천구 목동 525-0,NW,노외 주차장,1,시간제 주차장,02-2061-4369,0,미연계중,79,Y,유료,N,야간 미개방,0000,2400,0000,2400,0000,2400,2022-08-01 15:59,N,무료,N,무료,50000,,50,5,50,5,0,0,0,0,,,
172935,웃우물 공영주차장(시),양천구 신정동 943-25,NW,노외 주차장,1,시간제 주차장,02-2290-6311,1,현재~20분이내 연계데이터 존재(현재 주차대수 표현),79,Y,유료,N,야간 미개방,0000,2400,0000,2400,0000,2400,2026-04-07 11:50,N,무료,N,무료,144000,,200,5,200,5,0,0,0,0,,37.52379759,126.8514175
172937,목동체비지 공영주차장(시),양천구 목동 908-26,NW,노외 주차장,1,시간제 주차장,,1,현재~20분이내 연계데이터 존재(현재 주차대수 표현),55,Y,유료,N,야간 미개방,0800,2100,0800,2100,0800,2100,2026-04-07 10:48,N,무료,N,무료,90000,,130,5,130,5,0,0,0,0,0,37.53679354,126.8806468
172941,달마을주차장(구),양천구 목동 532-18,NW,노외 주차장,1,시간제 주차장,02-2644-1401,0,미연계중,35,Y,유료,N,야간 미개방,0000,2400,0000,2400,0000,2400,2020-08-27 17:46,N,무료,N,무료,50000,,100,5,100,5,0,0,0,0,,,
172952,목3동 해운주차장(구),양천구 목동 711-6,NW,노외 주차장,1,시간제 주차장,,0,미연계중,63,Y,유료,N,야간 미개방,0000,2400,0000,2400,0000,2400,2022-08-01 15:59,N,무료,N,무료,50000,,50,5,50,5,0,0,0,0,,,
172970,방화역(서) 공영주차장(시),강서구 방화동 829-1,NW,노외 주차장,1,시간제 주차장,,1,현재~20분이내 연계데이터 존재(현재 주차대수 표현),69,Y,유료,N,야간 미개방,0800,2100,0800,2100,0800,2100,2026-04-07 10:50,N,무료,N,무료,109000,,290,5,290,5,0,0,0,0,,37.57757395,126.8121746
172971,방화역(동) 공영주차장(시),강서구 방화동 830-4,NW,노외 주차장,1,시간제 주차장,,1,현재~20분이내 연계데이터 존재(현재 주차대수 표현),67,Y,유료,N,야간 미개방,0800,2100,0800,2100,0800,2100,2026-04-07 10:49,N,무료,N,무료,109000,,290,5,290,5,0,0,0,0,,37.57730116,126.8133148
172979,개화산역 공영주차장(시),강서구 방화동 845-0,NW,노외 주차장,1,시간제 주차장,02-2290-6064,1,현재~20분이내 연계데이터 존재(현재 주차대수 표현),320,Y,유료,N,야간 미개방,0000,2400,0000,2400,0000,2400,2026-04-06 17:17,N,무료,N,무료,109000,,290,5,290,5,0,0,0,0,0,37.57224302,126.8051898
173005,가양3동 공영주차장(시),강서구 가양동 1488-12,NW,노외 주차장,1,시간제 주차장,,1,현재~20분이내 연계데이터 존재(현재 주차대수 표현),56,Y,유료,N,야간 미개방,0900,1900,0900,1500,0000,0000,2026-04-07 10:47,N,무료,Y,유료,144000,,200,5,200,5,0,0,0,0,0,37.56033753,126.8597755
173047,가양역 공영주차장(시),강서구 가양동 1480-10,NW,노외 주차장,1,시간제 주차장,,1,현재~20분이내 연계데이터 존재(현재 주차대수 표현),79,Y,유료,N,야간 미개방,0800,2100,0800,2100,0800,2100,2026-04-07 10:50,N,무료,N,무료,168000,,320,5,320,5,0,0,0,0,,37.56332959,126.8530818
173073,구로5동마을공동주차장(구),구로구 구로동 549-73,NW,노외 주차장,1,시간제 주차장,02-839-4875,0,미연계중,77,Y,유료,N,야간 미개방,0000,2400,0000,2400,0000,2400,2026-04-10 16:19,N,무료,N,무료,65000,,100,5,100,5,0,0,0,0,0,,
173093,구로리공원지하주차장(구),구로구 구로동 139-82,NW,노외 주차장,3,시간제 + 거주자 주차장,02-839-4875,0,미연계중,203,Y,유료,N,야간 미개방,0000,2400,0000,2400,0000,2400,2026-04-10 16:18,N,무료,N,무료,105000,,150,5,150,5,0,0,0,0,0,,
173104,고척1동마을공동주차장(구),구로구 고척동 52-54,NW,노외 주차장,1,시간제 주차장,02-839-4875,1,현재~20분이내 연계데이터 존재(현재 주차대수 표현),125,Y,유료,N,야간 미개방,0000,2400,0000,2400,0000,2400,2026-04-10 16:26,N,무료,N,무료,65000,,100,5,100,5,0,0,0,0,0,,
173123,독산1동 공영주차장(구),금천구 독산동 1006-94,NW,노외 주차장,1,시간제 주차장,,0,미연계중,66,Y,유료,N,야간 미개방,0000,2400,0000,2400,0000,2400,2025-10-31 14:32,N,무료,N,무료,,,65,5,65,5,0,0,0,0,,,
173129,독산3동 공영주차장(구),금천구 독산동 898-24,NW,노외 주차장,1,시간제 주차장,,0,미연계중,50,Y,유료,N,야간 미개방,0800,1900,0800,1900,0800,1900,2025-10-31 14:36,N,무료,N,무료,,,65,5,65,5,0,0,0,0,,,
173139,구로2동 마을공동주차장(구),구로구 구로동 317-187,NW,노외 주차장,3,시간제 + 거주자 주차장,02-839-4875,0,미연계중,88,Y,유료,N,야간 미개방,0000,2400,0000,2400,0000,2400,2025-07-16 11:31,N,무료,N,무료,65000,,100,5,100,5,0,0,0,0,0,,
173141,시흥1동 공영주차장(구),금천구 시흥동 555-3,NW,노외 주차장,1,시간제 주차장,02-809-0061,0,미연계중,82,Y,유료,N,야간 미개방,0900,1800,0900,1800,0900,1800,2019-06-10 9:34,N,무료,N,무료,50000,,65,5,65,5,0,0,0,0,0,,
173150,신길환승(5호선)(구),영등포구 영등포동1가 35-0,NW,노외 주차장,1,시간제 주차장,02-2677-1401,1,현재~20분이내 연계데이터 존재(현재 주차대수 표현),109,Y,유료,N,야간 미개방,0000,2400,0000,2400,0000,2400,2023-06-30 16:18,N,무료,N,무료,70000,,100,5,100,5,0,0,0,0,0,,
173152,영등포본동제1공영(구),영등포구 영등포동 592-10,NW,노외 주차장,1,시간제 주차장,02-2677-1401,1,현재~20분이내 연계데이터 존재(현재 주차대수 표현),194,Y,유료,N,야간 미개방,0000,2400,0000,2400,0000,2400,2023-06-30 16:17,N,무료,N,무료,70000,,100,5,100,5,0,0,0,0,0,,
173153,시흥3동 공영주차장(구),금천구 시흥동 942-6,NW,노외 주차장,3,시간제 + 거주자 주차장,,0,미연계중,44,Y,유료,N,야간 미개방,0830,1900,0830,1900,0830,1900,2019-06-10 9:34,N,무료,N,무료,50000,,65,5,65,5,0,0,0,0,0,,
173160,가산동 공영주차장(구),금천구 가산동 148-28,NW,노외 주차장,3,시간제 + 거주자 주차장,02-809-0061,0,미연계중,130,Y,유료,N,야간 미개방,0830,1900,0830,1900,0830,1900,2025-10-31 14:43,N,무료,N,무료,,,65,5,65,5,0,0,0,0,0,,
173168,상인회주차장(구),금천구 시흥동 886-13,NW,노외 주차장,1,시간제 주차장,02-808-0811,0,미연계중,22,Y,유료,N,야간 미개방,0900,1800,0900,1800,0900,1800,2019-06-10 9:34,N,무료,N,무료,130000,,125,5,125,5,0,0,0,0,0,,
173169,견인보관소 노외(구),금천구 가산동 614-34,NW,노외 주차장,1,시간제 주차장,02-854-5273,0,미연계중,55,Y,유료,N,야간 미개방,0000,2400,0000,2400,0000,2400,2019-06-10 9:34,N,무료,N,무료,100000,,300,10,300,10,0,0,0,0,9000,,
173184,문래근린공원 주차장(구),영등포구 문래동3가 60-2,NW,노외 주차장,1,시간제 주차장,02-2677-1401,1,현재~20분이내 연계데이터 존재(현재 주차대수 표현),41,Y,유료,N,야간 미개방,0000,2400,0000,2400,0000,2400,2023-06-30 15:46,N,무료,N,무료,140000,,250,5,250,5,0,0,0,0,,,
173185,문래동공영(구),영등포구 문래동5가 3-0,NW,노외 주차장,1,시간제 주차장,02-2677-1401,1,현재~20분이내 연계데이터 존재(현재 주차대수 표현),52,Y,유료,N,야간 미개방,0000,2400,0000,2400,0000,2400,2023-06-30 15:47,N,무료,N,무료,98000,,150,5,150,5,0,0,0,0,0,,
173193,당산1동공영(구),영등포구 당산동3가 6-1,NW,노외 주차장,1,시간제 주차장,02-2677-1401,1,현재~20분이내 연계데이터 존재(현재 주차대수 표현),91,Y,유료,N,야간 미개방,0000,2400,0000,2400,0000,2400,2023-06-30 15:31,N,무료,N,무료,70000,,100,5,100,5,0,0,0,0,0,,
173208,당산2동(구),영등포구 당산동 121-105,NW,노외 주차장,1,시간제 주차장,02-2677-1401,1,현재~20분이내 연계데이터 존재(현재 주차대수 표현),31,Y,유료,N,야간 미개방,0000,2400,0000,2400,0000,2400,2023-07-04 13:04,N,무료,N,무료,140000,,150,5,150,5,0,0,0,0,0,,
173218,영등포동제2공영(구),영등포구 영등포동7가 29-122,NW,노외 주차장,1,시간제 주차장,02-2634-1308,0,미연계중,28,Y,유료,N,야간 미개방,0000,2400,0000,2400,0000,2400,2023-06-30 16:30,N,무료,N,무료,70000,,100,5,100,5,0,0,0,0,0,,
173235,신길4동 공영주차장(구),영등포구 신길동 236-10,NW,노외 주차장,1,시간제 주차장,02-2677-1401,1,현재~20분이내 연계데이터 존재(현재 주차대수 표현),23,Y,유료,N,야간 미개방,0000,2400,0000,2400,0000,2400,2023-06-30 15:58,N,무료,N,무료,65000,,50,5,50,5,0,0,0,0,0,,
173238,대림3동 공영주차장(구),영등포구 대림동 745-1,NW,노외 주차장,1,시간제 주차장,02-2677-1401,1,현재~20분이내 연계데이터 존재(현재 주차대수 표현),99,Y,유료,N,야간 미개방,0000,2400,0000,2400,0000,2400,2023-06-30 15:37,N,무료,N,무료,65000,,50,5,50,5,0,0,0,0,,,
173245,대림2동공영(구),영등포구 대림동 1072-25,NW,노외 주차장,1,시간제 주차장,02-2677-1401,1,현재~20분이내 연계데이터 존재(현재 주차대수 표현),151,Y,유료,N,야간 미개방,0000,2400,0000,2400,0000,2400,2023-06-30 15:34,N,무료,N,무료,70000,,100,5,100,5,0,0,0,0,0,,
173246,도림초교공영(구),영등포구 신길동 285-1,NW,노외 주차장,1,시간제 주차장,02-2677-1401,1,현재~20분이내 연계데이터 존재(현재 주차대수 표현),145,Y,유료,N,야간 미개방,0000,2400,0000,2400,0000,2400,2023-06-30 16:00,N,무료,N,무료,65000,,50,5,50,5,0,0,0,0,0,,
173250,대림1동공영(구),영등포구 대림동 834-1,NW,노외 주차장,1,시간제 주차장,02-2677-1401,1,현재~20분이내 연계데이터 존재(현재 주차대수 표현),155,Y,유료,N,야간 미개방,0000,2400,0000,2400,0000,2400,2023-06-30 15:40,N,무료,N,무료,70000,,100,5,100,5,0,0,0,0,0,,
173262,도림동 공영주차장(구),영등포구 도림동 226-13,NW,노외 주차장,1,시간제 주차장,02-2677-1401,1,현재~20분이내 연계데이터 존재(현재 주차대수 표현),26,Y,유료,N,야간 미개방,0000,2400,0000,2400,0000,2400,2023-06-30 15:44,N,무료,N,무료,65000,,50,5,50,5,0,0,0,0,0,,
173277,대림어린이공원 공영(구),영등포구 대림동 870-0,NW,노외 주차장,1,시간제 주차장,02-2677-1401,1,현재~20분이내 연계데이터 존재(현재 주차대수 표현),198,Y,유료,N,야간 미개방,0000,2400,0000,2400,0000,2400,2023-06-30 15:42,N,무료,N,무료,70000,,100,5,100,5,0,0,0,0,0,,
173299,신길4동1마을공원 공영(구),영등포구 신길동 232-20,NW,노외 주차장,1,시간제 주차장,02-2677-1401,1,현재~20분이내 연계데이터 존재(현재 주차대수 표현),130,Y,유료,N,야간 미개방,0000,2400,0000,2400,0000,2400,2023-06-30 15:56,N,무료,N,무료,65000,,50,5,50,5,0,0,0,0,0,,
173353,보라매 제1공영주차장(구),관악구 봉천동 110-4,NW,노외 주차장,3,시간제 + 거주자 주차장,02-2081-2600,0,미연계중,131,Y,유료,N,야간 미개방,0000,2400,0000,2400,0000,2400,2026-03-30 17:07,N,무료,N,무료,0,,50,5,50,5,0,0,0,0,0,,
173359,대치2문화센터 공영주차장(구),강남구 대치동 980-9,NW,노외 주차장,1,시간제 주차장,02-3423-6403,1,현재~20분이내 연계데이터 존재(현재 주차대수 표현),156,Y,유료,N,야간 미개방,0000,2400,0000,2400,0000,2400,2020-07-08 11:12,N,무료,N,무료,180000,,300,5,300,5,0,0,0,0,,,
173389,구룡산제2호(구),강남구 개포동 126-2,NW,노외 주차장,1,시간제 주차장,02-3423-6403,1,현재~20분이내 연계데이터 존재(현재 주차대수 표현),127,Y,유료,N,야간 미개방,0900,1900,,,0000,2400,2020-07-08 18:05,Y,유료,N,무료,120000,,200,5,200,5,0,0,0,0,,,
173424,일원역 공영주차장(시),강남구 일원동 716-2,NW,노외 주차장,1,시간제 주차장,,1,현재~20분이내 연계데이터 존재(현재 주차대수 표현),67,Y,유료,N,야간 미개방,0900,1900,0900,1500,0000,0000,2026-04-07 11:19,N,무료,Y,유료,84000,,290,5,290,5,0,0,0,0,,37.48468629,127.0840899
173437,탄천 공영주차장(구),강남구 대치동 78-25,NW,노외 주차장,1,시간제 주차장,02-2176-0901,0,미연계중,61,Y,유료,N,야간 미개방,0000,2400,0000,2400,0000,2400,2025-07-17 17:58,N,무료,N,무료,70000,,100,5,100,5,0,0,0,0,,,
173440,논현로32길15 공영주차장(구),강남구 도곡동 516-2,NW,노외 주차장,1,시간제 주차장,02-3423-6403,1,현재~20분이내 연계데이터 존재(현재 주차대수 표현),16,Y,유료,N,야간 미개방,0000,2400,0000,2400,0000,2400,2020-07-08 10:53,N,무료,N,무료,180000,,300,5,300,5,0,0,0,0,,,
173447,도곡로 421 공영주차장(구),강남구 대치동 939-21,NW,노외 주차장,1,시간제 주차장,02-3423-6403,1,현재~20분이내 연계데이터 존재(현재 주차대수 표현),25,Y,유료,N,야간 미개방,0000,2400,0000,2400,0000,2400,2020-07-07 17:38,N,무료,N,무료,280000,,400,5,400,5,0,0,0,0,,,
173452,사당노외 공영주차장(시),서초구 방배동 507-1,NW,노외 주차장,1,시간제 주차장,02-3405-4078,1,현재~20분이내 연계데이터 존재(현재 주차대수 표현),183,Y,유료,N,야간 미개방,0000,2400,0000,2400,0000,2400,2026-04-06 17:23,N,무료,N,무료,218000,,400,5,400,5,0,0,0,0,,37.47543791,126.9837737
173468,개포동공원 공영주차장(구),강남구 개포동 183-2,NW,노외 주차장,1,시간제 주차장,02-3423-6403,1,현재~20분이내 연계데이터 존재(현재 주차대수 표현),145,Y,유료,N,야간 미개방,0000,2400,0000,2400,0000,2400,2020-07-08 18:11,N,무료,N,무료,120000,,200,5,200,5,0,0,0,0,,,
173472,대청역 공영주차장(구),강남구 개포동 13-2,NW,노외 주차장,1,시간제 주차장,02-3423-6403,1,현재~20분이내 연계데이터 존재(현재 주차대수 표현),162,Y,유료,N,야간 미개방,0000,2400,0000,2400,0000,2400,2020-07-08 18:26,N,무료,N,무료,70000,,100,5,100,5,0,0,0,0,,,
173474,구룡산제1호(구),강남구 개포동 567-23,NW,노외 주차장,1,시간제 주차장,02-3423-6403,1,현재~20분이내 연계데이터 존재(현재 주차대수 표현),91,Y,유료,N,야간 미개방,0900,1900,,,0000,2400,2020-07-08 16:18,Y,유료,N,무료,120000,,200,5,200,5,0,0,0,0,,,
173485,방배카페골목(이수) 공영주차장(구),서초구 방배동 761-3,NW,노외 주차장,1,시간제 주차장,070-7119-3701,1,현재~20분이내 연계데이터 존재(현재 주차대수 표현),152,Y,유료,N,야간 미개방,0000,2400,0000,2400,0000,2400,2026-06-22 10:19,N,무료,N,무료,120000,,150,5,150,5,0,0,0,0,,,
173488,매헌시민의숲 동측 공영주차장(구),서초구 양재동 237-0,NW,노외 주차장,1,시간제 주차장,070-7076-0132,1,현재~20분이내 연계데이터 존재(현재 주차대수 표현),143,Y,유료,N,야간 미개방,0000,2400,0000,2400,0000,2400,2026-06-22 9:49,N,무료,N,무료,180000,,250,5,250,5,0,0,0,0,10000,,
173498,구룡공원 공영주차장(구),서초구 양재동 399-0,NW,노외 주차장,1,시간제 주차장,070-7119-3212,1,현재~20분이내 연계데이터 존재(현재 주차대수 표현),131,Y,유료,N,야간 미개방,0000,2400,0000,2400,0000,2400,2026-06-12 18:22,N,무료,N,무료,120000,,150,5,150,5,0,0,0,0,0,,
173499,도곡로 327 공영주차장(구),강남구 역삼동 765-22,NW,노외 주차장,1,시간제 주차장,02-3423-6403,1,현재~20분이내 연계데이터 존재(현재 주차대수 표현),19,Y,유료,N,야간 미개방,0000,2400,0000,2400,0000,2400,2020-07-07 18:17,N,무료,N,무료,280000,,400,5,400,5,0,0,0,0,,,
173521,반포동 방음언덕형 공영주차장(구),서초구 반포동 730-0,NW,노외 주차장,1,시간제 주차장,02-1688-1054,1,현재~20분이내 연계데이터 존재(현재 주차대수 표현),56,Y,유료,N,야간 미개방,0000,2400,0000,2400,0000,2400,2026-06-15 18:05,N,무료,N,무료,120000,,150,5,150,5,0,0,0,0,0,,
173528,언남문화체육센터 공영주차장(구),서초구 양재동 309-0,NW,노외 주차장,1,시간제 주차장,02-577-7718,1,현재~20분이내 연계데이터 존재(현재 주차대수 표현),190,Y,유료,N,야간 미개방,0000,2400,0000,2400,0000,2400,2023-08-16 14:44,N,무료,N,무료,120000,,150,5,150,5,0,0,0,0,20000,,
173534,강남치매지원센터 공영주차장(구),강남구 삼성동 113-26,NW,노외 주차장,1,시간제 주차장,02-3423-6403,1,현재~20분이내 연계데이터 존재(현재 주차대수 표현),90,Y,유료,N,야간 미개방,0000,2400,0000,2400,0000,2400,2021-08-12 10:44,N,무료,N,무료,280000,,400,5,400,5,0,0,0,0,,,
173553,수서역 공영주차장(시),강남구 수서동 735-0,NW,노외 주차장,1,시간제 주차장,02-3405-4076,1,현재~20분이내 연계데이터 존재(현재 주차대수 표현),561,Y,유료,N,야간 미개방,0000,2400,0000,2400,0000,2400,2026-06-09 15:57,N,무료,N,무료,200000,,320,5,320,5,0,0,0,0,,37.48801285,127.09995
173582,언구비 공영주차장(구),서초구 반포동 741-3,NW,노외 주차장,1,시간제 주차장,070-7119-3701,1,현재~20분이내 연계데이터 존재(현재 주차대수 표현),50,Y,유료,N,야간 미개방,0000,2400,0000,2400,0000,2400,2026-06-12 18:15,N,무료,N,무료,,,150,5,150,5,0,0,0,0,0,,
173590,구룡공영주차빌딩(구),서초구 양재동 301-6,NW,노외 주차장,1,시간제 주차장,02-573-2224,0,미연계중,107,Y,유료,N,야간 미개방,0000,2400,0000,2400,0000,2400,2023-06-26 11:52,N,무료,N,무료,120000,,300,10,300,10,0,0,0,0,0,,
173591,천호유수지 주차장(구),강동구 천호동 329-0,NW,노외 주차장,1,시간제 주차장,,1,현재~20분이내 연계데이터 존재(현재 주차대수 표현),168,Y,유료,N,야간 미개방,0000,2400,0000,2400,0000,2400,2023-12-22 14:27,N,무료,N,무료,90000,,150,5,150,5,0,0,0,0,0,,
173646,신천유수지 공영주차장(시),송파구 신천동 14-0,NW,노외 주차장,1,시간제 주차장,02-414-6417,1,현재~20분이내 연계데이터 존재(현재 주차대수 표현),192,Y,유료,N,야간 미개방,0000,2400,0000,2400,0000,2400,2026-04-06 17:45,N,무료,N,무료,168000,,440,5,440,5,0,0,0,0,,37.52231457,127.1029033
173665,무궁화 공영주차장(구),서초구 서초동 1666-17,NW,노외 주차장,1,시간제 주차장,02-1688-1054,1,현재~20분이내 연계데이터 존재(현재 주차대수 표현),68,Y,유료,N,야간 미개방,0000,2400,0000,2400,0000,2400,2026-06-12 17:44,N,무료,N,무료,180000,,250,5,250,5,0,0,0,0,,,
173673,문정근린공원(구),송파구 문정동 38-3,NW,노외 주차장,1,시간제 주차장,02-431-0166,0,미연계중,290,Y,유료,N,야간 미개방,0000,2400,0000,2400,0000,2400,2024-03-21 15:28,N,무료,N,무료,120000,,150,5,150,5,0,0,0,0,,,
173686,천호1동 주차장(구),강동구 천호동 87-26,NW,노외 주차장,1,시간제 주차장,,1,현재~20분이내 연계데이터 존재(현재 주차대수 표현),188,Y,유료,N,야간 미개방,0000,2400,0000,2400,0000,2400,2023-12-22 14:26,N,무료,N,무료,90000,,150,5,150,5,0,0,0,0,,,
173696,반포 둥근마을 공영주차장(구),서초구 반포동 49-8,NW,노외 주차장,1,시간제 주차장,070-4114-5544,0,미연계중,177,Y,유료,N,야간 미개방,0000,2400,0000,2400,0000,2400,2026-06-17 17:20,N,무료,N,무료,120000,,150,5,150,5,0,0,0,0,,,
173698,동산마을 공영주차장(구),서초구 양재동 370-5,NW,노외 주차장,1,시간제 주차장,070-7119-3212,1,현재~20분이내 연계데이터 존재(현재 주차대수 표현),121,Y,유료,N,야간 미개방,0000,2400,0000,2400,0000,2400,2026-06-15 17:30,N,무료,N,무료,180000,,250,5,250,5,0,0,0,0,,,
173701,서래마을 공영주차장 - 공사중(구),서초구 반포동 90-7,NW,노외 주차장,1,시간제 주차장,02-2155-7290,0,미연계중,78,Y,유료,N,야간 미개방,0000,2400,0000,2400,0000,2400,2026-06-17 17:28,N,무료,N,무료,,,150,5,150,5,0,0,0,0,0,,
173740,천호3동 주차장(구),강동구 천호동 167-195,NW,노외 주차장,1,시간제 주차장,,1,현재~20분이내 연계데이터 존재(현재 주차대수 표현),187,Y,유료,N,야간 미개방,0000,2400,0000,2400,0000,2400,2023-12-22 14:26,N,무료,N,무료,80000,,150,5,150,5,0,0,0,0,,,
173749,방이동 공영주차장(구),송파구 방이동 52-1,NW,노외 주차장,1,시간제 주차장,02-2043-0544,0,미연계중,131,Y,유료,N,야간 미개방,0000,2400,0000,2400,0000,2400,2019-06-10 9:32,N,무료,N,무료,105000,,150,5,150,5,0,0,0,0,0,,
173750,명일동 주차장(구),강동구 명일동 312-250,NW,노외 주차장,1,시간제 주차장,,1,현재~20분이내 연계데이터 존재(현재 주차대수 표현),241,Y,유료,N,야간 미개방,0000,2400,0000,2400,0000,2400,2023-12-22 14:28,N,무료,N,무료,100000,,250,5,250,5,0,0,0,0,,,
173752,복정역 공영주차장(시),송파구 장지동 600-2,NW,노외 주차장,1,시간제 주차장,02-3405-4075,1,현재~20분이내 연계데이터 존재(현재 주차대수 표현),362,Y,유료,N,야간 미개방,0000,2400,0000,2400,0000,2400,2026-04-06 17:22,N,무료,N,무료,109000,,280,5,280,5,0,0,0,0,,37.47005293,127.1277329
173754,아시아공원(구),송파구 잠실동 84-0,NW,노외 주차장,1,시간제 주차장,02-431-0166,0,미연계중,113,Y,유료,N,야간 미개방,0000,2400,0000,2400,0000,2400,2024-03-21 15:30,N,무료,N,무료,240000,,250,5,250,5,0,0,0,0,,,
173776,가락 1공영주차장(구),송파구 가락동 98-1,NW,노외 주차장,1,시간제 주차장,02-430-1580,0,미연계중,48,Y,유료,N,야간 미개방,0000,2400,0000,2400,0000,2400,2023-09-12 17:39,N,무료,N,무료,,,250,5,250,5,0,0,0,0,,,
173810,일원1동(기계식)(구),강남구 일원동 684-8,NW,노외 주차장,1,시간제 주차장,02-3423-6403,1,현재~20분이내 연계데이터 존재(현재 주차대수 표현),66,Y,유료,N,야간 미개방,0000,2400,0000,2400,0000,2400,2020-07-08 18:31,N,무료,N,무료,70000,,100,5,100,5,0,0,0,0,,,
173821,마천동2(건축물식)(구),송파구 마천동 364-5,NW,노외 주차장,1,시간제 주차장,02-431-0166,0,미연계중,114,Y,유료,N,야간 미개방,0000,2400,0000,2400,0000,2400,2024-03-21 14:35,N,무료,N,무료,60000,,50,5,50,5,0,0,0,0,,,
173828,남산한옥마을 공영주차장(시),중구 필동2가 83-1,NW,노외 주차장,5,시간제 + 버스전용 주차장,,1,현재~20분이내 연계데이터 존재(현재 주차대수 표현),16,Y,유료,N,야간 미개방,0900,2000,0900,2000,0900,2000,2026-04-07 13:42,N,무료,N,무료,,,500,5,500,5,860,5,,,,37.56005799,126.9931608
173831,도봉산 공영주차장(시),도봉구 도봉동 282-26,NW,노외 주차장,1,시간제 주차장,,1,현재~20분이내 연계데이터 존재(현재 주차대수 표현),142,Y,유료,N,야간 미개방,0800,2200,0800,2200,0800,2200,2026-04-07 11:42,N,무료,N,무료,126000,,170,5,170,5,0,0,0,0,,37.6876442,127.0406603
173840,볕우물 공영주차장(시),강동구 암사동 473-3,NW,노외 주차장,1,시간제 주차장,02-2290-6410,1,현재~20분이내 연계데이터 존재(현재 주차대수 표현),96,Y,유료,N,야간 미개방,0000,0000,0000,0000,0000,0000,2026-04-07 11:50,Y,유료,Y,유료,80000,,120,5,120,5,0,0,0,0,,37.55237413,127.1351228
173864,필동 공영주차장(구),중구 필동3가 62-12,NW,노외 주차장,1,시간제 주차장,02-2280-8360,2,20~120분이내 연계데이터 존재(정보수집중),47,Y,유료,N,야간 미개방,0000,2400,0000,2400,0000,2400,2025-05-13 16:45,N,무료,N,무료,140000,,200,5,200,5,0,0,0,0,0,,
173867,천호역 공영주차장(시),강동구 천호동 455-0,NW,노외 주차장,1,시간제 주차장,02-2290-6201,1,현재~20분이내 연계데이터 존재(현재 주차대수 표현),1431,Y,유료,N,야간 미개방,0000,2400,0000,2400,0000,2400,2026-04-07 10:42,N,무료,N,무료,168000,,360,5,360,5,0,0,0,0,,37.53849749,127.1251285
173870,삼전동(건축물식)(구),송파구 삼전동 175-8,NW,노외 주차장,1,시간제 주차장,02-431-0166,0,미연계중,196,Y,유료,N,야간 미개방,0000,2400,0000,2400,0000,2400,2024-03-21 14:55,N,무료,N,무료,60000,,50,5,50,5,0,0,0,0,,,
173874,안말 주차장(구),강동구 성내동 512-0,NW,노외 주차장,1,시간제 주차장,,1,현재~20분이내 연계데이터 존재(현재 주차대수 표현),169,Y,유료,N,야간 미개방,0000,2400,0000,2400,0000,2400,2023-12-22 14:26,N,무료,N,무료,90000,,150,5,150,5,0,0,0,0,,,
173877,송파동(건축물식)(구),송파구 송파동 128-0,NW,노외 주차장,1,시간제 주차장,02-431-0166,0,미연계중,82,Y,유료,N,야간 미개방,0000,2400,0000,2400,0000,2400,2024-03-21 15:06,N,무료,N,무료,60000,,50,5,50,5,0,0,0,0,,,
173880,석촌고분(구),송파구 석촌동 248-0,NW,노외 주차장,1,시간제 주차장,02-3431-1763,0,미연계중,61,Y,유료,N,야간 미개방,0900,1800,0900,1500,,,2024-03-21 16:05,N,무료,Y,유료,,,50,5,50,5,0,0,0,0,,,
173885,가락 2공영주차장(구),송파구 가락동 80-2,NW,노외 주차장,1,시간제 주차장,02-401-1580,0,미연계중,84,Y,유료,N,야간 미개방,0000,2400,0000,2400,0000,2400,2025-04-09 15:59,N,무료,N,무료,,,250,5,250,5,0,0,0,0,,,
173886,거여동(기계식)(구),송파구 거여동 33-16,NW,노외 주차장,1,시간제 주차장,02-431-0166,0,미연계중,123,Y,유료,N,야간 미개방,0000,2400,0000,2400,0000,2400,2024-03-21 15:08,N,무료,N,무료,60000,,50,5,50,5,0,0,0,0,,,
173890,풍납2(구),송파구 풍납동 175-0,NW,노외 주차장,1,시간제 주차장,02-431-0166,0,미연계중,80,Y,유료,N,야간 미개방,0000,2400,0000,2400,0000,2400,2025-05-12 16:03,N,무료,N,무료,60000,,50,5,50,5,0,0,0,0,,,
173891,풍납1(구),송파구 풍납동 154-0,NW,노외 주차장,1,시간제 주차장,02-431-0166,0,미연계중,46,Y,유료,N,야간 미개방,0000,2400,0000,2400,0000,2400,2024-03-21 15:11,N,무료,N,무료,60000,,50,5,50,5,0,0,0,0,,,
1910154,테헤란로78길노상(구),강남구 대치동 1011-6 포스코 센터 옆길,NS,노상 주차장,1,시간제 주차장,02-2176-0907,1,현재~20분이내 연계데이터 존재(현재 주차대수 표현),1,Y,유료,N,야간 미개방,0900,1900,0000,0000,0000,0000,2023-07-06 17:14,Y,유료,Y,유료,,1.16801E+12,800,10,400,5,0,0,0,0,48000,,
1910185,영동대로86길노상(구),강남구 대치동 1012-8,NS,노상 주차장,1,시간제 주차장,02-2176-0907,0,미연계중,1,Y,유료,N,야간 미개방,0900,1900,0000,0000,0000,0000,2023-07-06 17:28,Y,유료,Y,유료,,1.16801E+12,800,10,400,5,0,0,0,0,48000,,
1913385,남산예장 관광버스전용 주차장(시),중구 예장동 4-1,NW,노외 주차장,4,버스전용 주차장,02-2290-7227,1,현재~20분이내 연계데이터 존재(현재 주차대수 표현),39,Y,유료,N,야간 미개방,0600,2400,0600,2400,0600,2400,2026-04-07 13:34,N,무료,N,무료,0,,6000,120,500,5,6000,120,5,500,0,37.559821,126.989076
1913393,장안1동 공영주차장(시),동대문구 장안동 392-3,NW,노외 주차장,1,시간제 주차장,02-3405-4598,1,현재~20분이내 연계데이터 존재(현재 주차대수 표현),71,Y,유료,N,야간 미개방,0000,2400,0000,2400,0000,2400,2026-04-07 11:51,N,무료,N,무료,90000,,130,5,130,5,0,0,0,0,,37.56941,127.066994
1913415,면목유수지 공영주차장(시),중랑구 면목동 168-2,NW,노외 주차장,1,시간제 주차장,,0,미연계중,567,Y,유료,N,야간 미개방,0000,2400,0000,2400,0000,2400,2024-08-27 15:00,N,무료,N,무료,0,,100,5,100,5,0,0,0,0,0,37.579494,127.081451
1913866,옥수유수지(평면) 공영주차장(구),성동구 옥수동 77-3,NW,노외 주차장,1,시간제 주차장,02-2204-7970,2,20~120분이내 연계데이터 존재(정보수집중),45,Y,유료,N,야간 미개방,0000,2400,0000,2400,0000,2400,2023-06-28 13:56,N,무료,N,무료,30000,,150,5,,,0,0,0,0,0,,
1914209,응봉동(평면) 공영주차장(구),성동구 응봉동 210-3,NW,노외 주차장,1,시간제 주차장,02-2204-7970,1,현재~20분이내 연계데이터 존재(현재 주차대수 표현),65,Y,유료,N,야간 미개방,0000,2400,0000,2400,0000,2400,2022-04-29 13:18,N,무료,N,무료,20000,,100,5,,,0,0,0,0,0,,
1914210,뚝섬유수지(평면) 공영주차장(구),성동구 성수동1가 685-63,NW,노외 주차장,1,시간제 주차장,02-2204-7970,1,현재~20분이내 연계데이터 존재(현재 주차대수 표현),329,Y,유료,N,야간 미개방,0000,2400,0000,2400,0000,2400,2022-04-29 13:22,N,무료,N,무료,30000,,150,5,,,0,0,0,0,0,,
1914705,거여동 거주자상생주차장(구),송파구 거여동 41-4,NW,노외 주차장,2,거주자 우선 주차장,02-2147-3190,0,미연계중,174,Y,유료,N,야간 미개방,0000,0000,0000,0000,0000,0000,2022-08-17 14:26,N,무료,N,무료,0,,0,0,0,0,0,0,0,0,0,,
1914910,갈산 거주자우선주차장(구),양천구 신정동 1325-4,NW,노외 주차장,2,거주자 우선 주차장,02-2644-1405,0,미연계중,10,Y,유료,N,야간 미개방,0000,2400,0000,2400,0000,2400,2022-08-17 14:22,N,무료,N,무료,50000,,100,5,100,5,0,0,0,0,0,,
1915194,여의도공원 공영주차장(시),영등포구 여의도동 2-11,NS,노상 주차장,1,시간제 주차장,,0,미연계중,1,Y,유료,N,야간 미개방,0900,1900,0900,1500,0000,0000,2026-04-07 11:13,N,무료,Y,유료,180000,1.15601E+12,370,5,370,5,0,0,0,0,0,37.522347,126.917013
1915194,여의도공원 공영주차장(시),영등포구 여의도동 2-11,NS,노상 주차장,1,시간제 주차장,,0,미연계중,1,Y,유료,N,야간 미개방,0900,1900,0900,1500,0000,0000,2026-04-07 11:13,N,무료,Y,유료,180000,1.15601E+12,370,5,370,5,0,0,0,0,0,37.523121,126.916515
1915194,여의도공원 공영주차장(시),영등포구 여의도동 2-11,NS,노상 주차장,1,시간제 주차장,,0,미연계중,1,Y,유료,N,야간 미개방,0900,1900,0900,1500,0000,0000,2026-04-07 11:13,N,무료,Y,유료,180000,1.15601E+12,370,5,370,5,0,0,0,0,0,37.522645,126.916821
1915194,여의도공원 공영주차장(시),영등포구 여의도동 2-11,NS,노상 주차장,1,시간제 주차장,,0,미연계중,1,Y,유료,N,야간 미개방,0900,1900,0900,1500,0000,0000,2026-04-07 11:13,N,무료,Y,유료,180000,1.15601E+12,370,5,370,5,0,0,0,0,0,37.522674,126.916802
1915194,여의도공원 공영주차장(시),영등포구 여의도동 2-11,NS,노상 주차장,1,시간제 주차장,,0,미연계중,1,Y,유료,N,야간 미개방,0900,1900,0900,1500,0000,0000,2026-04-07 11:13,N,무료,Y,유료,180000,1.15601E+12,370,5,370,5,0,0,0,0,0,37.52327,126.916419
1915194,여의도공원 공영주차장(시),영등포구 여의도동 2-11,NS,노상 주차장,1,시간제 주차장,,0,미연계중,1,Y,유료,N,야간 미개방,0900,1900,0900,1500,0000,0000,2026-04-07 11:13,N,무료,Y,유료,180000,1.15601E+12,370,5,370,5,0,0,0,0,0,37.522138,126.917147
1915194,여의도공원 공영주차장(시),영등포구 여의도동 2-11,NS,노상 주차장,1,시간제 주차장,,0,미연계중,1,Y,유료,N,야간 미개방,0900,1900,0900,1500,0000,0000,2026-04-07 11:13,N,무료,Y,유료,180000,1.15601E+12,370,5,370,5,0,0,0,0,0,37.522406,126.916974
1915194,여의도공원 공영주차장(시),영등포구 여의도동 2-11,NS,노상 주차장,1,시간제 주차장,,0,미연계중,1,Y,유료,N,야간 미개방,0900,1900,0900,1500,0000,0000,2026-04-07 11:13,N,무료,Y,유료,180000,1.15601E+12,370,5,370,5,0,0,0,0,0,37.522079,126.917185
1915194,여의도공원 공영주차장(시),영등포구 여의도동 2-11,NS,노상 주차장,1,시간제 주차장,,0,미연계중,1,Y,유료,N,야간 미개방,0900,1900,0900,1500,0000,0000,2026-04-07 11:13,N,무료,Y,유료,180000,1.15601E+12,370,5,370,5,0,0,0,0,0,37.522794,126.916726
1915194,여의도공원 공영주차장(시),영등포구 여의도동 2-11,NS,노상 주차장,1,시간제 주차장,,0,미연계중,1,Y,유료,N,야간 미개방,0900,1900,0900,1500,0000,0000,2026-04-07 11:13,N,무료,Y,유료,180000,1.15601E+12,370,5,370,5,0,0,0,0,0,37.522526,126.916898
1915194,여의도공원 공영주차장(시),영등포구 여의도동 2-11,NS,노상 주차장,1,시간제 주차장,,0,미연계중,1,Y,유료,N,야간 미개방,0900,1900,0900,1500,0000,0000,2026-04-07 11:13,N,무료,Y,유료,180000,1.15601E+12,370,5,370,5,0,0,0,0,0,37.522883,126.916668
1915194,여의도공원 공영주차장(시),영등포구 여의도동 2-11,NS,노상 주차장,1,시간제 주차장,,0,미연계중,1,Y,유료,N,야간 미개방,0900,1900,0900,1500,0000,0000,2026-04-07 11:13,N,무료,Y,유료,180000,1.15601E+12,370,5,370,5,0,0,0,0,0,37.522496,126.916917
1915194,여의도공원 공영주차장(시),영등포구 여의도동 2-11,NS,노상 주차장,1,시간제 주차장,,0,미연계중,1,Y,유료,N,야간 미개방,0900,1900,0900,1500,0000,0000,2026-04-07 11:13,N,무료,Y,유료,180000,1.15601E+12,370,5,370,5,0,0,0,0,0,37.52196,126.917262
1915194,여의도공원 공영주차장(시),영등포구 여의도동 2-11,NS,노상 주차장,1,시간제 주차장,,0,미연계중,1,Y,유료,N,야간 미개방,0900,1900,0900,1500,0000,0000,2026-04-07 11:13,N,무료,Y,유료,180000,1.15601E+12,370,5,370,5,0,0,0,0,0,37.522317,126.917032
1915194,여의도공원 공영주차장(시),영등포구 여의도동 2-11,NS,노상 주차장,1,시간제 주차장,,0,미연계중,1,Y,유료,N,야간 미개방,0900,1900,0900,1500,0000,0000,2026-04-07 11:13,N,무료,Y,유료,180000,1.15601E+12,370,5,370,5,0,0,0,0,0,37.522198,126.917109
1915194,여의도공원 공영주차장(시),영등포구 여의도동 2-11,NS,노상 주차장,1,시간제 주차장,,0,미연계중,1,Y,유료,N,야간 미개방,0900,1900,0900,1500,0000,0000,2026-04-07 11:13,N,무료,Y,유료,180000,1.15601E+12,370,5,370,5,0,0,0,0,0,37.522466,126.916936
1915194,여의도공원 공영주차장(시),영등포구 여의도동 2-11,NS,노상 주차장,1,시간제 주차장,,0,미연계중,1,Y,유료,N,야간 미개방,0900,1900,0900,1500,0000,0000,2026-04-07 11:13,N,무료,Y,유료,180000,1.15601E+12,370,5,370,5,0,0,0,0,0,37.5233,126.9164
1915194,여의도공원 공영주차장(시),영등포구 여의도동 2-11,NS,노상 주차장,1,시간제 주차장,,0,미연계중,1,Y,유료,N,야간 미개방,0900,1900,0900,1500,0000,0000,2026-04-07 11:13,N,무료,Y,유료,180000,1.15601E+12,370,5,370,5,0,0,0,0,0,37.523151,126.916496
1915194,여의도공원 공영주차장(시),영등포구 여의도동 2-11,NS,노상 주차장,1,시간제 주차장,,0,미연계중,1,Y,유료,N,야간 미개방,0900,1900,0900,1500,0000,0000,2026-04-07 11:13,N,무료,Y,유료,180000,1.15601E+12,370,5,370,5,0,0,0,0,0,37.522853,126.916687
1915194,여의도공원 공영주차장(시),영등포구 여의도동 2-11,NS,노상 주차장,1,시간제 주차장,,0,미연계중,1,Y,유료,N,야간 미개방,0900,1900,0900,1500,0000,0000,2026-04-07 11:13,N,무료,Y,유료,180000,1.15601E+12,370,5,370,5,0,0,0,0,0,37.521989,126.917243
1915194,여의도공원 공영주차장(시),영등포구 여의도동 2-11,NS,노상 주차장,1,시간제 주차장,,0,미연계중,1,Y,유료,N,야간 미개방,0900,1900,0900,1500,0000,0000,2026-04-07 11:13,N,무료,Y,유료,180000,1.15601E+12,370,5,370,5,0,0,0,0,0,37.522734,126.916764
1915194,여의도공원 공영주차장(시),영등포구 여의도동 2-11,NS,노상 주차장,1,시간제 주차장,,0,미연계중,1,Y,유료,N,야간 미개방,0900,1900,0900,1500,0000,0000,2026-04-07 11:13,N,무료,Y,유료,180000,1.15601E+12,370,5,370,5,0,0,0,0,0,37.522257,126.91707
1915194,여의도공원 공영주차장(시),영등포구 여의도동 2-11,NS,노상 주차장,1,시간제 주차장,,0,미연계중,1,Y,유료,N,야간 미개방,0900,1900,0900,1500,0000,0000,2026-04-07 11:13,N,무료,Y,유료,180000,1.15601E+12,370,5,370,5,0,0,0,0,0,37.52193,126.917281
1915194,여의도공원 공영주차장(시),영등포구 여의도동 2-11,NS,노상 주차장,1,시간제 주차장,,0,미연계중,1,Y,유료,N,야간 미개방,0900,1900,0900,1500,0000,0000,2026-04-07 11:13,N,무료,Y,유료,180000,1.15601E+12,370,5,370,5,0,0,0,0,0,37.522615,126.91684
1915194,여의도공원 공영주차장(시),영등포구 여의도동 2-11,NS,노상 주차장,1,시간제 주차장,,0,미연계중,1,Y,유료,N,야간 미개방,0900,1900,0900,1500,0000,0000,2026-04-07 11:13,N,무료,Y,유료,180000,1.15601E+12,370,5,370,5,0,0,0,0,0,37.522764,126.916745
1915194,여의도공원 공영주차장(시),영등포구 여의도동 2-11,NS,노상 주차장,1,시간제 주차장,,0,미연계중,1,Y,유료,N,야간 미개방,0900,1900,0900,1500,0000,0000,2026-04-07 11:13,N,무료,Y,유료,180000,1.15601E+12,370,5,370,5,0,0,0,0,0,37.522943,126.91663
1915194,여의도공원 공영주차장(시),영등포구 여의도동 2-11,NS,노상 주차장,1,시간제 주차장,,0,미연계중,1,Y,유료,N,야간 미개방,0900,1900,0900,1500,0000,0000,2026-04-07 11:13,N,무료,Y,유료,180000,1.15601E+12,370,5,370,5,0,0,0,0,0,37.523002,126.916591
1915194,여의도공원 공영주차장(시),영등포구 여의도동 2-11,NS,노상 주차장,1,시간제 주차장,,0,미연계중,1,Y,유료,N,야간 미개방,0900,1900,0900,1500,0000,0000,2026-04-07 11:13,N,무료,Y,유료,180000,1.15601E+12,370,5,370,5,0,0,0,0,0,37.522585,126.91686
1915194,여의도공원 공영주차장(시),영등포구 여의도동 2-11,NS,노상 주차장,1,시간제 주차장,,0,미연계중,1,Y,유료,N,야간 미개방,0900,1900,0900,1500,0000,0000,2026-04-07 11:13,N,무료,Y,유료,180000,1.15601E+12,370,5,370,5,0,0,0,0,0,37.523181,126.916477
1915194,여의도공원 공영주차장(시),영등포구 여의도동 2-11,NS,노상 주차장,1,시간제 주차장,,0,미연계중,1,Y,유료,N,야간 미개방,0900,1900,0900,1500,0000,0000,2026-04-07 11:13,N,무료,Y,유료,180000,1.15601E+12,370,5,370,5,0,0,0,0,0,37.522019,126.917223
1915194,여의도공원 공영주차장(시),영등포구 여의도동 2-11,NS,노상 주차장,1,시간제 주차장,,0,미연계중,1,Y,유료,N,야간 미개방,0900,1900,0900,1500,0000,0000,2026-04-07 11:13,N,무료,Y,유료,180000,1.15601E+12,370,5,370,5,0,0,0,0,0,37.5219,126.9173
1915194,여의도공원 공영주차장(시),영등포구 여의도동 2-11,NS,노상 주차장,1,시간제 주차장,,0,미연계중,1,Y,유료,N,야간 미개방,0900,1900,0900,1500,0000,0000,2026-04-07 11:13,N,무료,Y,유료,180000,1.15601E+12,370,5,370,5,0,0,0,0,0,37.522555,126.916879
1915194,여의도공원 공영주차장(시),영등포구 여의도동 2-11,NS,노상 주차장,1,시간제 주차장,,0,미연계중,1,Y,유료,N,야간 미개방,0900,1900,0900,1500,0000,0000,2026-04-07 11:13,N,무료,Y,유료,180000,1.15601E+12,370,5,370,5,0,0,0,0,0,37.523211,126.916457
1915194,여의도공원 공영주차장(시),영등포구 여의도동 2-11,NS,노상 주차장,1,시간제 주차장,,0,미연계중,1,Y,유료,N,야간 미개방,0900,1900,0900,1500,0000,0000,2026-04-07 11:13,N,무료,Y,유료,180000,1.15601E+12,370,5,370,5,0,0,0,0,0,37.522109,126.917166
1915194,여의도공원 공영주차장(시),영등포구 여의도동 2-11,NS,노상 주차장,1,시간제 주차장,,0,미연계중,1,Y,유료,N,야간 미개방,0900,1900,0900,1500,0000,0000,2026-04-07 11:13,N,무료,Y,유료,180000,1.15601E+12,370,5,370,5,0,0,0,0,0,37.522228,126.917089
1915194,여의도공원 공영주차장(시),영등포구 여의도동 2-11,NS,노상 주차장,1,시간제 주차장,,0,미연계중,1,Y,유료,N,야간 미개방,0900,1900,0900,1500,0000,0000,2026-04-07 11:13,N,무료,Y,유료,180000,1.15601E+12,370,5,370,5,0,0,0,0,0,37.522377,126.916994
1915194,여의도공원 공영주차장(시),영등포구 여의도동 2-11,NS,노상 주차장,1,시간제 주차장,,0,미연계중,1,Y,유료,N,야간 미개방,0900,1900,0900,1500,0000,0000,2026-04-07 11:13,N,무료,Y,유료,180000,1.15601E+12,370,5,370,5,0,0,0,0,0,37.522287,126.917051
1915194,여의도공원 공영주차장(시),영등포구 여의도동 2-11,NS,노상 주차장,1,시간제 주차장,,0,미연계중,1,Y,유료,N,야간 미개방,0900,1900,0900,1500,0000,0000,2026-04-07 11:13,N,무료,Y,유료,180000,1.15601E+12,370,5,370,5,0,0,0,0,0,37.522823,126.916706
1915194,여의도공원 공영주차장(시),영등포구 여의도동 2-11,NS,노상 주차장,1,시간제 주차장,,0,미연계중,1,Y,유료,N,야간 미개방,0900,1900,0900,1500,0000,0000,2026-04-07 11:13,N,무료,Y,유료,180000,1.15601E+12,370,5,370,5,0,0,0,0,0,37.522704,126.916783
1915194,여의도공원 공영주차장(시),영등포구 여의도동 2-11,NS,노상 주차장,1,시간제 주차장,,0,미연계중,1,Y,유료,N,야간 미개방,0900,1900,0900,1500,0000,0000,2026-04-07 11:13,N,무료,Y,유료,180000,1.15601E+12,370,5,370,5,0,0,0,0,0,37.522913,126.916649
1915194,여의도공원 공영주차장(시),영등포구 여의도동 2-11,NS,노상 주차장,1,시간제 주차장,,0,미연계중,1,Y,유료,N,야간 미개방,0900,1900,0900,1500,0000,0000,2026-04-07 11:13,N,무료,Y,유료,180000,1.15601E+12,370,5,370,5,0,0,0,0,0,37.522436,126.916955
1915194,여의도공원 공영주차장(시),영등포구 여의도동 2-11,NS,노상 주차장,1,시간제 주차장,,0,미연계중,1,Y,유료,N,야간 미개방,0900,1900,0900,1500,0000,0000,2026-04-07 11:13,N,무료,Y,유료,180000,1.15601E+12,370,5,370,5,0,0,0,0,0,37.52324,126.916438
1915194,여의도공원 공영주차장(시),영등포구 여의도동 2-11,NS,노상 주차장,1,시간제 주차장,,0,미연계중,1,Y,유료,N,야간 미개방,0900,1900,0900,1500,0000,0000,2026-04-07 11:13,N,무료,Y,유료,180000,1.15601E+12,370,5,370,5,0,0,0,0,0,37.523062,126.916553
1915194,여의도공원 공영주차장(시),영등포구 여의도동 2-11,NS,노상 주차장,1,시간제 주차장,,0,미연계중,1,Y,유료,N,야간 미개방,0900,1900,0900,1500,0000,0000,2026-04-07 11:13,N,무료,Y,유료,180000,1.15601E+12,370,5,370,5,0,0,0,0,0,37.522972,126.916611
1915194,여의도공원 공영주차장(시),영등포구 여의도동 2-11,NS,노상 주차장,1,시간제 주차장,,0,미연계중,1,Y,유료,N,야간 미개방,0900,1900,0900,1500,0000,0000,2026-04-07 11:13,N,무료,Y,유료,180000,1.15601E+12,370,5,370,5,0,0,0,0,0,37.522168,126.917128
1915194,여의도공원 공영주차장(시),영등포구 여의도동 2-11,NS,노상 주차장,1,시간제 주차장,,0,미연계중,1,Y,유료,N,야간 미개방,0900,1900,0900,1500,0000,0000,2026-04-07 11:13,N,무료,Y,유료,180000,1.15601E+12,370,5,370,5,0,0,0,0,0,37.522049,126.917204
1915194,여의도공원 공영주차장(시),영등포구 여의도동 2-11,NS,노상 주차장,1,시간제 주차장,,0,미연계중,1,Y,유료,N,야간 미개방,0900,1900,0900,1500,0000,0000,2026-04-07 11:13,N,무료,Y,유료,180000,1.15601E+12,370,5,370,5,0,0,0,0,0,37.523091,126.916534
1915194,여의도공원 공영주차장(시),영등포구 여의도동 2-11,NS,노상 주차장,1,시간제 주차장,,0,미연계중,1,Y,유료,N,야간 미개방,0900,1900,0900,1500,0000,0000,2026-04-07 11:13,N,무료,Y,유료,180000,1.15601E+12,370,5,370,5,0,0,0,0,0,37.523032,126.916572
2865781,배나무터공원(구),광진구 중곡동 684-11,NW,노외 주차장,3,시간제 + 거주자 주차장,,0,미연계중,94,Y,유료,N,야간 미개방,0000,2400,0000,2400,0000,2400,2025-07-09 18:19,N,무료,N,무료,50000,,200,5,200,5,0,0,0,0,0,,
2867916,중곡복개천 공영주차장(구),광진구 중곡동 38-32 ,NS,노상 주차장,1,시간제 주차장,,0,미연계중,1,Y,유료,N,야간 미개방,0900,1800,0900,1500,0000,2400,2023-12-25 18:06,N,무료,N,무료,100000,1.12151E+12,300,5,0,0,0,0,0,0,0,,
2869625,청계산근린광장 공영주차장(구),서초구 원지동 361-1,NW,노외 주차장,1,시간제 주차장,02-1688-1054,1,현재~20분이내 연계데이터 존재(현재 주차대수 표현),95,Y,유료,N,야간 미개방,0000,2400,0000,2400,0000,2400,2026-06-15 17:46,N,무료,N,무료,40000,,100,5,100,5,0,0,0,0,6000,,
2871974,장미원시장 공영주차장(구),강북구 수유동 294-29,NW,노외 주차장,1,시간제 주차장,029443025,0,미연계중,152,Y,유료,N,야간 미개방,0000,2400,0000,2400,0000,2400,2025-06-20 9:30,N,무료,N,무료,,,150,5,150,5,0,0,0,0,80000,,
2872094,중곡복개천 공영주차장(B)(구),광진구 중곡동 150-57 ,NS,노상 주차장,1,시간제 주차장,,0,미연계중,1,Y,유료,N,야간 미개방,0900,1800,0900,1500,0000,2400,2023-12-25 18:18,N,무료,N,무료,100000,1.12151E+12,300,5,0,0,0,0,0,0,0,,
2876385,동아빌딩앞(구),영등포구 여의도동 1-4 ,NS,노상 주차장,1,시간제 주차장,,0,미연계중,1,Y,유료,N,야간 미개방,0900,1900,0900,1500,0000,0000,2023-07-20 10:32,N,무료,Y,유료,200000,1.15601E+12,500,5,500,5,,,,,20000,,
2877105,청계산청룡 공영주차장(구),서초구 신원동 224-3,NW,노외 주차장,1,시간제 주차장,02-1688-1054,1,현재~20분이내 연계데이터 존재(현재 주차대수 표현),41,N,무료,N,야간 미개방,0000,2400,0000,2400,0000,2400,2026-06-15 17:55,N,무료,N,무료,0,,0,0,0,0,0,0,0,0,3000,,
2877166,명륜동와룡주차장(구),종로구 명륜3가 1-21,NW,노외 주차장,1,시간제 주차장,02-6048-1234,0,미연계중,78,Y,유료,N,야간 미개방,0000,0000,0000,0000,0000,0000,2023-09-11 11:16,Y,유료,Y,유료,,,300,5,300,5,0,0,0,0,,,
2877337,국민일보사옥앞(구),영등포구 여의도동 1-2 ,NS,노상 주차장,1,시간제 주차장,,0,미연계중,1,Y,유료,N,야간 미개방,0900,1900,0900,1500,0000,0000,2023-07-20 10:31,N,무료,Y,유료,,1.15601E+12,500,5,500,5,,,,,200000,,
2877728,양재역 공영주차장(시),서초구 양재동 23-0,NW,노외 주차장,1,시간제 주차장,02-3405-4231,0,미연계중,885,Y,유료,N,야간 미개방,0000,2400,0000,2400,0000,2400,2026-05-19 14:26,N,무료,N,무료,250000,,400,5,400,5,0,0,0,0,28800,37.483518,127.034357
2877882,개봉1동마을공동주차장(구),구로구 개봉동 416-2,NW,노외 주차장,1,시간제 주차장,02-839-4875,0,미연계중,56,Y,유료,N,야간 미개방,0000,2400,0000,2400,0000,2400,2025-06-23 22:19,N,무료,N,무료,50000,,50,5,50,5,0,0,0,0,,,
2882454,주공3단지상가주변(구),노원구 상계동 735-0 ,NS,노상 주차장,1,시간제 주차장,,0,미연계중,1,Y,유료,N,야간 미개방,0900,1900,0900,1900,0000,0000,2023-07-18 10:22,N,무료,Y,유료,,1.13501E+12,250,5,250,5,0,0,0,0,,,
2884317,중곡복개천 공영주차장(B)(구),광진구 중곡동 125-2 ,NS,노상 주차장,1,시간제 주차장,,0,미연계중,1,Y,유료,N,야간 미개방,0900,1800,0900,1500,0000,2400,2023-12-25 18:01,N,무료,N,무료,100000,1.12151E+12,300,5,0,0,0,0,0,0,0,,
2884318,중곡복개천 공영주차장(B)(구),광진구 중곡동 150-197 ,NS,노상 주차장,1,시간제 주차장,,0,미연계중,1,Y,유료,N,야간 미개방,0900,1800,0900,1500,0000,2400,2023-12-25 18:16,N,무료,N,무료,100000,1.12151E+12,300,5,0,0,0,0,0,0,0,,
2888526,신성시장길공영노상주차장(구),광진구 중곡동 83-6 ,NS,노상 주차장,1,시간제 주차장,,0,미연계중,1,Y,유료,N,야간 미개방,0900,1800,0900,1500,0000,2400,2023-12-25 17:46,N,무료,N,무료,100000,1.12151E+12,300,10,0,0,0,0,0,0,0,,
2889027,남가좌2동 제1공영주차장(구),서대문구 남가좌동 64-8,NW,노외 주차장,3,시간제 + 거주자 주차장,,0,미연계중,12,Y,유료,N,야간 미개방,0800,2000,0800,2000,0800,2000,2025-07-18 18:02,N,무료,N,무료,0,,150,5,150,5,0,0,0,0,20000,,
2898460,도봉2동 법조타운 공영주차장(구),도봉구 도봉동 624-105,NW,노외 주차장,3,시간제 + 거주자 주차장,02-901-5100,0,미연계중,155,Y,유료,N,야간 미개방,0000,2400,0000,2400,0000,2400,2025-07-09 17:55,N,무료,N,무료,0,,100,5,100,5,0,0,0,0,0,,
2899352,연희동 제2공영주차장(구),서대문구 연희동 105-8,NW,노외 주차장,3,시간제 + 거주자 주차장,,0,미연계중,5,Y,유료,N,야간 미개방,0800,2000,0800,2000,0800,2000,2025-07-18 18:14,N,무료,N,무료,0,,150,5,150,5,0,0,0,0,0,,
2906289,신월3동 공영주차장(구),양천구 신월동 170-6,NW,노외 주차장,1,시간제 주차장,02-2644-1388,0,미연계중,161,Y,유료,N,야간 미개방,0000,2400,0000,2400,0000,2400,2024-12-19 15:12,N,무료,N,무료,50000,,50,5,50,5,0,0,0,0,,,
2910518,중화제2공영주차장(구),중랑구 중화동 73-4,NW,노외 주차장,1,시간제 주차장,,1,현재~20분이내 연계데이터 존재(현재 주차대수 표현),87,Y,유료,N,야간 미개방,0000,2400,0000,2400,0000,2400,2025-03-21 15:43,N,무료,N,무료,,,100,5,100,5,0,0,0,0,,,
2911526,중곡초등학교 공영주차장(구),중랑구 면목동 380-0,NW,노외 주차장,1,시간제 주차장,,1,현재~20분이내 연계데이터 존재(현재 주차대수 표현),140,Y,유료,N,야간 미개방,0000,2400,0000,2400,0000,2400,2025-03-21 15:13,N,무료,N,무료,,,100,5,100,5,0,0,0,0,,,
2911603,창2동 4공영주차장(구),도봉구 창동 582-22,NW,노외 주차장,3,시간제 + 거주자 주차장,02-901-5100,0,미연계중,82,Y,유료,N,야간 미개방,0000,2400,0000,2400,0000,2400,2024-01-17 11:16,N,무료,N,무료,50000,,100,5,100,5,0,0,0,0,,,
2913642,쌍문2동 2공영주차장(구),도봉구 쌍문동 81-102,NW,노외 주차장,2,거주자 우선 주차장,029015100,0,미연계중,18,Y,유료,N,야간 미개방,0000,0000,0000,0000,0000,0000,2024-01-17 11:11,N,무료,N,무료,0,,0,0,0,0,0,0,0,0,0,,
2915953,간송옛집  공영주차장(구),도봉구 방학동 58-10,NW,노외 주차장,3,시간제 + 거주자 주차장,02-2091-4215,0,미연계중,15,Y,유료,N,야간 미개방,0000,0000,0000,0000,0000,0000,2023-07-25 8:34,N,무료,N,무료,0,,0,0,0,0,0,0,0,0,0,,
2916491,중랑초등학교 공영주차장(구),중랑구 면목동 192-1,NW,노외 주차장,1,시간제 주차장,,1,현재~20분이내 연계데이터 존재(현재 주차대수 표현),82,Y,유료,N,야간 미개방,0000,2400,0000,2400,0000,2400,2025-03-21 15:35,N,무료,N,무료,50000,,100,5,100,5,0,0,0,0,,,
2918330,중랑역제2공영주차장(구),중랑구 중화동 73-8,NW,노외 주차장,1,시간제 주차장,,1,현재~20분이내 연계데이터 존재(현재 주차대수 표현),65,Y,유료,N,야간 미개방,0000,2400,0000,2400,0000,2400,2025-03-21 16:37,N,무료,N,무료,,,100,5,100,5,0,0,0,0,50000,,
2918745,중랑역제1공영주차장(구),중랑구 중화동 73-6,NW,노외 주차장,1,시간제 주차장,,1,현재~20분이내 연계데이터 존재(현재 주차대수 표현),152,Y,유료,N,야간 미개방,0000,2400,0900,2400,0000,2400,2025-03-21 16:34,N,무료,N,무료,,,100,5,100,5,0,0,0,0,50000,,
2919760,대흥2구역 공영주차장(구),마포구 대흥동 806-3,NW,노외 주차장,1,시간제 주차장,02-300-5046,1,현재~20분이내 연계데이터 존재(현재 주차대수 표현),20,Y,유료,N,야간 미개방,0000,2400,0000,2400,0000,2400,2024-07-17 11:22,N,무료,N,무료,,,250,5,250,5,0,0,0,0,0,,
2921565,동작주차공원공영주차장(구),동작구 동작동 326-0,NW,노외 주차장,1,시간제 주차장,820-1440,1,현재~20분이내 연계데이터 존재(현재 주차대수 표현),147,Y,유료,N,야간 미개방,0000,2400,0000,2400,0000,2400,2025-03-24 16:13,N,무료,N,무료,100000,,195,5,195,5,0,0,0,0,,,
2922286,중화제3공영주차장(구),중랑구 중화동 73-3,NW,노외 주차장,1,시간제 주차장,,0,미연계중,102,Y,유료,N,야간 미개방,0000,2400,0000,2400,0000,2400,2025-03-21 15:52,N,무료,N,무료,,,100,5,100,5,0,0,0,0,,,
2923585,신촌역 동측 공영주차장(구),서대문구 대현동 121-7,NW,노외 주차장,1,시간제 주차장,,0,미연계중,30,Y,유료,N,야간 미개방,0000,2400,0000,2400,0000,2400,2025-07-18 18:12,N,무료,N,무료,,,350,5,350,5,0,0,0,0,50400,,
2923998,면목2동공영주차장(구),중랑구 면목동 146-1,NW,노외 주차장,1,시간제 주차장,080-490-3894,1,현재~20분이내 연계데이터 존재(현재 주차대수 표현),199,Y,유료,N,야간 미개방,0000,2400,0000,2400,0000,2400,2025-03-21 15:32,N,무료,N,무료,0,,100,5,100,5,0,0,0,0,0,,
2924445,유진상가/인왕시장 앞(구),서대문구 홍제동 294-46 ,NS,노상 주차장,1,시간제 주차장,,0,미연계중,1,Y,유료,N,야간 미개방,1000,1900,1000,1500,0000,0000,2023-07-05 15:47,N,무료,Y,유료,,1.14101E+12,250,5,250,5,,,,,,,
2926344,은평 한문화 공영주차장 (구),은평구 진관동 125-12,NW,노외 주차장,1,시간제 주차장,02-350-5183,1,현재~20분이내 연계데이터 존재(현재 주차대수 표현),71,Y,유료,N,야간 미개방,0000,2400,0000,2400,0000,2400,2025-06-19 18:29,N,무료,N,무료,55000,,100,5,100,5,0,0,0,0,0,,
2927879,연광초교 지하 공영주차장(구),은평구 불광동 400-6,NW,노외 주차장,3,시간제 + 거주자 주차장,02-350-5183,0,미연계중,51,Y,유료,N,야간 미개방,0000,2400,0000,2400,0000,2400,2025-06-19 18:38,N,무료,N,무료,70000,,100,5,100,5,0,0,0,0,0,,
2927880,연신중학교지하 공영주차장(구),은평구 불광동 400-4,NW,노외 주차장,1,시간제 주차장,02-350-5183,0,미연계중,53,Y,유료,N,야간 미개방,0000,2400,0000,2400,0000,2400,2025-06-19 18:44,N,무료,N,무료,70000,,100,5,100,5,0,0,0,0,0,,
2928191,동교노상공영주차장(구),마포구 동교동 166-11,NS,노상 주차장,1,시간제 주차장,,0,미연계중,1,Y,유료,N,야간 미개방,1200,2300,1200,2300,1200,2300,2023-07-25 10:08,N,무료,N,무료,0,1.14401E+12,500,5,500,5,0,0,0,0,0,,
2929251,창1동 1공영주차장(구),도봉구 창동 657-37,NW,노외 주차장,3,시간제 + 거주자 주차장,02-901-5100,0,미연계중,42,Y,유료,N,야간 미개방,0000,2400,0000,2400,0000,2400,2023-11-07 15:50,N,무료,N,무료,50000,,100,5,100,5,0,0,0,0,0,,
2929768,동교3공영주차장(구),마포구 서교동 348-82,NS,노상 주차장,1,시간제 주차장,,0,미연계중,1,Y,유료,N,야간 미개방,1200,2300,1200,2300,1200,2300,2023-07-25 9:59,N,무료,N,무료,,1.14401E+12,500,5,500,5,0,0,0,0,,,
2931431,뚝도시장 노상주차장(구),성동구 성수동2가 339-44 ,NS,노상 주차장,1,시간제 주차장,,0,미연계중,1,Y,유료,N,야간 미개방,0900,1900,0900,1500,0000,2400,2023-07-24 10:00,N,무료,N,무료,,1.12001E+12,250,5,250,5,,,,,,,
2933119,중랑동부시장 공영주차장(구),중랑구 면목동 183-14,NW,노외 주차장,1,시간제 주차장,02-1577-3325,1,현재~20분이내 연계데이터 존재(현재 주차대수 표현),129,Y,유료,N,야간 미개방,0000,2400,0000,2400,0000,2400,2025-03-21 16:52,N,무료,N,무료,,,100,5,100,5,0,0,0,0,,,
2933721,초안산꽃동산공영주차장(구),도봉구 창동 441-5,NW,노외 주차장,1,시간제 주차장,02-901-5100,0,미연계중,15,Y,유료,N,야간 미개방,0000,2400,0000,2400,0000,2400,2024-01-22 8:53,N,무료,N,무료,50000,,100,5,100,5,0,0,0,0,,,
2933794,중랑캠핑숲 제3공영주차장(구),중랑구 망우동 30-63,NW,노외 주차장,1,시간제 주차장,,1,현재~20분이내 연계데이터 존재(현재 주차대수 표현),35,Y,유료,N,야간 미개방,0000,2400,0000,2400,0000,2400,2025-05-12 18:08,N,무료,N,무료,0,,50,5,50,5,0,0,0,0,0,,
2937235,중화제4공영주차장(구),중랑구 중화동 73-10,NW,노외 주차장,1,시간제 주차장,,0,미연계중,89,Y,유료,N,야간 미개방,0000,2400,0000,2400,0000,2400,2025-03-28 17:36,N,무료,N,무료,30000,,100,5,,,0,0,0,0,50000,,
2939378,도깨비시장 공영주차장(구),도봉구 방학동 632-1,NW,노외 주차장,3,시간제 + 거주자 주차장,02-901-5100,0,미연계중,81,Y,유료,N,야간 미개방,0000,2400,0000,2400,0000,2400,2023-06-13 17:35,N,무료,N,무료,50000,,100,5,100,5,0,0,0,0,0,,
2943131,연남노상공영주차장(구),마포구 연남동 224-36 ,NS,노상 주차장,1,시간제 주차장,,0,미연계중,1,Y,유료,N,야간 미개방,0800,2100,0800,2100,0000,0000,2023-07-05 10:01,N,무료,Y,유료,,1.14401E+12,250,5,250,5,0,0,0,0,,,
2944092,신길1동 공영주차장(구),영등포구 신길동 120-82,NW,노외 주차장,1,시간제 주차장,02-2677-1401,1,현재~20분이내 연계데이터 존재(현재 주차대수 표현),13,Y,유료,N,야간 미개방,0000,2400,0000,2400,0000,2400,2025-06-12 18:06,N,무료,N,무료,70000,,100,5,100,5,0,0,0,0,0,,
2944891,소금나루도서관 공영주차장(구),마포구 염리동 533-11,NW,노외 주차장,1,시간제 주차장,02-300-5046,0,미연계중,113,Y,유료,N,야간 미개방,0000,2400,0000,2400,0000,2400,2025-06-12 17:50,N,무료,N,무료,140000,,200,5,200,5,0,0,0,0,,,
2945286,중화제1공영주차장(구),중랑구 중화동 73-5,NW,노외 주차장,1,시간제 주차장,,1,현재~20분이내 연계데이터 존재(현재 주차대수 표현),94,Y,유료,N,야간 미개방,0000,2400,0000,2400,0000,2400,2025-03-21 15:52,N,무료,N,무료,,,100,5,100,5,0,0,0,0,,,
2948543,대신시장앞(구),영등포구 신길동 4921-5 ,NS,노상 주차장,1,시간제 주차장,,0,미연계중,1,Y,유료,N,야간 미개방,0900,1900,0900,1500,0000,0000,2023-07-20 10:37,N,무료,Y,유료,,1.15601E+12,100,5,100,5,,,,,50000,,
2951385,쌍문2동 5공영주차장(구),도봉구 쌍문동 715-2,NW,노외 주차장,3,시간제 + 거주자 주차장,02-2091-4215,0,미연계중,77,Y,유료,N,야간 미개방,0000,2400,0000,2400,0000,2400,2025-07-09 17:53,N,무료,N,무료,,,0,0,100,5,0,0,0,0,,,
2954673,자양전통시장 공영주차장(구),광진구 자양동 631-18,NW,노외 주차장,1,시간제 주차장,02-458-1624,0,미연계중,24,Y,유료,N,야간 미개방,0900,2100,0900,2100,0900,2000,2023-07-14 13:52,N,무료,N,무료,0,,1500,30,500,10,0,0,0,0,0,,
2956286,도림고가 노상주차장(구),영등포구 문래동1가 39-1,NS,노상 주차장,3,시간제 + 거주자 주차장,,0,미연계중,1,Y,유료,N,야간 미개방,0900,1900,0900,1500,0000,0000,2023-04-26 10:43,N,무료,N,무료,50000,1.15601E+12,100,5,200,10,0,0,0,0,,,
2957386,양평유수지 공영주차장(구),영등포구 양평동3가 57-3,NW,노외 주차장,1,시간제 주차장,02-2677-1401,1,현재~20분이내 연계데이터 존재(현재 주차대수 표현),392,Y,유료,N,야간 미개방,0000,2400,0000,2400,0000,2400,2025-06-12 18:05,N,무료,N,무료,120000,,250,5,250,5,0,0,0,0,0,,
2958999,남가좌2동 제2공영주차장(구),서대문구 남가좌동 3-75,NW,노외 주차장,3,시간제 + 거주자 주차장,,0,미연계중,12,Y,유료,N,야간 미개방,0800,2000,0800,2000,0800,2000,2025-07-18 18:04,N,무료,N,무료,,,150,5,150,5,0,0,0,0,,,
2963709,상암1 공영주차장(구),마포구 상암동 1267-1,NW,노외 주차장,1,시간제 주차장,02-300-5046,1,현재~20분이내 연계데이터 존재(현재 주차대수 표현),213,Y,유료,N,야간 미개방,0000,2400,0000,2400,0000,2400,2024-07-17 11:27,N,무료,N,무료,100000,,200,5,200,5,0,0,0,0,,,
2974545,성산2-1 공영주차장(구),마포구 성산동 199-0,NW,노외 주차장,3,시간제 + 거주자 주차장,02-300-5046,1,현재~20분이내 연계데이터 존재(현재 주차대수 표현),56,Y,유료,N,야간 미개방,0000,2400,0000,2400,0000,2400,2024-07-17 11:09,N,무료,N,무료,50000,,1000,60,500,30,0,0,0,0,0,,
2977042,남부골목 전통시장 고객주차장(구),강서구 화곡동 797-7,NW,노외 주차장,1,시간제 주차장,02-2646-5656,0,미연계중,17,Y,유료,N,야간 미개방,1100,2000,1100,2000,0000,0000,2023-07-19 18:01,N,무료,Y,유료,60000,,0,60,500,10,0,0,0,0,0,,
2977342,서인사마당(구),종로구 견지동 85-18,NW,노외 주차장,1,시간제 주차장,02-6048-1234,0,미연계중,40,Y,유료,N,야간 미개방,0000,2400,0000,2400,0000,2400,2023-07-04 15:07,N,무료,N,무료,,,500,5,500,5,0,0,0,0,,,
2978129,상계2동 공영주차장(구),노원구 상계동 373-13,NW,노외 주차장,1,시간제 주차장,02-931-2758,0,미연계중,94,Y,유료,N,야간 미개방,0900,1900,0900,1800,0000,0000,2026-04-01 15:43,N,무료,Y,유료,100000,,150,5,150,5,0,0,0,0,11000,,
2980921,등촌 2-1 공영주차장(구),강서구 등촌동 531-5,NW,노외 주차장,1,시간제 주차장,02-2065-1575,0,미연계중,110,Y,유료,N,야간 미개방,0900,1800,,,,,2023-07-19 17:11,Y,유료,Y,유료,50000,,50,5,,,0,0,0,0,2000,,
2982857,난곡동 제1공영주차장(구),관악구 신림동 626-82,NW,노외 주차장,3,시간제 + 거주자 주차장,02-2081-2600,0,미연계중,119,Y,유료,N,야간 미개방,0000,2400,0000,2400,0000,2400,2026-03-30 17:17,N,무료,N,무료,0,,50,5,,,0,0,0,0,,,
2983079,난지중앙로노상공영주차장(시),마포구 상암동 481-94 ,NS,노상 주차장,1,시간제 주차장,,0,미연계중,1,Y,유료,N,야간 미개방,0900,2200,0900,2200,0900,2200,2023-07-05 20:23,N,무료,N,무료,,1.14401E+12,150,5,150,5,0,0,0,0,,37.5693537,126.8806544
2983079,난지중앙로노상공영주차장(시),마포구 상암동 481-94 ,NS,노상 주차장,1,시간제 주차장,,0,미연계중,1,Y,유료,N,야간 미개방,0900,2200,0900,2200,0900,2200,2023-07-05 20:23,N,무료,N,무료,,1.14401E+12,150,5,150,5,0,0,0,0,,37.5696987,126.8808874
2983079,난지중앙로노상공영주차장(시),마포구 상암동 481-94 ,NS,노상 주차장,1,시간제 주차장,,0,미연계중,1,Y,유료,N,야간 미개방,0900,2200,0900,2200,0900,2200,2023-07-05 20:23,N,무료,N,무료,,1.14401E+12,150,5,150,5,0,0,0,0,,37.5691472,126.8804551
2983079,난지중앙로노상공영주차장(시),마포구 상암동 481-94 ,NS,노상 주차장,1,시간제 주차장,,0,미연계중,1,Y,유료,N,야간 미개방,0900,2200,0900,2200,0900,2200,2023-07-05 20:23,N,무료,N,무료,,1.14401E+12,150,5,150,5,0,0,0,0,,37.5685592,126.8800015
2983079,난지중앙로노상공영주차장(시),마포구 상암동 481-94 ,NS,노상 주차장,1,시간제 주차장,,0,미연계중,1,Y,유료,N,야간 미개방,0900,2200,0900,2200,0900,2200,2023-07-05 20:23,N,무료,N,무료,,1.14401E+12,150,5,150,5,0,0,0,0,,37.569084,126.8804153
2983079,난지중앙로노상공영주차장(시),마포구 상암동 481-94 ,NS,노상 주차장,1,시간제 주차장,,0,미연계중,1,Y,유료,N,야간 미개방,0900,2200,0900,2200,0900,2200,2023-07-05 20:23,N,무료,N,무료,,1.14401E+12,150,5,150,5,0,0,0,0,,37.5687924,126.8801946
2983079,난지중앙로노상공영주차장(시),마포구 상암동 481-94 ,NS,노상 주차장,1,시간제 주차장,,0,미연계중,1,Y,유료,N,야간 미개방,0900,2200,0900,2200,0900,2200,2023-07-05 20:23,N,무료,N,무료,,1.14401E+12,150,5,150,5,0,0,0,0,,37.5705096,126.8816614
2983079,난지중앙로노상공영주차장(시),마포구 상암동 481-94 ,NS,노상 주차장,1,시간제 주차장,,0,미연계중,1,Y,유료,N,야간 미개방,0900,2200,0900,2200,0900,2200,2023-07-05 20:23,N,무료,N,무료,,1.14401E+12,150,5,150,5,0,0,0,0,,37.5692006,126.880541
2983079,난지중앙로노상공영주차장(시),마포구 상암동 481-94 ,NS,노상 주차장,1,시간제 주차장,,0,미연계중,1,Y,유료,N,야간 미개방,0900,2200,0900,2200,0900,2200,2023-07-05 20:23,N,무료,N,무료,,1.14401E+12,150,5,150,5,0,0,0,0,,37.5695213,126.8807678
2983079,난지중앙로노상공영주차장(시),마포구 상암동 481-94 ,NS,노상 주차장,1,시간제 주차장,,0,미연계중,1,Y,유료,N,야간 미개방,0900,2200,0900,2200,0900,2200,2023-07-05 20:23,N,무료,N,무료,,1.14401E+12,150,5,150,5,0,0,0,0,,37.5687924,126.8801241
2983079,난지중앙로노상공영주차장(시),마포구 상암동 481-94 ,NS,노상 주차장,1,시간제 주차장,,0,미연계중,1,Y,유료,N,야간 미개방,0900,2200,0900,2200,0900,2200,2023-07-05 20:23,N,무료,N,무료,,1.14401E+12,150,5,150,5,0,0,0,0,,37.568052,126.879504
2983079,난지중앙로노상공영주차장(시),마포구 상암동 481-94 ,NS,노상 주차장,1,시간제 주차장,,0,미연계중,1,Y,유료,N,야간 미개방,0900,2200,0900,2200,0900,2200,2023-07-05 20:23,N,무료,N,무료,,1.14401E+12,150,5,150,5,0,0,0,0,,37.568738,126.880094
2983079,난지중앙로노상공영주차장(시),마포구 상암동 481-94 ,NS,노상 주차장,1,시간제 주차장,,0,미연계중,1,Y,유료,N,야간 미개방,0900,2200,0900,2200,0900,2200,2023-07-05 20:23,N,무료,N,무료,,1.14401E+12,150,5,150,5,0,0,0,0,,37.5683235,126.8797624
2983079,난지중앙로노상공영주차장(시),마포구 상암동 481-94 ,NS,노상 주차장,1,시간제 주차장,,0,미연계중,1,Y,유료,N,야간 미개방,0900,2200,0900,2200,0900,2200,2023-07-05 20:23,N,무료,N,무료,,1.14401E+12,150,5,150,5,0,0,0,0,,37.5694266,126.8807096
2983079,난지중앙로노상공영주차장(시),마포구 상암동 481-94 ,NS,노상 주차장,1,시간제 주차장,,0,미연계중,1,Y,유료,N,야간 미개방,0900,2200,0900,2200,0900,2200,2023-07-05 20:23,N,무료,N,무료,,1.14401E+12,150,5,150,5,0,0,0,0,,37.5689382,126.8802804
2983079,난지중앙로노상공영주차장(시),마포구 상암동 481-94 ,NS,노상 주차장,1,시간제 주차장,,0,미연계중,1,Y,유료,N,야간 미개방,0900,2200,0900,2200,0900,2200,2023-07-05 20:23,N,무료,N,무료,,1.14401E+12,150,5,150,5,0,0,0,0,,37.5688532,126.8802191
2983079,난지중앙로노상공영주차장(시),마포구 상암동 481-94 ,NS,노상 주차장,1,시간제 주차장,,0,미연계중,1,Y,유료,N,야간 미개방,0900,2200,0900,2200,0900,2200,2023-07-05 20:23,N,무료,N,무료,,1.14401E+12,150,5,150,5,0,0,0,0,,37.569808,126.8810069
2983079,난지중앙로노상공영주차장(시),마포구 상암동 481-94 ,NS,노상 주차장,1,시간제 주차장,,0,미연계중,1,Y,유료,N,야간 미개방,0900,2200,0900,2200,0900,2200,2023-07-05 20:23,N,무료,N,무료,,1.14401E+12,150,5,150,5,0,0,0,0,,37.5686515,126.8800382
2983079,난지중앙로노상공영주차장(시),마포구 상암동 481-94 ,NS,노상 주차장,1,시간제 주차장,,0,미연계중,1,Y,유료,N,야간 미개방,0900,2200,0900,2200,0900,2200,2023-07-05 20:23,N,무료,N,무료,,1.14401E+12,150,5,150,5,0,0,0,0,,37.5694655,126.8807157
2983079,난지중앙로노상공영주차장(시),마포구 상암동 481-94 ,NS,노상 주차장,1,시간제 주차장,,0,미연계중,1,Y,유료,N,야간 미개방,0900,2200,0900,2200,0900,2200,2023-07-05 20:23,N,무료,N,무료,,1.14401E+12,150,5,150,5,0,0,0,0,,37.5684717,126.8799187
2983079,난지중앙로노상공영주차장(시),마포구 상암동 481-94 ,NS,노상 주차장,1,시간제 주차장,,0,미연계중,1,Y,유료,N,야간 미개방,0900,2200,0900,2200,0900,2200,2023-07-05 20:23,N,무료,N,무료,,1.14401E+12,150,5,150,5,0,0,0,0,,37.5698736,126.8810743
2983079,난지중앙로노상공영주차장(시),마포구 상암동 481-94 ,NS,노상 주차장,1,시간제 주차장,,0,미연계중,1,Y,유료,N,야간 미개방,0900,2200,0900,2200,0900,2200,2023-07-05 20:23,N,무료,N,무료,,1.14401E+12,150,5,150,5,0,0,0,0,,37.5683964,126.8798482
2983079,난지중앙로노상공영주차장(시),마포구 상암동 481-94 ,NS,노상 주차장,1,시간제 주차장,,0,미연계중,1,Y,유료,N,야간 미개방,0900,2200,0900,2200,0900,2200,2023-07-05 20:23,N,무료,N,무료,,1.14401E+12,150,5,150,5,0,0,0,0,,37.5687487,126.8800812
2983079,난지중앙로노상공영주차장(시),마포구 상암동 481-94 ,NS,노상 주차장,1,시간제 주차장,,0,미연계중,1,Y,유료,N,야간 미개방,0900,2200,0900,2200,0900,2200,2023-07-05 20:23,N,무료,N,무료,,1.14401E+12,150,5,150,5,0,0,0,0,,37.5699368,126.8811357
2983079,난지중앙로노상공영주차장(시),마포구 상암동 481-94 ,NS,노상 주차장,1,시간제 주차장,,0,미연계중,1,Y,유료,N,야간 미개방,0900,2200,0900,2200,0900,2200,2023-07-05 20:23,N,무료,N,무료,,1.14401E+12,150,5,150,5,0,0,0,0,,37.569985,126.881192
2983079,난지중앙로노상공영주차장(시),마포구 상암동 481-94 ,NS,노상 주차장,1,시간제 주차장,,0,미연계중,1,Y,유료,N,야간 미개방,0900,2200,0900,2200,0900,2200,2023-07-05 20:23,N,무료,N,무료,,1.14401E+12,150,5,150,5,0,0,0,0,,37.5690063,126.8803356
2983079,난지중앙로노상공영주차장(시),마포구 상암동 481-94 ,NS,노상 주차장,1,시간제 주차장,,0,미연계중,1,Y,유료,N,야간 미개방,0900,2200,0900,2200,0900,2200,2023-07-05 20:23,N,무료,N,무료,,1.14401E+12,150,5,150,5,0,0,0,0,,37.5697449,126.8809425
2983079,난지중앙로노상공영주차장(시),마포구 상암동 481-94 ,NS,노상 주차장,1,시간제 주차장,,0,미연계중,1,Y,유료,N,야간 미개방,0900,2200,0900,2200,0900,2200,2023-07-05 20:23,N,무료,N,무료,,1.14401E+12,150,5,150,5,0,0,0,0,,37.572143,126.883038
2983079,난지중앙로노상공영주차장(시),마포구 상암동 481-94 ,NS,노상 주차장,1,시간제 주차장,,0,미연계중,1,Y,유료,N,야간 미개방,0900,2200,0900,2200,0900,2200,2023-07-05 20:23,N,무료,N,무료,,1.14401E+12,150,5,150,5,0,0,0,0,,37.568151,126.8795938
2983079,난지중앙로노상공영주차장(시),마포구 상암동 481-94 ,NS,노상 주차장,1,시간제 주차장,,0,미연계중,1,Y,유료,N,야간 미개방,0900,2200,0900,2200,0900,2200,2023-07-05 20:23,N,무료,N,무료,,1.14401E+12,150,5,150,5,0,0,0,0,,37.5696477,126.8808567
2983079,난지중앙로노상공영주차장(시),마포구 상암동 481-94 ,NS,노상 주차장,1,시간제 주차장,,0,미연계중,1,Y,유료,N,야간 미개방,0900,2200,0900,2200,0900,2200,2023-07-05 20:23,N,무료,N,무료,,1.14401E+12,150,5,150,5,0,0,0,0,,37.5695869,126.8808015
2986891,광장공영주차장(구),양천구 목동 907-19,NW,노외 주차장,1,시간제 주차장,,1,현재~20분이내 연계데이터 존재(현재 주차대수 표현),42,Y,유료,N,야간 미개방,0900,1900,0900,1900,0000,0000,2023-08-30 11:00,N,무료,Y,유료,100000,,150,5,,,0,0,0,0,,,
2986973,양천사회단체봉사센터 공영주차장(구),양천구 목동 905-29,NW,노외 주차장,1,시간제 주차장,02-2644-1399,2,20~120분이내 연계데이터 존재(정보수집중),21,Y,유료,N,야간 미개방,0900,1900,,,,,2023-06-28 16:07,Y,유료,Y,유료,100000,,150,5,150,5,0,0,0,0,,,
2989489,망원노외주차장(구),마포구 망원동 478-10,NW,노외 주차장,1,시간제 주차장,02-300-5046,1,현재~20분이내 연계데이터 존재(현재 주차대수 표현),21,Y,유료,N,야간 미개방,0000,2400,0000,2400,0000,2400,2024-08-27 11:23,N,무료,N,무료,,,150,5,150,5,0,0,0,0,0,,
2990365,동교노상공영주차장(구),마포구 서교동 328-14,NS,노상 주차장,1,시간제 주차장,,0,미연계중,1,Y,유료,N,야간 미개방,1200,2300,1200,2300,1200,2300,2023-07-25 10:05,N,무료,N,무료,0,1.14401E+12,500,5,500,5,0,0,0,0,0,,
2991019,어울림소공원 공영주차장(구),강북구 미아동 4-1,NW,노외 주차장,1,시간제 주차장,02-944-3025,0,미연계중,45,Y,유료,N,야간 미개방,0000,2400,0000,2400,0000,2400,2023-07-18 17:34,N,무료,N,무료,100000,,200,5,200,5,0,0,0,0,10000,,
2992242,민속의 집 주차장(구),강동구 고덕동 215-0,NW,노외 주차장,1,시간제 주차장,,1,현재~20분이내 연계데이터 존재(현재 주차대수 표현),26,Y,유료,N,야간 미개방,0000,2400,0000,2400,0000,2400,2023-12-22 14:28,N,무료,N,무료,85000,,150,5,150,5,0,0,0,0,0,,
2993336,우리공영주차장(구),양천구 목동 907-8,NW,노외 주차장,1,시간제 주차장,,1,현재~20분이내 연계데이터 존재(현재 주차대수 표현),39,Y,유료,N,야간 미개방,0900,1900,0900,1900,0000,0000,2023-08-30 10:53,N,무료,Y,유료,100000,,150,5,0,0,0,0,0,0,0,,
2994661,새물결노상공영주차장(구),마포구 서교동 348-1,NS,노상 주차장,1,시간제 주차장,,0,미연계중,1,Y,유료,N,야간 미개방,1200,2300,1200,2300,1200,2300,2023-07-14 17:35,N,무료,N,무료,0,1.14401E+12,500,5,500,5,0,0,0,0,0,,
2994710,망원2-1 공영주차장(구),마포구 망원동 428-5,NW,노외 주차장,3,시간제 + 거주자 주차장,02-300-5046,1,현재~20분이내 연계데이터 존재(현재 주차대수 표현),53,Y,유료,N,야간 미개방,0000,2400,0000,2400,0000,2400,2024-07-17 10:46,N,무료,N,무료,50000,,1000,60,500,30,0,0,0,0,0,,
2995141,망원노상공영주차장(구),마포구 망원동 457-31,NS,노상 주차장,1,시간제 주차장,,0,미연계중,1,Y,유료,N,야간 미개방,1000,2000,1000,2000,1000,2000,2023-07-05 16:32,N,무료,N,무료,,1.14401E+12,150,5,150,5,0,0,0,0,,,
2996022,송중동(임시) 공영주차장(구),강북구 미아동 860-123,NW,노외 주차장,1,시간제 주차장,02-988-1283,0,미연계중,6,Y,유료,N,야간 미개방,0000,2400,0000,2400,0000,2400,2025-09-10 15:04,N,무료,N,무료,100000,,200,5,200,5,0,0,0,0,,,
2998608,교대역 동측 공영주차장(구),서초구 서초동 1673-7,NW,노외 주차장,1,시간제 주차장,02-1688-1054,1,현재~20분이내 연계데이터 존재(현재 주차대수 표현),26,Y,유료,N,야간 미개방,0000,2400,0000,2400,0000,2400,2026-06-22 10:14,N,무료,N,무료,,,400,5,400,5,0,0,0,0,,,
2998813,망원노상공영주차장(구),마포구 망원동 454-26,NS,노상 주차장,1,시간제 주차장,,0,미연계중,1,Y,유료,N,야간 미개방,1000,2000,1000,2000,1000,2000,2023-07-05 16:28,N,무료,N,무료,0,1.14401E+12,150,5,150,5,0,0,0,0,0,,
2998858,망원노상공영주차장(구),마포구 망원동 454-29,NS,노상 주차장,1,시간제 주차장,,0,미연계중,1,Y,유료,N,야간 미개방,1000,2000,1000,2000,1000,2000,2023-07-05 16:38,N,무료,N,무료,,1.14401E+12,150,5,150,5,0,0,0,0,,,
2999135,고척리본타운(구),구로구 고척동 156-0,NW,노외 주차장,1,시간제 주차장,,0,미연계중,66,Y,유료,N,야간 미개방,0000,2400,0000,2400,0000,2400,2026-04-10 16:27,N,무료,N,무료,,,150,5,,,0,0,0,0,,,
2999326,둘리뮤지엄  공영주차장(구),도봉구 쌍문동 79-0,NW,노외 주차장,1,시간제 주차장,02-901-5100,0,미연계중,25,Y,유료,N,야간 미개방,0000,2400,0000,2400,0000,2400,2023-07-06 16:00,N,무료,N,무료,,,100,5,,,0,0,0,0,0,,
2999986,망원노상공영주차장(구),마포구 망원동 396-29,NS,노상 주차장,1,시간제 주차장,,0,미연계중,1,Y,유료,N,야간 미개방,1000,2000,1000,2000,1000,2000,2023-07-05 16:32,N,무료,N,무료,,1.14401E+12,150,5,150,5,0,0,0,0,,,
3003680,망원노상공영주차장(구),마포구 망원동 407-13,NS,노상 주차장,1,시간제 주차장,,0,미연계중,1,Y,유료,N,야간 미개방,1000,2000,1000,2000,1000,2000,2023-07-05 16:33,N,무료,N,무료,,1.14401E+12,150,5,150,5,0,0,0,0,,,
3004808,망원노상공영주차장(구),마포구 망원동 418-38,NS,노상 주차장,1,시간제 주차장,,0,미연계중,1,Y,유료,N,야간 미개방,1000,2000,1000,2000,1000,2000,2023-07-05 16:28,N,무료,N,무료,,1.14401E+12,150,5,150,5,0,0,0,0,,,
3006628,신림동 제1공영주차장(구),관악구 신림동 1456-3,NW,노외 주차장,3,시간제 + 거주자 주차장,02-2081-2600,0,미연계중,187,Y,유료,N,야간 미개방,0000,2400,0000,2400,0000,2400,2026-03-30 17:08,N,무료,N,무료,,,250,5,,,0,0,0,0,,,
3010995,둔촌역전통시장(구),강동구 성내동 417-34,NW,노외 주차장,1,시간제 주차장,,0,미연계중,18,Y,유료,N,야간 미개방,0000,2400,0000,2400,0000,2400,2023-12-22 14:29,N,무료,N,무료,85000,,150,5,150,5,0,0,0,0,,,
3012953,동막골 노외공영주차장(구),노원구 상계동 31-0,NW,노외 주차장,1,시간제 주차장,02-939-7708,0,미연계중,35,Y,유료,N,야간 미개방,0900,1900,0000,0000,0000,0000,2023-07-12 17:19,Y,유료,Y,유료,100000,,150,5,150,5,0,0,0,0,8100,,
3016934,교남 공영주차장(구),종로구 행촌동 1-53,NW,노외 주차장,3,시간제 + 거주자 주차장,,0,미연계중,30,Y,유료,N,야간 미개방,0000,2400,0000,2400,0000,2400,2025-07-18 10:33,N,무료,N,무료,,,300,5,300,5,0,0,0,0,,,
3019299,망원노상공영주차장(구),마포구 망원동 418-14,NS,노상 주차장,1,시간제 주차장,,0,미연계중,1,Y,유료,N,야간 미개방,1000,2000,1000,2000,1000,2000,2023-07-05 16:38,N,무료,N,무료,,1.14401E+12,150,5,150,5,0,0,0,0,,,
3020856,망원1-1 공영주차장(구),마포구 망원동 418-39,NW,노외 주차장,3,시간제 + 거주자 주차장,02-300-5046,1,현재~20분이내 연계데이터 존재(현재 주차대수 표현),66,Y,유료,N,야간 미개방,0000,2400,0000,2400,0000,2400,2024-07-17 10:57,N,무료,N,무료,50000,,1000,60,500,30,0,0,0,0,0,,
3022649,빗물펌프장 공영주차장(구),동작구 흑석동 105-0,NW,노외 주차장,1,시간제 주차장,811-0983,1,현재~20분이내 연계데이터 존재(현재 주차대수 표현),49,Y,유료,N,야간 미개방,0000,2400,0000,2400,0000,2400,2025-03-24 16:14,N,무료,N,무료,,,190,5,190,5,0,0,0,0,,,
3027305,불암산 공영주차장(구),노원구 중계동 26-0,NW,노외 주차장,1,시간제 주차장,02-2289-6720,0,미연계중,35,Y,유료,N,야간 미개방,0900,1900,0000,0000,0000,0000,2026-04-01 15:46,Y,유료,Y,유료,100000,,150,5,150,5,0,0,0,0,,,
3031636,등나무근린공원 공영주차장(구),노원구 중계동 508-1,NW,노외 주차장,1,시간제 주차장,029497706,0,미연계중,120,Y,유료,N,야간 미개방,0900,1900,0900,1800,0000,0000,2026-04-01 15:42,N,무료,Y,유료,180000,,250,5,250,5,0,0,0,0,,,
3033624,성내전통시장 주차장(구),강동구 성내동 224-37,NW,노외 주차장,1,시간제 주차장,,1,현재~20분이내 연계데이터 존재(현재 주차대수 표현),28,Y,유료,N,야간 미개방,0000,2400,0000,2400,0000,2400,2023-12-22 14:30,N,무료,N,무료,85000,,150,5,150,5,0,0,0,0,,,
3034344,서광공영주차장(구),동작구 신대방동 607-45,NW,노외 주차장,1,시간제 주차장,820-1440,1,현재~20분이내 연계데이터 존재(현재 주차대수 표현),63,Y,유료,N,야간 미개방,0000,2400,0000,2400,0000,2400,2025-03-24 16:17,N,무료,N,무료,100000,,150,5,150,5,0,0,0,0,,,
3034353,중앙로 공영주차장(구),서초구 방배동 977-17,NW,노외 주차장,1,시간제 주차장,070-7119-3701,1,현재~20분이내 연계데이터 존재(현재 주차대수 표현),49,Y,유료,N,야간 미개방,0000,2400,0000,2400,0000,2400,2026-06-15 17:38,N,무료,N,무료,120000,,150,5,150,5,0,0,0,0,0,,
3037602,신성시장 노상(구),광진구 중곡동 81-2 ,NS,노상 주차장,1,시간제 주차장,,0,미연계중,1,Y,유료,N,야간 미개방,0900,1800,0900,1500,0000,2400,2023-12-25 17:48,N,무료,N,무료,100000,1.12151E+12,300,5,0,0,0,0,0,0,0,,
3037642,상계역 서측 주택가 공영주차장(구),노원구 상계동 169-409,NW,노외 주차장,1,시간제 주차장,,0,미연계중,19,Y,유료,N,야간 미개방,0900,1900,0000,0000,0000,0000,2023-07-18 10:39,Y,유료,Y,유료,,,150,5,150,5,0,0,0,0,8100,,
3038086,신성시장길공영노상주차장(구),광진구 중곡동 88-37 ,NS,노상 주차장,1,시간제 주차장,,0,미연계중,1,Y,유료,N,야간 미개방,0900,1800,0900,1500,0000,2400,2023-12-25 17:35,N,무료,N,무료,100000,1.12151E+12,300,10,0,0,0,0,0,0,0,,
3040454,망원나들목A동 공영주차장(구),마포구 망원동 462-8,NW,노외 주차장,1,시간제 주차장,02-300-5046,1,현재~20분이내 연계데이터 존재(현재 주차대수 표현),62,Y,유료,N,야간 미개방,0000,2400,0000,2400,0000,2400,2025-06-12 17:51,N,무료,N,무료,140000,,200,5,200,5,0,0,0,0,,,
3051407,원신 공영주차장(구),관악구 신림동 366-0,NW,노외 주차장,3,시간제 + 거주자 주차장,02-2081-2600,0,미연계중,175,Y,유료,N,야간 미개방,0000,2400,0000,2400,0000,2400,2026-03-30 17:11,N,무료,N,무료,0,,50,5,0,0,0,0,0,0,0,,
3052067,장위전통시장 제2공영주차장(구),성북구 장위동 68-110,NW,노외 주차장,1,시간제 주차장,02-6925-0023,0,미연계중,6,Y,유료,N,야간 미개방,0000,2400,0000,2400,0000,2400,2025-05-21 18:40,N,무료,N,무료,,,150,5,150,5,0,0,0,0,0,,
3052391,남부초 공영주차장(구),관악구 신림동 467-0,NW,노외 주차장,3,시간제 + 거주자 주차장,02-2081-2600,0,미연계중,134,Y,유료,N,야간 미개방,0000,2400,0000,2400,0000,2400,2026-03-30 17:20,N,무료,N,무료,,,150,5,,,0,0,0,0,,,
3053665,독산2동 공영주차장(구),금천구 독산동 1050-17,NW,노외 주차장,1,시간제 주차장,,0,미연계중,66,Y,유료,N,야간 미개방,0000,2400,0000,2400,0000,2400,2024-05-08 9:29,N,무료,N,무료,50000,,65,5,65,5,0,0,0,0,50000,,
3053981,반포2동 (덜위치칼리지) 공영주차장(구),서초구 반포동 5-1,NW,노외 주차장,1,시간제 주차장,080-330-3600,0,미연계중,162,Y,유료,N,야간 미개방,0000,2400,0000,2400,0000,2400,2026-06-15 17:22,N,무료,N,무료,120000,,150,5,150,5,0,0,0,0,,,
3054310,중계근린공원 공영주차장(구),노원구 중계동 507-0,NW,노외 주차장,1,시간제 주차장,02-949-7705,0,미연계중,94,Y,유료,N,야간 미개방,0900,1900,0900,1800,0000,0000,2026-04-13 15:55,N,무료,Y,유료,180000,,250,5,250,5,0,0,0,0,,,
3055106,신촌노외 공영주차장(구),마포구 노고산동 49-64,NW,노외 주차장,1,시간제 주차장,02-300-5046,1,현재~20분이내 연계데이터 존재(현재 주차대수 표현),24,Y,유료,N,야간 미개방,0000,2400,0000,2400,0000,2400,2024-07-17 17:54,N,무료,N,무료,,,400,5,400,5,0,0,0,0,0,,
3060488,신촌노상 공영주차장(구),마포구 노고산동 49-48,NS,노상 주차장,1,시간제 주차장,,0,미연계중,1,Y,유료,N,야간 미개방,1100,2200,1100,2200,1100,2200,2023-07-13 18:32,N,무료,N,무료,0,1.14401E+12,500,5,500,5,0,0,0,0,0,,
3060844,대방생태공영주차장(구),동작구 대방동 395-1,NW,노외 주차장,1,시간제 주차장,820-1440,1,현재~20분이내 연계데이터 존재(현재 주차대수 표현),38,Y,유료,N,야간 미개방,0000,2400,0000,2400,0000,2400,2025-03-24 15:20,N,무료,N,무료,100000,,150,5,150,5,0,0,0,0,,,
3061330,경동고 공영주차장(구),성북구 삼선동3가 43-1,NW,노외 주차장,1,시간제 주차장,02-6925-0023,0,미연계중,123,Y,유료,N,야간 미개방,0000,2400,0000,2400,0000,2400,2025-05-21 18:26,N,무료,N,무료,90000,,150,5,150,5,0,0,0,0,10000,,
3069146,비봉(구),종로구 구기동 139-9,NW,노외 주차장,3,시간제 + 거주자 주차장,02-6048-1234,0,미연계중,40,Y,유료,N,야간 미개방,0000,2400,0000,2400,0000,2400,2023-09-21 13:26,N,무료,N,무료,140000,,200,5,200,5,0,0,0,0,0,,
3069211,바람개비 공영주차장(구),양천구 목동 919-8,NW,노외 주차장,1,시간제 주차장,02-2644-1386,0,미연계중,186,Y,유료,N,야간 미개방,0900,1900,0000,0000,0000,0000,2023-09-26 13:49,Y,유료,Y,유료,100000,,150,5,,,0,0,0,0,9000,,
3069589,장위1동동방고개공영주차장(구),성북구 장위동 230-110,NW,노외 주차장,1,시간제 주차장,02-6925-0023,0,미연계중,64,Y,유료,N,야간 미개방,0000,2400,0000,2400,0000,2400,2023-06-29 14:57,N,무료,N,무료,90000,,150,5,150,5,0,0,0,0,10000,,
3071313,가재울 공영주차장(구),노원구 하계동 252-6,NW,노외 주차장,3,시간제 + 거주자 주차장,,0,미연계중,121,Y,유료,N,야간 미개방,0900,1900,0900,1900,0900,1900,2023-07-18 10:48,N,무료,N,무료,100000,,150,5,150,5,0,0,0,0,11000,,
3074182,능골 공영주차장(구),양천구 신월동 152-38,NW,노외 주차장,1,시간제 주차장,02-2644-1386,0,미연계중,61,Y,유료,N,야간 미개방,0000,2400,0000,2400,0000,0000,2024-12-19 15:14,N,무료,Y,유료,50000,,50,5,,,0,0,0,0,,,
3076679,명광교회옆(구),종로구 명륜3가 12-0,NW,노외 주차장,1,시간제 주차장,02-6048-1234,0,미연계중,8,Y,유료,N,야간 미개방,0000,2400,0000,2400,0000,2400,2023-09-21 13:26,N,무료,N,무료,,,250,5,250,5,0,0,0,0,0,,
3077036,빙수골장미공영주차장(구),동작구 상도동 301-132,NW,노외 주차장,1,시간제 주차장,820-1440,0,미연계중,64,Y,유료,N,야간 미개방,0000,2400,0000,2400,0000,2400,2025-03-24 16:15,N,무료,N,무료,100000,,150,5,150,5,0,0,0,0,,,
3078019,청기와노상공영주차장(구),마포구 서교동 458-12,NS,노상 주차장,1,시간제 주차장,,0,미연계중,1,Y,유료,N,야간 미개방,1100,2100,0000,0000,0000,0000,2023-07-05 10:01,Y,유료,Y,유료,,1.14401E+12,250,5,250,5,0,0,0,0,,,
3078460,누상 공영주차장(구),종로구 누상동 166-50,NW,노외 주차장,3,시간제 + 거주자 주차장,02-2236-0052,0,미연계중,36,Y,유료,N,야간 미개방,0000,2400,0000,2400,0000,2400,2025-07-18 13:25,N,무료,N,무료,0,,200,5,200,5,0,0,0,0,0,,
3081657,덕원주차장(구),동대문구 장안동 458-8,NW,노외 주차장,1,시간제 주차장,,0,미연계중,76,Y,유료,N,야간 미개방,0000,2400,0000,2400,0000,2400,2023-07-06 16:48,N,무료,N,무료,170000,,500,10,500,10,0,0,0,0,170000,,
3082373,장안1동(군자유치원) 노외주차장(구),동대문구 장안동 403-13,NW,노외 주차장,3,시간제 + 거주자 주차장,,0,미연계중,20,Y,유료,N,야간 미개방,0900,1900,0900,1500,0000,0000,2023-07-21 16:49,N,무료,N,무료,0,,500,10,500,10,0,0,0,0,0,,
3083866,까치공원공영주차장(구),중랑구 면목동 570-0,NW,노외 주차장,1,시간제 주차장,,1,현재~20분이내 연계데이터 존재(현재 주차대수 표현),90,Y,유료,N,야간 미개방,0000,2400,0000,2400,0000,2400,2025-03-21 15:09,N,무료,N,무료,,,100,5,100,5,0,0,0,0,,,
3083906,장영당길 공영주차장(구3동)(구),동대문구 답십리동 484-7,NW,노외 주차장,3,시간제 + 거주자 주차장,02-2247-9664~6,0,미연계중,193,Y,유료,N,야간 미개방,0900,1900,0900,1900,0900,1900,2023-07-06 16:42,N,무료,N,무료,0,,1000,60,,,0,0,0,0,10000,,
3083942,마들스포츠타운 공영주차장(구),노원구 상계동 770-2,NW,노외 주차장,1,시간제 주차장,02-2289-6735,0,미연계중,226,Y,유료,N,야간 미개방,0900,1900,0900,1800,0000,0000,2026-04-01 15:48,N,무료,Y,유료,100000,,150,5,150,5,0,0,0,0,,,
3086463,서강대역 환승 공영주차장(구),마포구 신수동 93-35,NW,노외 주차장,1,시간제 주차장,02-300-5052,1,현재~20분이내 연계데이터 존재(현재 주차대수 표현),98,Y,유료,N,야간 미개방,0000,2400,0000,2400,0000,2400,2024-07-17 11:24,N,무료,N,무료,,,150,5,150,5,0,0,0,0,,,
3087529,중산 공영주차장(구),동대문구 답십리동 23-3,NW,노외 주차장,3,시간제 + 거주자 주차장,,0,미연계중,58,Y,유료,N,야간 미개방,0000,2400,0000,2400,0000,2400,2026-07-09 16:00,N,무료,N,무료,0,,500,10,500,10,0,0,0,0,0,,
3088420,수유2동 공영주차장(구),강북구 수유동 660-30,NW,노외 주차장,1,시간제 주차장,02-944-3025,0,미연계중,62,Y,유료,N,야간 미개방,0000,2400,0000,2400,0000,2400,2023-07-19 13:32,N,무료,N,무료,60000,,150,5,150,5,0,0,0,0,10000,,
3088540,고분다리전통시장 주차장(구),강동구 천호동 280-9,NW,노외 주차장,1,시간제 주차장,,1,현재~20분이내 연계데이터 존재(현재 주차대수 표현),26,Y,유료,N,야간 미개방,0000,2400,0000,2400,0000,2400,2023-12-22 14:28,N,무료,N,무료,85000,,150,5,150,5,0,0,0,0,85000,,
3090814,부군당길 공영주차장(구),동대문구 전농동 273-5,NW,노외 주차장,3,시간제 + 거주자 주차장,,0,미연계중,63,Y,유료,N,야간 미개방,0000,2400,0000,2400,0000,2400,2026-07-09 16:03,N,무료,N,무료,,,500,10,500,10,0,0,0,0,,,
3092169,성애병원앞(구),영등포구 신길동 470-3 ,NS,노상 주차장,1,시간제 주차장,,0,미연계중,1,Y,유료,N,야간 미개방,0900,1900,0900,1500,0000,0000,2023-07-20 10:38,N,무료,Y,유료,,1.15601E+12,250,5,250,5,,,,,,,
3095777,중마루공원앞(구),영등포구 영등포동2가 53-0,NS,노상 주차장,1,시간제 주차장,,0,미연계중,1,Y,유료,N,야간 미개방,0900,1900,0900,1500,0000,0000,2025-06-13 15:36,N,무료,Y,유료,200000,1.15601E+12,500,5,500,5,0,0,0,0,20000,,
3095995,당인노상공영주차장(구),마포구 합정동 362-5 ,NS,노상 주차장,1,시간제 주차장,,0,미연계중,1,Y,유료,N,야간 미개방,1200,2300,1200,2300,1200,2300,2023-07-05 18:39,N,무료,N,무료,0,1.14401E+12,300,5,300,5,0,0,0,0,0,,
3096379,정릉시장 공영주차장(구),성북구 정릉동 405-4,NW,노외 주차장,1,시간제 주차장,02-6925-0023,0,미연계중,18,Y,유료,N,야간 미개방,0000,2400,0000,2400,0000,2400,2025-05-21 18:35,N,무료,N,무료,,,150,5,150,5,0,0,0,0,10000,,
3096819,KBS본관뒤(구),영등포구 여의도동 1-9 ,NS,노상 주차장,1,시간제 주차장,,0,미연계중,1,Y,유료,N,야간 미개방,0900,1900,0900,1500,0000,0000,2023-07-20 10:36,N,무료,Y,유료,200000,1.15601E+12,500,5,500,5,,,,,,,
3097234,양화진 공영주차장(구),마포구 합정동 139-21,NW,노외 주차장,1,시간제 주차장,02-300-5046,1,현재~20분이내 연계데이터 존재(현재 주차대수 표현),133,Y,유료,N,야간 미개방,0000,2400,0000,2400,0000,2400,2024-07-17 11:18,N,무료,N,무료,80000,,200,5,200,5,0,0,0,0,0,,
3097432,당곡중 공영주차장(구),관악구 봉천동 682-0,NW,노외 주차장,3,시간제 + 거주자 주차장,02-2081-2600,0,미연계중,159,Y,유료,N,야간 미개방,0000,2400,0000,2400,0000,2400,2026-03-30 17:07,N,무료,N,무료,0,,50,5,0,0,0,0,0,0,0,,
3099388,송림 기사식당길 공영주차장(구),광진구 자양동 610-45 ,NS,노상 주차장,1,시간제 주차장,,0,미연계중,1,Y,유료,N,야간 미개방,0900,1800,0900,1500,0000,2400,2023-12-25 17:23,N,무료,N,무료,100000,1.12151E+12,300,5,0,0,0,0,0,0,0,,
3102075,양재2동주민센터 공영주차장(구),서초구 양재동 323-1,NW,노외 주차장,1,시간제 주차장,02-2155-7294,0,미연계중,32,Y,유료,N,야간 미개방,0700,2100,,,,,2023-06-26 11:40,Y,유료,Y,유료,120000,,150,5,150,5,0,0,0,0,,,
3102265,송림기사식당길(B) 공영주차장(구),광진구 자양동 227-131 ,NS,노상 주차장,1,시간제 주차장,,0,미연계중,1,Y,유료,N,야간 미개방,0900,1800,0900,1500,0000,2400,2023-12-25 17:04,N,무료,N,무료,100000,1.12151E+12,300,5,0,0,,,,,0,,
3102927,연희동 제6공영주차장(구),서대문구 연희동 706-0,NW,노외 주차장,3,시간제 + 거주자 주차장,,0,미연계중,7,Y,유료,N,야간 미개방,0800,2000,0800,2000,0800,2000,2025-07-18 18:15,N,무료,N,무료,0,,150,5,150,5,0,0,0,0,20000,,
3103348,여의도공원앞(구),영등포구 여의도동 2-0 ,NS,노상 주차장,1,시간제 주차장,,0,미연계중,1,Y,유료,N,야간 미개방,0900,1900,0900,1500,0000,0000,2023-07-20 10:33,N,무료,Y,유료,200000,1.15601E+12,500,5,500,5,,,,,20000,,
3103861,금융투자교육원앞(舊경호빌딩)(구),영등포구 여의도동 2-5 ,NS,노상 주차장,1,시간제 주차장,,0,미연계중,1,Y,유료,N,야간 미개방,0900,1900,0900,1500,0000,0000,2023-07-20 10:35,N,무료,Y,유료,200000,1.15601E+12,500,5,500,5,,,,,20000,,
3103892,답십리2동 노외주차장(홍약국옆)(구),동대문구 답십리동 36-12,NW,노외 주차장,3,시간제 + 거주자 주차장,,0,미연계중,58,Y,유료,N,야간 미개방,0000,2400,0000,2400,0000,2400,2023-07-21 16:10,N,무료,N,무료,0,,500,10,500,10,0,0,0,0,0,,
3104523,응암3동 공영주차장(구),은평구 응암동 580-4,NW,노외 주차장,1,시간제 주차장,02-350-5183,0,미연계중,75,Y,유료,N,야간 미개방,0000,2400,0000,2400,0000,2400,2025-06-19 18:27,N,무료,N,무료,70000,,100,5,100,5,0,0,0,0,,,
3108604,천호3동제2 주차장(구),강동구 천호동 174-1,NW,노외 주차장,1,시간제 주차장,,0,미연계중,182,Y,유료,N,야간 미개방,0000,2400,0000,2400,0000,2400,2023-12-22 14:27,N,무료,N,무료,80000,,150,5,150,5,0,0,0,0,,,
3108867,문화회관 서측 공영주차장(구),양천구 신정동 323-25,NW,노외 주차장,1,시간제 주차장,02-2644-1386,0,미연계중,23,Y,유료,N,야간 미개방,0900,1900,0900,1900,0000,0000,2024-12-19 15:18,N,무료,Y,유료,70000,,150,5,,,0,0,0,0,,,
3110155,신교 공영주차장(구),종로구 신교동 66-0,NW,노외 주차장,3,시간제 + 거주자 주차장,02-2236-0052,0,미연계중,158,Y,유료,N,야간 미개방,0000,2400,0000,2400,0000,2400,2025-07-18 17:27,N,무료,N,무료,0,,300,5,300,5,0,0,0,0,0,,
3110498,밝은빛 공영주차장(구),양천구 신정동 323-18,NW,노외 주차장,1,시간제 주차장,,1,현재~20분이내 연계데이터 존재(현재 주차대수 표현),23,Y,유료,N,야간 미개방,0900,1900,0900,1900,0000,0000,2023-08-31 17:59,N,무료,Y,유료,100000,,150,5,,,0,0,0,0,,,
3112137,매바위 공영주차장(구),은평구 응암동 747-8,NW,노외 주차장,3,시간제 + 거주자 주차장,02-350-5183,1,현재~20분이내 연계데이터 존재(현재 주차대수 표현),80,Y,유료,N,야간 미개방,0000,2400,0000,2400,0000,2400,2025-06-19 18:34,N,무료,N,무료,70000,,100,5,100,5,0,0,0,0,,,
3113882,수색동 공영주차장(구),은평구 수색동 78-2,NW,노외 주차장,1,시간제 주차장,02-351-5183,0,미연계중,52,Y,유료,N,야간 미개방,0000,2400,0000,2400,0000,2400,2026-01-22 13:58,N,무료,N,무료,70000,,100,5,100,5,0,0,0,0,,,
3117530,주공11단지상가뒤(구),노원구 상계동 652-0 ,NS,노상 주차장,1,시간제 주차장,,0,미연계중,1,Y,유료,N,야간 미개방,0900,1900,0900,1900,0000,0000,2023-07-18 10:21,N,무료,Y,유료,150000,1.13501E+12,250,5,250,5,0,0,0,0,,,
3117761,봉산도시자연공원 지하 공영주차장(구),은평구 신사동 55-5,NW,노외 주차장,1,시간제 주차장,,1,현재~20분이내 연계데이터 존재(현재 주차대수 표현),50,Y,유료,N,야간 미개방,0000,2400,0000,2400,0000,2400,2025-06-19 18:33,N,무료,N,무료,70000,,100,5,100,5,0,0,0,0,0,,
3120693,장안공원 공영주차장(구),동대문구 장안동 300-0,NW,노외 주차장,3,시간제 + 거주자 주차장,,0,미연계중,162,Y,유료,N,야간 미개방,0000,2400,0000,2400,0000,2400,2026-07-09 16:07,N,무료,N,무료,0,,500,10,500,10,0,0,0,0,0,,
3121494,용강노상공영주차장(구),마포구 용강동 50-4 ,NS,노상 주차장,1,시간제 주차장,,0,미연계중,1,Y,유료,N,야간 미개방,1200,2200,0000,0000,0000,0000,2023-07-05 18:30,Y,유료,Y,유료,0,1.14401E+12,250,5,250,5,0,0,0,0,0,,
3122125,배봉공영주차장(구),동대문구 휘경동 286-66,NW,노외 주차장,3,시간제 + 거주자 주차장,02-2247-9664,0,미연계중,199,Y,유료,N,야간 미개방,0000,2400,0000,2400,0000,2400,2023-07-21 16:09,N,무료,N,무료,,,500,10,500,10,0,0,0,0,0,,
3122788,용강노상공영주차장(구),마포구 용강동 494-6,NS,노상 주차장,1,시간제 주차장,,0,미연계중,1,Y,유료,N,야간 미개방,1200,2200,0000,0000,0000,0000,2023-07-05 16:46,Y,유료,Y,유료,,1.14401E+12,250,5,250,5,0,0,0,0,,,
3124871,구릉공영 주차장(구),동작구 신대방동 351-14,NW,노외 주차장,1,시간제 주차장,,1,현재~20분이내 연계데이터 존재(현재 주차대수 표현),20,Y,유료,N,야간 미개방,0000,2400,0000,2400,0000,2400,2025-03-24 15:14,N,무료,N,무료,100000,,150,5,150,5,0,0,0,0,,,
3125234,산업은행앞(구),영등포구 여의도동 1-5 ,NS,노상 주차장,1,시간제 주차장,,0,미연계중,1,Y,유료,N,야간 미개방,0900,1900,0900,1500,0000,0000,2023-07-20 10:33,N,무료,Y,유료,200000,1.15601E+12,500,5,500,5,,,,,20000,,
3129378,정릉천복개 공영주차장(구),동대문구 제기동 271-50,NW,노외 주차장,1,시간제 주차장,02-2247-9664~6,0,미연계중,143,Y,유료,N,야간 미개방,0000,2400,0000,2400,0000,2400,2025-10-15 14:52,N,무료,N,무료,,,500,10,500,10,0,0,0,0,,,
3129403,공덕1-1 공영주차장(구),마포구 공덕동 11-243,NW,노외 주차장,3,시간제 + 거주자 주차장,02-300-5046,1,현재~20분이내 연계데이터 존재(현재 주차대수 표현),77,Y,유료,N,야간 미개방,0000,2400,0000,2400,0000,2400,2024-07-17 11:06,N,무료,N,무료,50000,,1000,60,500,30,0,0,0,0,0,,
3133323,문화회관 동측 공영주차장(구),양천구 신정동 322-5,NW,노외 주차장,1,시간제 주차장,02-2644-1386,1,현재~20분이내 연계데이터 존재(현재 주차대수 표현),80,Y,유료,N,야간 미개방,0900,1900,0900,1900,0000,0000,2023-10-10 17:00,N,무료,Y,유료,70000,,150,5,,,0,0,0,0,9000,,
3137006,용강노상공영주차장(구),마포구 용강동 43-5 ,NS,노상 주차장,1,시간제 주차장,,0,미연계중,1,Y,유료,N,야간 미개방,1200,2200,0000,0000,0000,0000,2023-07-05 18:23,Y,유료,Y,유료,0,1.14401E+12,250,5,250,5,0,0,0,0,0,,
3138352,쌈지 공영주차장(구),강북구 수유동 62-4,NW,노외 주차장,1,시간제 주차장,,0,미연계중,19,Y,유료,N,야간 미개방,0000,2400,0000,2400,0000,2400,2025-06-20 9:16,N,무료,N,무료,150000,,1000,20,500,10,0,0,0,0,,,
3143628,용강노상공영주차장(구),마포구 용강동 473-5,NS,노상 주차장,1,시간제 주차장,,0,미연계중,1,Y,유료,N,야간 미개방,1200,2200,0000,0000,0000,0000,2023-07-05 16:47,Y,유료,Y,유료,,1.14401E+12,250,5,250,5,0,0,0,0,,,
3143747,동답 공영주차장(구),동대문구 답십리동 2-283,NW,노외 주차장,3,시간제 + 거주자 주차장,02-2247-9664,0,미연계중,67,Y,유료,N,야간 미개방,0000,2400,0000,2400,0000,2400,2023-07-06 16:40,N,무료,N,무료,,,500,10,500,10,0,0,0,0,10000,,
3144451,용두유수지 공영주차장(구),동대문구 용두동 129-4,NW,노외 주차장,1,시간제 주차장,02-2247-9664~6,0,미연계중,42,Y,유료,N,야간 미개방,0000,2400,0000,2400,0000,2400,2025-10-15 14:52,N,무료,N,무료,,,500,10,500,10,0,0,0,0,,,
3145739,용강노상공영주차장(구),마포구 용강동 45-15,NS,노상 주차장,1,시간제 주차장,,0,미연계중,1,Y,유료,N,야간 미개방,1200,2200,0000,0000,0000,0000,2023-07-05 16:44,Y,유료,Y,유료,,1.14401E+12,250,5,250,5,0,0,0,0,,,
3146380,송림 기사식당길 공영주차장(구),광진구 자양동 578-0,NS,노상 주차장,1,시간제 주차장,,0,미연계중,1,Y,유료,N,야간 미개방,0900,1800,0900,1500,0000,2400,2023-12-25 16:58,N,무료,N,무료,100000,1.12151E+12,300,5,0,0,0,0,0,0,0,,
3146823,색동공원 공영주차장(구),강북구 수유동 49-7,NW,노외 주차장,1,시간제 주차장,02-985-3492,0,미연계중,80,Y,유료,N,야간 미개방,0000,2400,0000,2400,0000,2400,2026-04-08 17:20,N,무료,N,무료,100000,,200,5,200,5,0,0,0,0,,,
3147209,대현산배수지 주차장(구),성동구 금호동1가 103-0,NW,노외 주차장,1,시간제 주차장,,0,미연계중,5,Y,유료,N,야간 미개방,0000,2400,0000,2400,0000,2400,2023-07-24 17:33,N,무료,N,무료,,,150,5,,,0,0,0,0,,,
3149092,남성역공영주차장(구),동작구 사당동 318-12,NW,노외 주차장,1,시간제 주차장,,1,현재~20분이내 연계데이터 존재(현재 주차대수 표현),80,Y,유료,N,야간 미개방,0000,2400,0000,2400,0000,2400,2025-03-25 16:04,N,무료,N,무료,,,175,5,175,5,0,0,0,0,,,
3152051,송림기사식당길A 노상공영주차장(구),광진구 자양동 794-7 ,NS,노상 주차장,1,시간제 주차장,,0,미연계중,1,Y,유료,N,야간 미개방,0900,1800,0900,1500,0000,2400,2023-12-25 17:27,N,무료,N,무료,100000,1.12151E+12,300,5,0,0,0,0,0,0,0,,
3152733,석계역 공영주차장(구),노원구 월계동 60-1,NW,노외 주차장,1,시간제 주차장,02-942-8882,0,미연계중,29,Y,유료,N,야간 미개방,0900,1900,0900,1800,0000,0000,2026-04-01 15:35,N,무료,Y,유료,,,260,5,,,0,0,0,0,,,
3154932,누리 공영주차장(구),양천구 신정동 323-13,NW,노외 주차장,1,시간제 주차장,,1,현재~20분이내 연계데이터 존재(현재 주차대수 표현),19,Y,유료,N,야간 미개방,0900,1900,0900,1900,0000,0000,2023-10-13 15:18,N,무료,Y,유료,70000,,150,5,,,0,0,0,0,,,
3155041,망원노상공영주차장(구),마포구 망원동 397-6,NS,노상 주차장,1,시간제 주차장,,0,미연계중,1,Y,유료,N,야간 미개방,1000,2000,1000,2000,1000,2000,2023-07-05 16:39,N,무료,N,무료,,1.14401E+12,150,5,150,5,0,0,0,0,,,
3156006,외대역주차빌딩 공영(구),동대문구 이문동 306-14,NW,노외 주차장,1,시간제 주차장,,0,미연계중,84,Y,유료,N,야간 미개방,0000,2400,0000,2400,0000,2400,2023-07-06 16:40,N,무료,N,무료,170000,,500,10,500,10,0,0,0,0,,,
3156969,어울림 공영주차장(구),양천구 신정동 318-2,NW,노외 주차장,1,시간제 주차장,,1,현재~20분이내 연계데이터 존재(현재 주차대수 표현),32,Y,유료,N,야간 미개방,0900,1900,0900,1900,0000,0000,2023-06-28 16:01,N,무료,Y,유료,100000,,150,5,0,0,0,0,0,0,0,,
3158499,서울식물원 제2주차장(구),강서구 마곡동 20-3,NW,노외 주차장,1,시간제 주차장,02-2065-1575,0,미연계중,202,Y,유료,N,야간 미개방,0000,2400,0000,2400,0000,2400,2023-06-23 10:56,N,무료,N,무료,50000,,100,5,,,0,0,0,0,,,
3166730,마을공원 공영주차장(구),성북구 장위동 77-79,NW,노외 주차장,1,시간제 주차장,02-6925-0023,0,미연계중,98,Y,유료,N,야간 미개방,0000,2400,0000,2400,0000,2400,2025-06-13 14:58,N,무료,N,무료,96000,,150,5,150,5,0,0,0,0,10000,,
3166748,구산동 마을공원 지하 공동주차장(구),은평구 구산동 340-1,NW,노외 주차장,1,시간제 주차장,02-350-5183,0,미연계중,37,Y,유료,N,야간 미개방,0000,2400,0000,2400,0000,2400,2025-06-19 18:42,N,무료,N,무료,70000,,100,5,100,5,0,0,0,0,,,
3168979,용마폭포공원공영주차장(구),중랑구 면목동 1-4,NW,노외 주차장,1,시간제 주차장,,1,현재~20분이내 연계데이터 존재(현재 주차대수 표현),119,Y,유료,N,야간 미개방,0000,2400,0000,2400,0000,2400,2025-03-21 15:26,N,무료,N,무료,70000,,100,5,,,0,0,0,0,,,
3170705,상왕십리동12-49 노상주차장(구),성동구 상왕십리동 12-49 ,NS,노상 주차장,1,시간제 주차장,,0,미연계중,1,Y,유료,N,야간 미개방,0900,1900,0900,1500,0000,2400,2023-07-24 9:38,N,무료,N,무료,,1.12001E+12,250,5,250,5,,,,,,,
3170708,상왕십리동 12-46 노상주차장(구),성동구 상왕십리동 12-46 ,NS,노상 주차장,1,시간제 주차장,,0,미연계중,1,Y,유료,N,야간 미개방,0900,1900,0900,1500,0000,2400,2023-07-24 10:03,N,무료,N,무료,,1.12001E+12,250,5,250,5,,,,,,,
3172063,봉화산역 공영주차장(구),중랑구 신내동 640-0,NW,노외 주차장,1,시간제 주차장,,1,현재~20분이내 연계데이터 존재(현재 주차대수 표현),100,Y,유료,N,야간 미개방,0000,2400,0000,2400,0000,2400,2025-03-21 16:49,N,무료,N,무료,,,50,5,50,5,0,0,0,0,,,
3172084,명륜1가공영주차장(구),종로구 명륜1가 5-14,NW,노외 주차장,3,시간제 + 거주자 주차장,02-6048-1234,0,미연계중,50,Y,유료,N,야간 미개방,0000,2400,0000,2400,0000,2400,2024-01-07 14:32,N,무료,N,무료,,,300,5,300,5,0,0,0,0,0,,
3172296,논현 제2호 공영노외주차장(구),강남구 논현동 127-14,NW,노외 주차장,1,시간제 주차장,02-3423-6403,1,현재~20분이내 연계데이터 존재(현재 주차대수 표현),78,Y,유료,N,야간 미개방,0000,2400,0000,2400,0000,2400,2025-06-26 17:19,N,무료,N,무료,280000,,400,5,400,5,0,0,0,0,,,
3174612,충현동 제2공영주차장(구),서대문구 북아현동 3-5,NW,노외 주차장,3,시간제 + 거주자 주차장,,0,미연계중,38,Y,유료,N,야간 미개방,0800,2000,0800,2000,0800,2000,2025-07-18 18:20,N,무료,N,무료,0,,150,5,150,5,0,0,0,0,20000,,
3175423,전통시장주차장(영등포동제1)(구),영등포구 영등포동2가 230-0,NW,노외 주차장,1,시간제 주차장,02-2671-1787,0,미연계중,34,Y,유료,N,야간 미개방,0000,2400,0000,2400,0000,2400,2023-06-30 16:21,N,무료,N,무료,140000,,150,5,150,5,0,0,0,0,0,,
3177208,남성사계시장공영주차장(구),동작구 사당동 139-67,NW,노외 주차장,1,시간제 주차장,,1,현재~20분이내 연계데이터 존재(현재 주차대수 표현),18,Y,유료,N,야간 미개방,0000,2400,0000,2400,0000,2400,2025-03-19 16:52,N,무료,N,무료,,,300,5,300,5,0,0,0,0,,,
3181032,충현동 제1공영주차장(구),서대문구 충정로2가 78-13,NW,노외 주차장,3,시간제 + 거주자 주차장,02-360-8542~3,0,미연계중,20,Y,유료,N,야간 미개방,0800,2000,0800,2000,0800,2000,2025-07-18 18:19,N,무료,N,무료,0,,150,5,150,5,0,0,0,0,0,,
3181539,중곡복개천 공영주차장(구),광진구 중곡동 150-173 ,NS,노상 주차장,1,시간제 주차장,,0,미연계중,1,Y,유료,N,야간 미개방,0900,1800,0900,1500,0000,2400,2023-12-25 18:01,N,무료,N,무료,100000,1.12151E+12,300,5,,,,,,,,,
3181822,중곡복개천 공영주차장(B)(구),광진구 중곡동 340-2 ,NS,노상 주차장,1,시간제 주차장,,0,미연계중,1,Y,유료,N,야간 미개방,0900,1800,0900,1500,0000,2400,2023-12-25 17:56,N,무료,N,무료,100000,1.12151E+12,300,5,0,0,0,0,0,0,0,,
3182694,매헌시민의숲(매헌)역 공영주차장(구),서초구 양재동 237-2,NW,노외 주차장,1,시간제 주차장,02-1599-3272,1,현재~20분이내 연계데이터 존재(현재 주차대수 표현),46,Y,유료,N,야간 미개방,0000,2400,0000,2400,0000,2400,2026-06-12 18:10,N,무료,N,무료,180000,,250,5,250,5,0,0,0,0,10000,,
3187200,반포천 공영주차장(파미에)(시),서초구 반포동 118-3,NW,노외 주차장,1,시간제 주차장,02-6282-0550,1,현재~20분이내 연계데이터 존재(현재 주차대수 표현),1186,Y,유료,N,야간 미개방,0000,2400,0000,2400,0000,2400,2026-04-07 11:43,N,무료,N,무료,168000,,550,5,550,5,0,0,0,0,,37.504517,127.007933
3189184,면목5동공영주차장(구),중랑구 면목동 162-22,NW,노외 주차장,1,시간제 주차장,02-432-4174,1,현재~20분이내 연계데이터 존재(현재 주차대수 표현),67,Y,유료,N,야간 미개방,0000,2400,0000,2400,0000,2400,2025-03-21 13:57,N,무료,N,무료,50000,,100,5,100,5,0,0,0,0,0,,
3190035,유진상가/인왕시장 앞(구),서대문구 홍제동 294-5,NS,노상 주차장,1,시간제 주차장,,0,미연계중,1,Y,유료,N,야간 미개방,1000,1700,1000,1500,0000,0000,2023-07-05 16:43,N,무료,Y,유료,,1.14101E+12,250,5,250,5,0,0,0,0,,,
3193340,창3동 1공영주차장(구),도봉구 창동 504-21,NW,노외 주차장,3,시간제 + 거주자 주차장,02-901-5100,0,미연계중,80,Y,유료,N,야간 미개방,0000,2400,0000,2400,0000,2400,2023-06-13 15:05,N,무료,N,무료,50000,,100,5,100,5,0,0,0,0,0,,
3194876,월드컵시장노상공영주차장(구),마포구 망원동 494-0,NS,노상 주차장,1,시간제 주차장,,0,미연계중,1,Y,유료,N,야간 미개방,1000,2000,1000,2000,1000,2000,2023-07-13 17:36,N,무료,N,무료,,1.14401E+12,250,5,250,5,0,0,0,0,,,
3195076,여의도호텔(舊세우빌딩)앞(구),영등포구 여의도동 1-2 ,NS,노상 주차장,1,시간제 주차장,,0,미연계중,1,Y,유료,N,야간 미개방,0900,1900,0900,1500,0000,0000,2023-07-20 10:31,N,무료,Y,유료,200000,1.15601E+12,500,5,500,5,,,,,,,
3197486,용강노상공영주차장(구),마포구 용강동 50-13 ,NS,노상 주차장,1,시간제 주차장,,0,미연계중,1,Y,유료,N,야간 미개방,1200,2200,0000,0000,0000,0000,2023-07-05 18:28,Y,유료,Y,유료,0,1.14401E+12,250,5,250,5,0,0,0,0,0,,
3198558,망원노상공영주차장(구),마포구 망원동 457-4,NS,노상 주차장,1,시간제 주차장,,0,미연계중,1,Y,유료,N,야간 미개방,1000,2000,1000,2000,1000,2000,2023-07-05 16:32,N,무료,N,무료,0,1.14401E+12,150,5,150,5,0,0,0,0,0,,
3199031,망원시장노상공영주차장(구),마포구 망원동 486-1,NS,노상 주차장,1,시간제 주차장,,0,미연계중,1,Y,유료,N,야간 미개방,1000,2000,1000,2000,1000,2000,2023-07-13 17:53,N,무료,N,무료,,1.14401E+12,250,5,250,5,0,0,0,0,,,
3199580,초안산 창골주차장(구),도봉구 창동 677-0,NW,노외 주차장,3,시간제 + 거주자 주차장,02-901-5100,0,미연계중,71,Y,유료,N,야간 미개방,0000,2400,0000,2400,0000,2400,2024-01-17 11:15,N,무료,N,무료,50000,,100,5,100,5,0,0,0,0,,,
3204436,거주자우선주차장(구),중구 신당동 432-60,NW,노외 주차장,1,시간제 주차장,,0,미연계중,3,Y,유료,N,야간 미개방,0000,2400,0000,2400,0000,2400,2023-09-15 11:07,N,무료,N,무료,0,,2000,30,1000,10,0,0,0,0,20000,,
3204439,서소문올리브타워옆 공영주차장(구),중구 서소문동 137-0,NW,노외 주차장,1,시간제 주차장,,0,미연계중,16,Y,유료,N,야간 미개방,0900,2000,0900,1600,0000,0000,2023-09-15 11:07,N,무료,Y,유료,0,,500,5,500,5,0,0,0,0,0,,
3204496,중구종합복지센터 공영주차장(구),중구 신당동 160-2,NW,노외 주차장,1,시간제 주차장,02-2256-7158,0,미연계중,68,Y,유료,N,야간 미개방,0800,2200,0900,1800,,,2023-09-15 11:07,N,무료,Y,유료,,,300,5,300,5,0,0,0,0,0,,
3204497,성동고등학교 공영주차장(구),중구 신당동 161-0,NW,노외 주차장,1,시간제 주차장,02-2280-8360,1,현재~20분이내 연계데이터 존재(현재 주차대수 표현),100,Y,유료,N,야간 미개방,0000,2400,0000,2400,0000,2400,2025-07-02 9:54,N,무료,N,무료,140000,,200,5,200,5,0,0,0,0,0,,
3204501,문화공영주차장(구),중구 신당동 425-1,NW,노외 주차장,3,시간제 + 거주자 주차장,02-2280-8360,0,미연계중,31,Y,유료,N,야간 미개방,0800,2200,0900,1800,,,2023-07-25 9:57,N,무료,N,무료,140000,,200,5,200,5,0,0,0,0,0,,
3210855,신창 공영주차장(구),용산구 신창동 53-1,NW,노외 주차장,1,시간제 주차장,02-707-3190,1,현재~20분이내 연계데이터 존재(현재 주차대수 표현),108,Y,유료,N,야간 미개방,0000,2400,0000,2400,0000,2400,2025-07-18 16:22,N,무료,N,무료,140000,,150,5,150,5,0,0,0,0,0,,
3210859,용산구 이태원동 258-29(구),용산구 이태원동 258-29,NW,노외 주차장,1,시간제 주차장,,0,미연계중,30,Y,유료,N,야간 미개방,0900,2400,0900,2400,0900,2400,2023-07-17 14:33,N,무료,N,무료,,,150,5,150,5,0,0,0,0,,,
3210869,서계동 공영주차장(구),용산구 서계동 276-5,NW,노외 주차장,1,시간제 주차장,02-707-3190,1,현재~20분이내 연계데이터 존재(현재 주차대수 표현),31,Y,유료,N,야간 미개방,0000,2400,0000,2400,0000,2400,2025-07-18 16:22,N,무료,N,무료,140000,,150,5,150,5,0,0,0,0,,,
3210875,용산구 한강로2가 2-28(구),용산구 한강로2가 2-28,NW,노외 주차장,1,시간제 주차장,,0,미연계중,14,Y,유료,N,야간 미개방,0900,1900,0900,1500,0000,0000,2023-07-17 15:09,N,무료,Y,유료,,,250,10,,,0,0,0,0,,,
3210879,청파동청사 공영주차장(구),용산구 청파동2가 91-1,NW,노외 주차장,1,시간제 주차장,02-707-3190,2,20~120분이내 연계데이터 존재(정보수집중),34,Y,유료,N,야간 미개방,0000,2400,0000,2400,0000,2400,2025-07-18 16:23,N,무료,N,무료,98000,,150,5,150,5,0,0,0,0,0,,
3210884,용산전자상가4 공영주차장(구),용산구 원효로3가 51-5,NW,노외 주차장,1,시간제 주차장,02-707-3190,1,현재~20분이내 연계데이터 존재(현재 주차대수 표현),114,Y,유료,N,야간 미개방,0800,2200,0800,2200,0800,2200,2025-07-18 16:21,N,무료,N,무료,130000,,250,5,250,5,0,0,0,0,21000,,
3210899,용산동2가동 기계식 공영주차장(구),용산구 용산동2가 47-2,NW,노외 주차장,1,시간제 주차장,070-4906-2291,0,미연계중,54,Y,유료,N,야간 미개방,0000,2400,0000,2400,0000,2400,2025-06-11 19:14,N,무료,N,무료,180000,,250,5,250,5,0,0,0,0,,,
3210900,용산전자상가5 공영주차장(구),용산구 용산동3가 2-1,NW,노외 주차장,1,시간제 주차장,02-707-3190,1,현재~20분이내 연계데이터 존재(현재 주차대수 표현),42,Y,유료,N,야간 미개방,0800,2200,0800,2200,0800,2200,2025-07-18 16:21,N,무료,N,무료,130000,,250,5,250,5,0,0,0,0,21000,,
3210901,용산전자상가2 공영주차장(구),용산구 한강로3가 14-1,NW,노외 주차장,1,시간제 주차장,02-707-3190,1,현재~20분이내 연계데이터 존재(현재 주차대수 표현),196,Y,유료,N,야간 미개방,0800,2200,0800,2200,0800,2200,2025-07-18 16:20,N,무료,N,무료,130000,,250,5,250,5,0,0,0,0,21000,,
3210903,용산2가 소월 공영주차장(구),용산구 용산동2가 11-0,NW,노외 주차장,1,시간제 주차장,02-707-3190,1,현재~20분이내 연계데이터 존재(현재 주차대수 표현),60,Y,유료,N,야간 미개방,0000,2400,0000,2400,0000,2400,2025-07-18 16:21,N,무료,N,무료,140000,,150,5,150,5,0,0,0,0,0,,
3210904,용산전자상가1 공영주차장(구),용산구 용산동3가 12-0,NW,노외 주차장,1,시간제 주차장,02-707-3190,1,현재~20분이내 연계데이터 존재(현재 주차대수 표현),202,Y,유료,N,야간 미개방,0800,2200,0800,2200,0800,2200,2025-07-18 16:20,N,무료,N,무료,130000,,250,5,250,5,0,0,0,0,21000,,
3210905,용산전자상가3 공영주차장(구),용산구 한강로3가 19-2,NW,노외 주차장,1,시간제 주차장,02-707-3190,1,현재~20분이내 연계데이터 존재(현재 주차대수 표현),167,Y,유료,N,야간 미개방,0800,2200,0800,2200,0800,2200,2025-07-18 16:17,N,무료,N,무료,130000,,250,5,250,5,0,0,0,0,21000,,
3214533,서신초교 지하 공영주차장(구),은평구 신사동 194-0,NW,노외 주차장,3,시간제 + 거주자 주차장,02-350-5183,0,미연계중,37,Y,유료,N,야간 미개방,0000,2400,0000,2400,0000,2400,2025-06-19 18:32,N,무료,N,무료,70000,,100,5,100,5,0,0,0,0,0,,
3215836,무계원 공영주차장(구),종로구 부암동 328-2,NW,노외 주차장,3,시간제 + 거주자 주차장,,0,미연계중,22,Y,유료,N,야간 미개방,0000,2400,0000,2400,0000,2400,2025-07-18 11:00,N,무료,N,무료,,,300,5,,,0,0,0,0,,,
3215845,방통대 공영주차장(구),종로구 동숭동 169-1,NW,노외 주차장,3,시간제 + 거주자 주차장,,0,미연계중,100,Y,유료,N,야간 미개방,0000,2400,0000,2400,0000,2400,2025-07-18 17:25,N,무료,N,무료,0,,400,5,400,5,0,0,0,0,0,,
3215846,창삼 공영주차장(구),종로구 창신동 23-346,NW,노외 주차장,3,시간제 + 거주자 주차장,,0,미연계중,21,Y,유료,N,야간 미개방,0000,2400,0000,2400,0000,2400,2025-07-18 17:17,N,무료,N,무료,,,200,5,200,5,0,0,0,0,,,
3215848,낙산 공영주차장(구),종로구 창신동 23-343,NW,노외 주차장,3,시간제 + 거주자 주차장,02-6048-1234,0,미연계중,50,Y,유료,N,야간 미개방,0000,2400,0000,2400,0000,2400,2025-07-18 13:26,N,무료,N,무료,,,200,5,200,5,0,0,0,0,,,
3215850,창일 공영주차장(구),종로구 창신동 82-0,NW,노외 주차장,3,시간제 + 거주자 주차장,,0,미연계중,85,Y,유료,N,야간 미개방,0000,2400,0000,2400,0000,2400,2025-07-18 17:20,N,무료,N,무료,0,,300,5,300,5,0,0,0,0,0,,
3215852,동묘 공영주차장(구),종로구 숭인동 227-8,NW,노외 주차장,3,시간제 + 거주자 주차장,,0,미연계중,23,Y,유료,N,야간 미개방,0000,2400,0000,2400,0000,2400,2025-07-18 13:22,N,무료,N,무료,,,500,5,500,5,0,0,0,0,,,
3218399,서호2(구),송파구 잠실동 47-0*,NW,노외 주차장,1,시간제 주차장,02-431-0166,0,미연계중,18,Y,유료,N,야간 미개방,0000,2400,0000,2400,0000,2400,2024-03-21 15:52,N,무료,N,무료,,,500,5,500,5,0,0,0,0,,,
3235715,21-37(구),송파구 잠실동 348-0,NW,노외 주차장,1,시간제 주차장,,0,미연계중,13,N,무료,N,야간 미개방,0000,0000,0000,0000,0000,0000,2025-06-18 9:29,Y,유료,Y,유료,,,,,,,0,0,0,0,,,
3238629,서호1(구),송파구 잠실동 42-0,NW,노외 주차장,1,시간제 주차장,02-431-0166,0,미연계중,15,Y,유료,N,야간 미개방,0000,2400,0000,2400,0000,2400,2024-03-21 15:45,N,무료,N,무료,,,500,5,500,5,0,0,0,0,,,
3239010,천마(건축물식)(구),송파구 마천동 1-5,NW,노외 주차장,1,시간제 주차장,02-431-0166,0,미연계중,141,Y,유료,N,야간 미개방,0000,2400,0000,2400,0000,2400,2024-03-21 14:50,N,무료,N,무료,60000,,50,5,50,5,0,0,0,0,,,
3245950,이화 공영주차장(구),종로구 이화동 13-2,NW,노외 주차장,3,시간제 + 거주자 주차장,,0,미연계중,100,Y,유료,N,야간 미개방,0000,2400,0000,2400,0000,2400,2025-07-18 17:23,N,무료,N,무료,,,500,5,500,5,0,0,0,0,,,
3246348,역삼문화공원제1호공영주차장(구),강남구 역삼동 635-1,NW,노외 주차장,1,시간제 주차장,02-3423-6403,0,미연계중,247,Y,유료,N,야간 미개방,0000,2400,0000,2400,0000,2400,2023-11-21 13:25,N,무료,N,무료,180000,,300,5,300,5,0,0,0,0,,,
3246381,창동 쌍리단길 상점가 공영주차장(구),도봉구 창동 657-125,NW,노외 주차장,1,시간제 주차장,029015100,0,미연계중,6,Y,유료,N,야간 미개방,0000,0000,0000,0000,0000,0000,2024-01-17 11:21,Y,유료,Y,유료,,,100,5,,,0,0,0,0,,,
3246543,숭인 공영주차장(구),종로구 숭인동 57-18,NW,노외 주차장,3,시간제 + 거주자 주차장,,0,미연계중,119,Y,유료,N,야간 미개방,0000,2400,0000,2400,0000,2400,2025-07-18 10:56,N,무료,N,무료,0,,300,5,300,5,0,0,0,0,0,,
3246676,서울암사동유적 주차장(구),강동구 암사동 139-2,NW,노외 주차장,1,시간제 주차장,,0,미연계중,108,Y,유료,N,야간 미개방,0900,1800,0900,1800,0900,1800,2025-06-13 18:03,N,무료,N,무료,,,1000,540,1000,540,0,0,0,0,,,
3246749,독산2동마을공원 공영주차장(구),금천구 독산동 1056-5,NW,노외 주차장,1,시간제 주차장,02-809-8573,0,미연계중,103,Y,유료,N,야간 미개방,0000,2400,0000,2400,0000,2400,2024-05-08 14:13,N,무료,N,무료,50000,,65,5,65,5,0,0,0,0,,,
3246959,중곡1동 공영주차장(시),광진구 중곡동 230-12,NW,노외 주차장,1,시간제 주차장,02-3405-4530,1,현재~20분이내 연계데이터 존재(현재 주차대수 표현),130,Y,유료,N,야간 미개방,0000,2400,0000,2400,0000,2400,2026-04-07 11:53,N,무료,N,무료,144000,,200,5,200,5,0,0,0,0,,37.5645259,127.0807859
3247008,삼전근린공원 공영주차장(구),송파구 삼전동 62-1,NW,노외 주차장,1,시간제 주차장,02-431-0166,1,현재~20분이내 연계데이터 존재(현재 주차대수 표현),166,Y,유료,N,야간 미개방,0000,2400,0000,2400,0000,2400,2024-12-12 16:40,N,무료,N,무료,140000,,150,5,150,5,0,0,0,0,,,
3247089,마장축산물시장 북문(평면) 임시공영주차장(구),성동구 마장동 437-0,NW,노외 주차장,1,시간제 주차장,02-2204-7970,0,미연계중,67,Y,유료,N,야간 미개방,0000,2400,0000,2400,0000,2400,2025-02-13 16:19,N,무료,N,무료,30000,,250,5,,,0,0,0,0,,,
3247097,고척근린시장 공영주차장(구),구로구 고척동 253-175,NW,노외 주차장,1,시간제 주차장,02-839-4875,0,미연계중,20,Y,유료,N,야간 미개방,0000,2400,0000,2400,0000,2400,2025-02-19 20:46,N,무료,N,무료,60000,,100,5,100,5,0,0,0,0,,,
3247098,구로미래도서관 공영주차장(구),구로구 구로동 1-4,NW,노외 주차장,3,시간제 + 거주자 주차장,02-839-4875,0,미연계중,52,Y,유료,N,야간 미개방,0000,2400,0000,2400,0000,2400,2026-04-10 16:23,N,무료,N,무료,140000,,150,30,150,5,0,0,0,0,,,
3247099,구로2동 소공원 공영주차장(구),구로구 구로동 454-1,NW,노외 주차장,1,시간제 주차장,02-839-4875,0,미연계중,104,Y,유료,N,야간 미개방,0000,2400,0000,2400,0000,2400,2026-04-10 16:16,N,무료,N,무료,,,150,5,150,5,0,0,0,0,,,
3247143,남현소공원 공영주차장(구),관악구 남현동 1063-1,NW,노외 주차장,3,시간제 + 거주자 주차장,02-2081-2600,0,미연계중,97,Y,유료,N,야간 미개방,0000,2400,0000,2400,0000,2400,2026-03-30 17:06,N,무료,N,무료,,,400,5,400,5,0,0,0,0,,,
3247175,삼선동 공영주차장(구),성북구 삼선동1가 278-5,NW,노외 주차장,1,시간제 주차장,02-6925-0023,0,미연계중,133,Y,유료,N,야간 미개방,0000,2400,0000,2400,0000,2400,2025-05-21 18:29,N,무료,N,무료,84000,,150,5,150,5,0,0,0,0,,,
3247176,석관동 공영주차장(구),성북구 석관동 332-165,NW,노외 주차장,1,시간제 주차장,02-6925-0023,0,미연계중,77,Y,유료,N,야간 미개방,0000,2400,0000,2400,0000,2400,2025-03-18 16:08,N,무료,N,무료,90000,,150,5,150,5,0,0,0,0,,,
3247178,성북동길 공영주차장(구),성북구 성북동 237-3,NW,노외 주차장,1,시간제 주차장,02-6925-0023,0,미연계중,26,Y,유료,N,야간 미개방,0000,2400,0000,2400,0000,2400,2025-05-19 10:57,N,무료,N,무료,,,150,5,150,5,0,0,0,0,,,
3247179,성북동길(임시) 공영주차장(구),성북구 성북동 256-2,NW,노외 주차장,1,시간제 주차장,02-6925-0023,0,미연계중,11,Y,유료,N,야간 미개방,0000,2400,0000,2400,0000,2400,2025-03-18 16:28,N,무료,N,무료,120000,,150,5,150,5,0,0,0,0,,,
3247186,노량진역공영주차장(구),동작구 노량진동 60-12,NW,노외 주차장,1,시간제 주차장,,1,현재~20분이내 연계데이터 존재(현재 주차대수 표현),13,Y,유료,N,야간 미개방,0000,2400,0000,2400,0000,2400,2025-03-25 16:24,N,무료,N,무료,,,100,5,100,5,0,0,0,0,,,
3247187,봉수대공원 공영주차장(구),중랑구 상봉동 12-2,NW,노외 주차장,1,시간제 주차장,,1,현재~20분이내 연계데이터 존재(현재 주차대수 표현),31,Y,유료,N,야간 미개방,0000,2400,0000,2400,0000,2400,2025-03-21 15:22,N,무료,N,무료,,,100,5,100,5,0,0,0,0,,,
3247188,망우3동공영주차장(구),중랑구 망우동 529-2,NW,노외 주차장,1,시간제 주차장,,1,현재~20분이내 연계데이터 존재(현재 주차대수 표현),55,Y,유료,N,야간 미개방,0000,2400,0000,2400,0000,2400,2025-03-21 16:44,N,무료,N,무료,,,100,5,100,5,0,0,0,0,,,
3247189,망우역사문화공원 제1공영주차장(구),중랑구 망우동 57-1,NW,노외 주차장,1,시간제 주차장,,1,현재~20분이내 연계데이터 존재(현재 주차대수 표현),28,Y,유료,N,야간 미개방,0000,2400,0000,2400,0000,2400,2025-03-21 16:57,N,무료,N,무료,,,50,5,50,5,0,0,0,0,,,
3247191,망우역사문화공원 제2공영주차장(구),중랑구 망우동 52-2,NW,노외 주차장,1,시간제 주차장,,1,현재~20분이내 연계데이터 존재(현재 주차대수 표현),37,Y,유료,N,야간 미개방,0000,2400,0000,2400,0000,2400,2025-03-21 17:07,N,무료,N,무료,,,50,5,50,5,0,0,0,0,,,
3247192,망우역사문화공원 제3공영주차장(구),중랑구 망우동 94-1,NW,노외 주차장,1,시간제 주차장,,0,미연계중,56,Y,유료,N,야간 미개방,0000,2400,0000,2400,0000,2400,2025-03-21 17:13,N,무료,N,무료,,,50,5,50,5,0,0,0,0,,,
3247193,중랑캠핑숲 제1공영주차장(구),중랑구 망우동 56-0,NW,노외 주차장,1,시간제 주차장,,1,현재~20분이내 연계데이터 존재(현재 주차대수 표현),45,Y,유료,N,야간 미개방,0000,2400,0000,2400,0000,2400,2025-03-21 17:21,N,무료,N,무료,,,50,5,50,5,0,0,0,0,,,
3247194,중랑캠핑숲 제2공영주차장(구),중랑구 망우동 71-3,NW,노외 주차장,1,시간제 주차장,,1,현재~20분이내 연계데이터 존재(현재 주차대수 표현),45,Y,유료,N,야간 미개방,0000,2400,0000,2400,0000,2400,2025-03-21 17:26,N,무료,N,무료,,,50,5,50,5,0,0,0,0,,,
3247195,면일초등학교 공영주차장(구),중랑구 망우동 440-0,NW,노외 주차장,1,시간제 주차장,,1,현재~20분이내 연계데이터 존재(현재 주차대수 표현),80,Y,유료,N,야간 미개방,0000,2400,0000,2400,0000,2400,2025-03-24 10:08,N,무료,N,무료,,,100,5,100,5,0,0,0,0,,,
3247256,벤처빌딩 공영주차장(구),성북구 장위동 65-154,NW,노외 주차장,1,시간제 주차장,02-6925-0023,0,미연계중,49,Y,유료,N,야간 미개방,0000,2400,0000,2400,0000,2400,2025-05-19 10:50,N,무료,N,무료,90000,,150,5,150,5,0,0,0,0,10000,,
3247266,아현시민 공영주차장(구),마포구 아현동 804-3,NW,노외 주차장,1,시간제 주차장,02-300-5046,1,현재~20분이내 연계데이터 존재(현재 주차대수 표현),133,Y,유료,N,야간 미개방,0000,2400,0000,2400,0000,2400,2025-06-12 17:52,N,무료,N,무료,70000,,200,5,200,5,0,0,0,0,,,
3247267,연남동 공영주차장(구),마포구 연남동 361-9,NW,노외 주차장,1,시간제 주차장,02-300-5046,1,현재~20분이내 연계데이터 존재(현재 주차대수 표현),96,Y,유료,N,야간 미개방,0000,2400,0000,2400,0000,2400,2025-05-27 15:08,N,무료,N,무료,140000,,300,5,300,5,0,0,0,0,,,
3247277,천호2동복합청사(구),강동구 천호동 422-12,NW,노외 주차장,1,시간제 주차장,,0,미연계중,285,Y,유료,N,야간 미개방,0000,2400,0000,2400,0000,2400,2025-06-11 18:23,N,무료,N,무료,100000,,250,5,250,5,0,0,0,0,,,
3247278,삼각지(임시)(구),용산구 한강로1가 231-30,NW,노외 주차장,1,시간제 주차장,02-707-3190,0,미연계중,169,Y,유료,N,야간 미개방,0000,2400,0000,2400,0000,2400,2025-07-24 11:37,N,무료,N,무료,240000,,250,5,250,5,0,0,0,0,,,
3247279,영등포전통시장 공영주차장(구),영등포구 영등포동2가 466-0,NW,노외 주차장,1,시간제 주차장,02-2677-1401,1,현재~20분이내 연계데이터 존재(현재 주차대수 표현),62,Y,유료,N,야간 미개방,0000,2400,0000,2400,0000,2400,2025-06-12 18:15,N,무료,N,무료,,,200,5,200,5,0,0,0,0,,,
3247303,미양 마을마당  공영주차장(구),강북구 미아동 791-1974,NW,노외 주차장,1,시간제 주차장,02-944-3025,0,미연계중,10,Y,유료,N,야간 미개방,0000,2400,0000,2400,0000,2400,2026-04-08 17:18,N,무료,N,무료,144000,,200,5,200,5,0,0,0,0,,,
3247308,논현 제1호 공영노외주차장(구),강남구 논현동 123-11,NW,노외 주차장,1,시간제 주차장,02-3423-6403,1,현재~20분이내 연계데이터 존재(현재 주차대수 표현),85,Y,유료,N,야간 미개방,0000,2400,0000,2400,0000,2400,2025-06-26 17:14,N,무료,N,무료,280000,,400,5,400,5,0,0,0,0,,,
3247309,강남세곡체육공원(구),강남구 세곡동 1-7,NW,노외 주차장,1,시간제 주차장,02-1544-3113,1,현재~20분이내 연계데이터 존재(현재 주차대수 표현),60,Y,유료,N,야간 미개방,0000,2400,0000,2400,0000,2400,2025-06-26 17:42,N,무료,N,무료,,,200,5,200,5,0,0,0,0,,,
3247310,개포4문화센터(구),강남구 개포동 1204-0,NW,노외 주차장,1,시간제 주차장,02-3423-6403,1,현재~20분이내 연계데이터 존재(현재 주차대수 표현),43,Y,유료,N,야간 미개방,0000,2400,0000,2400,0000,2400,2025-06-26 17:45,N,무료,N,무료,120000,,200,5,200,5,0,0,0,0,,,
3247314,삼청제2공영(구),종로구 삼청동 1-12,NW,노외 주차장,3,시간제 + 거주자 주차장,,0,미연계중,27,Y,유료,N,야간 미개방,0000,2400,0000,2400,0000,2400,2025-06-27 19:38,N,무료,N,무료,,,300,5,300,5,0,0,0,0,,,
3247315,방배복개도로 제1지역 (가) 공영주차장(구),서초구 방배동 493-3,NW,노외 주차장,1,시간제 주차장,02-1599-3272,1,현재~20분이내 연계데이터 존재(현재 주차대수 표현),28,Y,유료,N,야간 미개방,0000,2400,0000,2400,0000,2400,2026-06-12 17:43,N,무료,N,무료,,,250,5,250,5,0,0,0,0,,,
3247316,방배복개도로 제2지역 (마) 공영주차장(구),서초구 방배동 493-5,NW,노외 주차장,1,시간제 주차장,02-1599-3272,1,현재~20분이내 연계데이터 존재(현재 주차대수 표현),70,Y,유료,N,야간 미개방,0000,2400,0000,2400,0000,2400,2026-06-12 18:01,N,무료,N,무료,140000,,250,5,250,5,0,0,0,0,,,
3247333,독립문문화공원 공영(구),서대문구 영천동 263-0,NW,노외 주차장,1,시간제 주차장,,0,미연계중,120,Y,유료,N,야간 미개방,0000,2400,0000,2400,0000,2400,2025-07-04 13:23,N,무료,N,무료,,,200,5,200,5,0,0,0,0,,,
3248401,자양4동 전통시장 공영주차장(구),광진구 자양동 43-44,NW,노외 주차장,3,시간제 + 거주자 주차장,02-2049-4540,0,미연계중,70,Y,유료,N,야간 미개방,0000,2400,0000,2400,0000,2400,2025-08-21 16:54,N,무료,N,무료,50000,,200,5,200,5,0,0,0,0,,,
3248438,개봉고가 공영주차장(구),구로구 개봉동 403-10,NW,노외 주차장,1,시간제 주차장,,0,미연계중,20,Y,유료,N,야간 미개방,0000,2400,0000,2400,0000,2400,2026-04-10 16:29,N,무료,N,무료,,,100,5,100,5,0,0,0,0,,,
3248451,개운산공영주차장(구),성북구 안암동5가 1-95,NW,노외 주차장,1,시간제 주차장,02-2241-0723,0,미연계중,26,Y,유료,N,야간 미개방,0000,2400,0000,2400,0000,2400,2025-12-22 13:47,N,무료,N,무료,,,150,5,,,0,0,0,0,10000,,
3248898,내곡동 (임시) 공영주차장(구),서초구 신원동 80-80,NW,노외 주차장,1,시간제 주차장,,1,현재~20분이내 연계데이터 존재(현재 주차대수 표현),80,Y,유료,N,야간 미개방,0000,2400,0000,2400,0000,2400,2026-06-15 17:19,N,무료,N,무료,40000,,100,5,100,5,0,0,0,0,6000,,
3248972,관악초 공영주차장(구),관악구 봉천동 920-0,NW,노외 주차장,3,시간제 + 거주자 주차장,02-2081-2600,0,미연계중,151,Y,유료,N,야간 미개방,0000,2400,0000,2400,0000,2400,2026-03-30 17:07,N,무료,N,무료,,,250,5,,,0,0,0,0,,,
3248973,은천동 공영주차장(구),관악구 봉천동 635-663,NW,노외 주차장,1,시간제 주차장,02-2081-2600,0,미연계중,21,Y,유료,N,야간 미개방,0000,2400,0000,2400,0000,2400,2026-03-30 17:08,N,무료,N,무료,,,150,5,,,0,0,0,0,,,
3248974,모래내공원 공영주차장(구),관악구 봉천동 1613-19,NW,노외 주차장,3,시간제 + 거주자 주차장,02-2081-2600,0,미연계중,72,Y,유료,N,야간 미개방,0000,2400,0000,2400,0000,2400,2026-03-30 17:08,N,무료,N,무료,,,250,5,,,0,0,0,0,,,
3248975,조원동 제1공영주차장(구),관악구 신림동 571-6,NW,노외 주차장,3,시간제 + 거주자 주차장,02-2081-2600,0,미연계중,108,Y,유료,N,야간 미개방,0000,2400,0000,2400,0000,2400,2026-03-30 17:15,N,무료,N,무료,,,250,5,,,0,0,0,0,,,
3248976,신사동 제1공영주차장(구),관악구 신림동 511-1,NW,노외 주차장,3,시간제 + 거주자 주차장,02-2081-2600,0,미연계중,41,Y,유료,N,야간 미개방,0000,2400,0000,2400,0000,2400,2026-03-30 17:24,N,무료,N,무료,,,50,5,,,0,0,0,0,,,
3248977,민방위교육장 공영주차장(구),관악구 신림동 737-0,NW,노외 주차장,3,시간제 + 거주자 주차장,02-2081-2600,0,미연계중,42,Y,유료,N,야간 미개방,0000,2400,0000,2400,0000,2400,2026-03-30 17:29,N,무료,N,무료,,,50,5,,,0,0,0,0,,,
3248978,난곡스마트 공영주차장(구),관악구 신림동 646-172,NW,노외 주차장,3,시간제 + 거주자 주차장,02-2081-2600,0,미연계중,117,Y,유료,N,야간 미개방,0000,2400,0000,2400,0000,2400,2026-03-30 17:32,N,무료,N,무료,,,50,5,,,0,0,0,0,,,
3248979,인헌시장 공영주차장(구),관악구 봉천동 1693-66,NS,노상 주차장,1,시간제 주차장,02-2081-2600,0,미연계중,1,Y,유료,N,야간 미개방,1000,2000,1000,2000,1000,2000,2026-04-29 17:57,N,무료,N,무료,,1.16201E+12,250,5,,,0,0,0,0,,,
3249009,신림동 제3공영주차장(구),관악구 신림동 1439-3,NS,노상 주차장,1,시간제 주차장,02-2081-2600,0,미연계중,1,Y,유료,N,야간 미개방,1000,2000,1000,2000,1000,2000,2026-04-29 18:18,N,무료,N,무료,,1.16201E+12,250,5,,,0,0,0,0,,,
3249046,신원시장 공영주차장(구),관악구 신림동 1587-38,NS,노상 주차장,1,시간제 주차장,02-2081-2600,0,미연계중,1,Y,유료,N,야간 미개방,1000,2000,1000,2000,1000,2000,2026-04-29 18:28,N,무료,N,무료,,1.16201E+12,250,5,,,0,0,0,0,,,
3249069,신사시장 공영주차장(구),관악구 신림동 494-37,NW,노외 주차장,3,시간제 + 거주자 주차장,02-2081-2600,0,미연계중,13,Y,유료,N,야간 미개방,1000,2000,1000,2000,1000,2000,2026-04-24 18:13,N,무료,N,무료,,,150,5,,,0,0,0,0,,,
3249075,방배복개도로 제1지역 (나) 공영주차장(구),서초구 방배동 493-3,NW,노외 주차장,1,시간제 주차장,02-1599-3272,1,현재~20분이내 연계데이터 존재(현재 주차대수 표현),40,Y,유료,N,야간 미개방,0000,2400,0000,2400,0000,2400,2026-06-12 17:47,N,무료,N,무료,,,250,5,250,5,0,0,0,0,,,
3249076,방배복개도로 제1지역 (다) 공영주차장(구),서초구 방배동 493-3,NW,노외 주차장,1,시간제 주차장,02-1599-3272,1,현재~20분이내 연계데이터 존재(현재 주차대수 표현),50,Y,유료,N,야간 미개방,0000,2400,0000,2400,0000,2400,2026-06-12 17:52,N,무료,N,무료,,,250,5,250,5,0,0,0,0,,,
3249077,방배복개도로 제1지역 (라) 공영주차장(구),서초구 방배동 493-3,NW,노외 주차장,1,시간제 주차장,02-1599-3272,1,현재~20분이내 연계데이터 존재(현재 주차대수 표현),6,Y,유료,N,야간 미개방,0000,2400,0000,2400,0000,2400,2026-06-12 17:54,N,무료,N,무료,,,250,5,250,5,0,0,0,0,,,
3249078,방배복개도로 제2지역 (바) 공영주차장(구),서초구 방배동 493-5,NW,노외 주차장,1,시간제 주차장,02-1599-3272,1,현재~20분이내 연계데이터 존재(현재 주차대수 표현),70,Y,유료,N,야간 미개방,0000,2400,0000,2400,0000,2400,2026-06-12 18:16,N,무료,N,무료,140000,,250,5,250,5,0,0,0,0,,,
3249079,방배복개도로 제2지역 (사) 공영주차장(구),서초구 방배동 493-5,NW,노외 주차장,1,시간제 주차장,02-1599-3272,1,현재~20분이내 연계데이터 존재(현재 주차대수 표현),10,Y,유료,N,야간 미개방,0000,2400,0000,2400,0000,2400,2026-06-12 18:17,N,무료,N,무료,140000,,250,5,250,5,0,0,0,0,,,
3249080,반포동 방음언덕형 정기권 공영주차장(구),서초구 반포동 730-0,NW,노외 주차장,1,시간제 주차장,02-1688-1054,1,현재~20분이내 연계데이터 존재(현재 주차대수 표현),13,Y,유료,N,야간 미개방,0000,2400,0000,2400,0000,2400,2026-06-15 18:10,N,무료,N,무료,120000,,150,5,150,5,0,0,0,0,,,
3249081,반포동 방음언덕형 거주자 공영주차장(구),서초구 반포동 730-0,NW,노외 주차장,1,시간제 주차장,02-1688-1054,1,현재~20분이내 연계데이터 존재(현재 주차대수 표현),29,Y,유료,N,야간 미개방,0000,2400,0000,2400,0000,2400,2026-06-15 18:12,N,무료,N,무료,120000,,150,5,150,5,0,0,0,0,,,
3249083,양재 공영주차장(구),서초구 양재동 90-2,NW,노외 주차장,1,시간제 주차장,070-4110-9342,1,현재~20분이내 연계데이터 존재(현재 주차대수 표현),175,Y,유료,N,야간 미개방,0000,2400,0000,2400,0000,2400,2026-06-22 10:07,N,무료,N,무료,120000,,150,5,150,5,0,0,0,0,,,
3249086,전농1동 공영주차장(구),동대문구 전농동 591-92,NW,노외 주차장,3,시간제 + 거주자 주차장,,0,미연계중,88,Y,유료,N,야간 미개방,0000,2400,0000,2400,0000,2400,2026-07-09 15:54,N,무료,N,무료,,,500,10,500,10,0,0,0,0,,,
74588,가오천 노상공영주차장(구),강북구 수유동 181-40,NS,노상 주차장,3,시간제 + 거주자 주차장,,0,미연계중,1,Y,유료,N,야간 미개방,0900,1900,0900,1500,0000,0000,2026-04-08 17:31,N,무료,N,무료,100000,1.13051E+12,200,5,200,5,0,0,0,0,10000,,
75432,아카데미 노상공영(구),강북구 수유동 535-76,NS,노상 주차장,3,시간제 + 거주자 주차장,,0,미연계중,1,Y,유료,N,야간 미개방,0900,1900,0900,1500,0900,1800,2019-06-10 9:54,N,무료,N,무료,100000,1.13051E+12,200,5,200,5,0,0,0,0,10000,,
781512,곰달래 문화복지센터 공영주차장(구),강서구 화곡동 890-0,NW,노외 주차장,1,시간제 주차장,02-2065-1575,0,미연계중,248,Y,유료,N,야간 미개방,0000,2400,0000,2400,0000,2400,2023-07-19 18:05,N,무료,N,무료,80000,,100,5,,,0,0,0,0,5000,,
788447,창천중교 공영주차장(구),마포구 노고산동 33-1,NW,노외 주차장,1,시간제 주차장,02-300-5046,1,현재~20분이내 연계데이터 존재(현재 주차대수 표현),280,Y,유료,N,야간 미개방,0000,2400,0000,2400,0000,2400,2023-06-22 11:11,N,무료,N,무료,80000,,200,5,200,5,0,0,0,0,0,,
790441,도화 공영주차장(구),마포구 도화동 557-0,NW,노외 주차장,1,시간제 주차장,02-300-5046,1,현재~20분이내 연계데이터 존재(현재 주차대수 표현),63,Y,유료,N,야간 미개방,0000,2400,0000,2400,0000,2400,2024-07-23 10:44,N,무료,N,무료,170000,,250,5,250,5,0,0,0,0,,,
79957,빨래골 노상공영(구),강북구 수유동 49-27,NS,노상 주차장,3,시간제 + 거주자 주차장,02-944-3025,0,미연계중,1,Y,유료,N,야간 미개방,0900,1900,0900,1500,0000,0000,2019-06-10 9:54,N,무료,N,무료,100000,1.13051E+12,200,5,200,5,0,0,0,0,10000,,
881056,양천도서관 공영주차장(구),양천구 목동 905-32,NW,노외 주차장,1,시간제 주차장,02-2664-1386,0,미연계중,48,Y,유료,N,야간 미개방,0900,1900,0900,1500,0000,0000,2026-01-05 17:39,N,무료,Y,유료,70000,,150,5,150,5,0,0,0,0,,,
881983,중곡3동공영주차장(구),광진구 중곡동 195-1,NW,노외 주차장,1,시간제 주차장,02-2049-4535,0,미연계중,162,Y,유료,N,야간 미개방,0000,2400,0000,2400,0000,2400,2023-08-18 16:58,N,무료,N,무료,50000,,150,5,150,5,0,0,0,0,72000,,
892053,도화공영주차장(구),동작구 상도동 244-183,NW,노외 주차장,1,시간제 주차장,,1,현재~20분이내 연계데이터 존재(현재 주차대수 표현),58,Y,유료,N,야간 미개방,0000,2400,0000,2400,0000,2400,2025-03-24 15:22,N,무료,N,무료,100000,,150,5,150,5,0,0,0,0,,,
968455,구세군길 공영주차장(무인)(구),강북구 미아동 791-1364,NW,노외 주차장,1,시간제 주차장,02-944-3036,1,현재~20분이내 연계데이터 존재(현재 주차대수 표현),87,Y,유료,N,야간 미개방,0000,2400,0000,2400,0000,2400,2026-04-08 17:12,N,무료,N,무료,60000,,150,5,150,5,0,0,0,0,10000,,
968483,가오리 공영주차장(구),강북구 수유동 349-3,NW,노외 주차장,1,시간제 주차장,02-944-3025,0,미연계중,120,Y,유료,N,야간 미개방,0000,2400,0000,2400,0000,2400,2023-07-19 13:17,N,무료,N,무료,60000,,150,5,150,5,0,0,0,0,10000,,
968494,삼양시장길 공영주차장(구),강북구 미아동 791-1429,NW,노외 주차장,1,시간제 주차장,02-944-3025,0,미연계중,43,Y,유료,N,야간 미개방,0000,2400,0000,2400,0000,2400,2023-07-18 17:56,N,무료,N,무료,60000,,150,5,150,5,0,0,0,0,10000,,
968503,삼양마을공원 지하 공영주차장(구),강북구 미아동 748-2,NW,노외 주차장,1,시간제 주차장,02-944-3047,0,미연계중,95,Y,유료,N,야간 미개방,0000,2400,0000,2400,0000,2400,2026-04-08 17:16,N,무료,N,무료,100000,,200,5,200,5,0,0,0,0,10000,,
984688,구로아트밸리 지하주차장(구),구로구 구로동 102-0,NW,노외 주차장,1,시간제 주차장,,0,미연계중,243,Y,유료,N,야간 미개방,0000,2400,0000,2400,0000,2400,2026-04-10 16:21,N,무료,N,무료,112000,,150,5,150,5,0,0,0,0,0,,
